/*
 *  CMSIS Pack Debug Access Sequence Log
 *  File        : D:\我的工作台\RM2024\Robot_Control\MDK-ARM\Robot_Control_Sequences_0007.log
 *  Created     : 11:14:12 (13/01/2024)
 *  Device      : STM32F103C8
 *  PDSC File   : D:\FileData\Keil5\Keil_ARM\Keil\STM32F1xx_DFP\2.4.1\Keil.STM32F1xx_DFP.pdsc
 *  Config File : D:\我的工作台\RM2024\Robot_Control\MDK-ARM\DebugConfig\Robot_Control_STM32F103C8_1.0.0.dbgconf
 *
 */

[11:14:12.419]  **********  Sequence "DebugDeviceUnlock"  (Context="Connect", Pname="", info="")
[11:14:12.419]  
[11:14:12.419]  <debugvars>
[11:14:12.419]    __protocol=0x00010002   (Protocol="SWD", SWJ-DP="True")
[11:14:12.420]    __connection=0x00000202   (Connection Type="Flash", Reset Type="System Reset")
[11:14:12.420]    __dp=0x00000000
[11:14:12.420]    __ap=0x00000000
[11:14:12.420]    __traceout=0x00000000   (Trace Disabled)
[11:14:12.420]    __errorcontrol=0x00000000   (Skip Errors="False")
[11:14:12.420]    __FlashAddr=0x00000000
[11:14:12.420]    __FlashLen=0x00000000
[11:14:12.420]    __FlashArg=0x00000000
[11:14:12.420]    __FlashOp=0x00000000
[11:14:12.420]    __Result=0x00000000
[11:14:12.420]    DbgMCU_CR=0x00000007
[11:14:12.420]  </debugvars>
[11:14:12.420]  
[11:14:12.420]  <sequence name="DebugDeviceUnlock" Pname="" disable="false" info="">
[11:14:12.420]    <block atomic="false" info="">
[11:14:12.420]      Sequence("CheckID");
[11:14:12.420]        <sequence name="CheckID" Pname="" disable="false" info="">
[11:14:12.420]          <block atomic="false" info="">
[11:14:12.420]            __var pidr1 = 0;
[11:14:12.420]              // -> [pidr1 <= 0x00000000]
[11:14:12.420]            __var pidr2 = 0;
[11:14:12.420]              // -> [pidr2 <= 0x00000000]
[11:14:12.420]            __var jep106id = 0;
[11:14:12.420]              // -> [jep106id <= 0x00000000]
[11:14:12.421]            __var ROMTableBase = 0;
[11:14:12.421]              // -> [ROMTableBase <= 0x00000000]
[11:14:12.421]            __ap = 0;      // AHB-AP
[11:14:12.421]              // -> [__ap <= 0x00000000]
[11:14:12.421]            ROMTableBase = ReadAP(0xF8) & ~0x3;
[11:14:12.423]              // -> [ReadAP(0x000000F8) => 0xE00FF003] (__dp=0, __ap=0)
[11:14:12.423]              // -> [ROMTableBase <= 0xE00FF000]
[11:14:12.423]            pidr1 = Read32(ROMTableBase + 0x0FE4);
[11:14:12.426]              // -> [Read32(0xE00FFFE4) => 0x00000004] (__dp=0, __ap=0)
[11:14:12.426]              // -> [pidr1 <= 0x00000004]
[11:14:12.426]            pidr2 = Read32(ROMTableBase + 0x0FE8);
[11:14:12.429]              // -> [Read32(0xE00FFFE8) => 0x0000000A] (__dp=0, __ap=0)
[11:14:12.429]              // -> [pidr2 <= 0x0000000A]
[11:14:12.429]            jep106id = ((pidr2 & 0x7) << 4 ) | ((pidr1 >> 4) & 0xF);
[11:14:12.429]              // -> [jep106id <= 0x00000020]
[11:14:12.429]          </block>
[11:14:12.429]          <control if="jep106id != 0x20" while="" timeout="0" info="">
[11:14:12.429]            // if-block "jep106id != 0x20"
[11:14:12.429]              // =>  FALSE
[11:14:12.429]            // skip if-block "jep106id != 0x20"
[11:14:12.429]          </control>
[11:14:12.429]        </sequence>
[11:14:12.429]    </block>
[11:14:12.429]  </sequence>
[11:14:12.430]  
[11:14:12.470]  **********  Sequence "DebugCoreStart"  (Context="Connect", Pname="", info="")
[11:14:12.470]  
[11:14:12.470]  <debugvars>
[11:14:12.470]    __protocol=0x00010002   (Protocol="SWD", SWJ-DP="True")
[11:14:12.470]    __connection=0x00000202   (Connection Type="Flash", Reset Type="System Reset")
[11:14:12.470]    __dp=0x00000000
[11:14:12.470]    __ap=0x00000000
[11:14:12.470]    __traceout=0x00000000   (Trace Disabled)
[11:14:12.470]    __errorcontrol=0x00000000   (Skip Errors="False")
[11:14:12.470]    __FlashAddr=0x00000000
[11:14:12.470]    __FlashLen=0x00000000
[11:14:12.471]    __FlashArg=0x00000000
[11:14:12.471]    __FlashOp=0x00000000
[11:14:12.471]    __Result=0x00000000
[11:14:12.471]    DbgMCU_CR=0x00000007
[11:14:12.471]  </debugvars>
[11:14:12.471]  
[11:14:12.471]  <sequence name="DebugCoreStart" Pname="" disable="false" info="">
[11:14:12.471]    <block atomic="false" info="">
[11:14:12.471]      Write32(0xE000EDF0, 0xA05F0001);                                        // Enable Core Debug via DHCSR
[11:14:12.473]        // -> [Write32(0xE000EDF0, 0xA05F0001)] (__dp=0, __ap=0)
[11:14:12.473]      Write32(0xE0042004, DbgMCU_CR);                                         // DBGMCU_CR: Configure MCU Debug
[11:14:12.476]        // -> [Write32(0xE0042004, 0x00000007)] (__dp=0, __ap=0)
[11:14:12.476]    </block>
[11:14:12.476]  </sequence>
[11:14:12.476]  
[11:14:14.154]  **********  Sequence "DebugDeviceUnlock"  (Context="Connect", Pname="", info="")
[11:14:14.154]  
[11:14:14.155]  <debugvars>
[11:14:14.155]    __protocol=0x00010002   (Protocol="SWD", SWJ-DP="True")
[11:14:14.155]    __connection=0x00000201   (Connection Type="Debug", Reset Type="System Reset")
[11:14:14.155]    __dp=0x00000000
[11:14:14.155]    __ap=0x00000000
[11:14:14.155]    __traceout=0x00000000   (Trace Disabled)
[11:14:14.155]    __errorcontrol=0x00000000   (Skip Errors="False")
[11:14:14.156]    __FlashAddr=0x00000000
[11:14:14.156]    __FlashLen=0x00000000
[11:14:14.156]    __FlashArg=0x00000000
[11:14:14.156]    __FlashOp=0x00000000
[11:14:14.156]    __Result=0x00000000
[11:14:14.156]    DbgMCU_CR=0x00000007
[11:14:14.156]  </debugvars>
[11:14:14.156]  
[11:14:14.156]  <sequence name="DebugDeviceUnlock" Pname="" disable="false" info="">
[11:14:14.156]    <block atomic="false" info="">
[11:14:14.156]      Sequence("CheckID");
[11:14:14.156]        <sequence name="CheckID" Pname="" disable="false" info="">
[11:14:14.156]          <block atomic="false" info="">
[11:14:14.156]            __var pidr1 = 0;
[11:14:14.156]              // -> [pidr1 <= 0x00000000]
[11:14:14.156]            __var pidr2 = 0;
[11:14:14.156]              // -> [pidr2 <= 0x00000000]
[11:14:14.156]            __var jep106id = 0;
[11:14:14.156]              // -> [jep106id <= 0x00000000]
[11:14:14.156]            __var ROMTableBase = 0;
[11:14:14.156]              // -> [ROMTableBase <= 0x00000000]
[11:14:14.156]            __ap = 0;      // AHB-AP
[11:14:14.156]              // -> [__ap <= 0x00000000]
[11:14:14.156]            ROMTableBase = ReadAP(0xF8) & ~0x3;
[11:14:14.158]              // -> [ReadAP(0x000000F8) => 0xE00FF003] (__dp=0, __ap=0)
[11:14:14.158]              // -> [ROMTableBase <= 0xE00FF000]
[11:14:14.158]            pidr1 = Read32(ROMTableBase + 0x0FE4);
[11:14:14.162]              // -> [Read32(0xE00FFFE4) => 0x00000004] (__dp=0, __ap=0)
[11:14:14.162]              // -> [pidr1 <= 0x00000004]
[11:14:14.162]            pidr2 = Read32(ROMTableBase + 0x0FE8);
[11:14:14.164]              // -> [Read32(0xE00FFFE8) => 0x0000000A] (__dp=0, __ap=0)
[11:14:14.164]              // -> [pidr2 <= 0x0000000A]
[11:14:14.164]            jep106id = ((pidr2 & 0x7) << 4 ) | ((pidr1 >> 4) & 0xF);
[11:14:14.164]              // -> [jep106id <= 0x00000020]
[11:14:14.166]          </block>
[11:14:14.166]          <control if="jep106id != 0x20" while="" timeout="0" info="">
[11:14:14.166]            // if-block "jep106id != 0x20"
[11:14:14.166]              // =>  FALSE
[11:14:14.166]            // skip if-block "jep106id != 0x20"
[11:14:14.166]          </control>
[11:14:14.166]        </sequence>
[11:14:14.166]    </block>
[11:14:14.166]  </sequence>
[11:14:14.166]  
[11:14:14.206]  **********  Sequence "DebugCoreStart"  (Context="Connect", Pname="", info="")
[11:14:14.206]  
[11:14:14.207]  <debugvars>
[11:14:14.207]    __protocol=0x00010002   (Protocol="SWD", SWJ-DP="True")
[11:14:14.207]    __connection=0x00000201   (Connection Type="Debug", Reset Type="System Reset")
[11:14:14.207]    __dp=0x00000000
[11:14:14.207]    __ap=0x00000000
[11:14:14.207]    __traceout=0x00000000   (Trace Disabled)
[11:14:14.207]    __errorcontrol=0x00000000   (Skip Errors="False")
[11:14:14.207]    __FlashAddr=0x00000000
[11:14:14.207]    __FlashLen=0x00000000
[11:14:14.207]    __FlashArg=0x00000000
[11:14:14.207]    __FlashOp=0x00000000
[11:14:14.207]    __Result=0x00000000
[11:14:14.207]    DbgMCU_CR=0x00000007
[11:14:14.207]  </debugvars>
[11:14:14.207]  
[11:14:14.207]  <sequence name="DebugCoreStart" Pname="" disable="false" info="">
[11:14:14.207]    <block atomic="false" info="">
[11:14:14.207]      Write32(0xE000EDF0, 0xA05F0001);                                        // Enable Core Debug via DHCSR
[11:14:14.210]        // -> [Write32(0xE000EDF0, 0xA05F0001)] (__dp=0, __ap=0)
[11:14:14.210]      Write32(0xE0042004, DbgMCU_CR);                                         // DBGMCU_CR: Configure MCU Debug
[11:14:14.212]        // -> [Write32(0xE0042004, 0x00000007)] (__dp=0, __ap=0)
[11:14:14.212]    </block>
[11:14:14.212]  </sequence>
[11:14:14.212]  
[11:14:41.873]  **********  Sequence "DebugDeviceUnlock"  (Context="Connect", Pname="", info="")
[11:14:41.873]  
[11:14:41.874]  <debugvars>
[11:14:41.874]    __protocol=0x00010002   (Protocol="SWD", SWJ-DP="True")
[11:14:41.874]    __connection=0x00000202   (Connection Type="Flash", Reset Type="System Reset")
[11:14:41.874]    __dp=0x00000000
[11:14:41.874]    __ap=0x00000000
[11:14:41.874]    __traceout=0x00000000   (Trace Disabled)
[11:14:41.874]    __errorcontrol=0x00000000   (Skip Errors="False")
[11:14:41.874]    __FlashAddr=0x00000000
[11:14:41.874]    __FlashLen=0x00000000
[11:14:41.874]    __FlashArg=0x00000000
[11:14:41.874]    __FlashOp=0x00000000
[11:14:41.874]    __Result=0x00000000
[11:14:41.874]    DbgMCU_CR=0x00000007
[11:14:41.874]  </debugvars>
[11:14:41.874]  
[11:14:41.874]  <sequence name="DebugDeviceUnlock" Pname="" disable="false" info="">
[11:14:41.874]    <block atomic="false" info="">
[11:14:41.874]      Sequence("CheckID");
[11:14:41.874]        <sequence name="CheckID" Pname="" disable="false" info="">
[11:14:41.874]          <block atomic="false" info="">
[11:14:41.874]            __var pidr1 = 0;
[11:14:41.874]              // -> [pidr1 <= 0x00000000]
[11:14:41.874]            __var pidr2 = 0;
[11:14:41.874]              // -> [pidr2 <= 0x00000000]
[11:14:41.875]            __var jep106id = 0;
[11:14:41.875]              // -> [jep106id <= 0x00000000]
[11:14:41.875]            __var ROMTableBase = 0;
[11:14:41.875]              // -> [ROMTableBase <= 0x00000000]
[11:14:41.875]            __ap = 0;      // AHB-AP
[11:14:41.875]              // -> [__ap <= 0x00000000]
[11:14:41.875]            ROMTableBase = ReadAP(0xF8) & ~0x3;
[11:14:41.876]              // -> [ReadAP(0x000000F8) => 0xE00FF003] (__dp=0, __ap=0)
[11:14:41.876]              // -> [ROMTableBase <= 0xE00FF000]
[11:14:41.876]            pidr1 = Read32(ROMTableBase + 0x0FE4);
[11:14:41.880]              // -> [Read32(0xE00FFFE4) => 0x00000004] (__dp=0, __ap=0)
[11:14:41.880]              // -> [pidr1 <= 0x00000004]
[11:14:41.880]            pidr2 = Read32(ROMTableBase + 0x0FE8);
[11:14:41.883]              // -> [Read32(0xE00FFFE8) => 0x0000000A] (__dp=0, __ap=0)
[11:14:41.883]              // -> [pidr2 <= 0x0000000A]
[11:14:41.883]            jep106id = ((pidr2 & 0x7) << 4 ) | ((pidr1 >> 4) & 0xF);
[11:14:41.883]              // -> [jep106id <= 0x00000020]
[11:14:41.883]          </block>
[11:14:41.883]          <control if="jep106id != 0x20" while="" timeout="0" info="">
[11:14:41.883]            // if-block "jep106id != 0x20"
[11:14:41.883]              // =>  FALSE
[11:14:41.883]            // skip if-block "jep106id != 0x20"
[11:14:41.883]          </control>
[11:14:41.883]        </sequence>
[11:14:41.883]    </block>
[11:14:41.883]  </sequence>
[11:14:41.883]  
[11:14:41.925]  **********  Sequence "DebugCoreStart"  (Context="Connect", Pname="", info="")
[11:14:41.925]  
[11:14:41.925]  <debugvars>
[11:14:41.925]    __protocol=0x00010002   (Protocol="SWD", SWJ-DP="True")
[11:14:41.925]    __connection=0x00000202   (Connection Type="Flash", Reset Type="System Reset")
[11:14:41.925]    __dp=0x00000000
[11:14:41.925]    __ap=0x00000000
[11:14:41.925]    __traceout=0x00000000   (Trace Disabled)
[11:14:41.925]    __errorcontrol=0x00000000   (Skip Errors="False")
[11:14:41.925]    __FlashAddr=0x00000000
[11:14:41.926]    __FlashLen=0x00000000
[11:14:41.926]    __FlashArg=0x00000000
[11:14:41.926]    __FlashOp=0x00000000
[11:14:41.926]    __Result=0x00000000
[11:14:41.926]    DbgMCU_CR=0x00000007
[11:14:41.926]  </debugvars>
[11:14:41.926]  
[11:14:41.926]  <sequence name="DebugCoreStart" Pname="" disable="false" info="">
[11:14:41.926]    <block atomic="false" info="">
[11:14:41.926]      Write32(0xE000EDF0, 0xA05F0001);                                        // Enable Core Debug via DHCSR
[11:14:41.929]        // -> [Write32(0xE000EDF0, 0xA05F0001)] (__dp=0, __ap=0)
[11:14:41.929]      Write32(0xE0042004, DbgMCU_CR);                                         // DBGMCU_CR: Configure MCU Debug
[11:14:41.931]        // -> [Write32(0xE0042004, 0x00000007)] (__dp=0, __ap=0)
[11:14:41.932]    </block>
[11:14:41.932]  </sequence>
[11:14:41.932]  
[11:14:44.791]  **********  Sequence "DebugDeviceUnlock"  (Context="Connect", Pname="", info="")
[11:14:44.791]  
[11:14:44.792]  <debugvars>
[11:14:44.792]    __protocol=0x00010002   (Protocol="SWD", SWJ-DP="True")
[11:14:44.792]    __connection=0x00000201   (Connection Type="Debug", Reset Type="System Reset")
[11:14:44.792]    __dp=0x00000000
[11:14:44.792]    __ap=0x00000000
[11:14:44.792]    __traceout=0x00000000   (Trace Disabled)
[11:14:44.792]    __errorcontrol=0x00000000   (Skip Errors="False")
[11:14:44.792]    __FlashAddr=0x00000000
[11:14:44.792]    __FlashLen=0x00000000
[11:14:44.792]    __FlashArg=0x00000000
[11:14:44.792]    __FlashOp=0x00000000
[11:14:44.792]    __Result=0x00000000
[11:14:44.792]    DbgMCU_CR=0x00000007
[11:14:44.792]  </debugvars>
[11:14:44.792]  
[11:14:44.792]  <sequence name="DebugDeviceUnlock" Pname="" disable="false" info="">
[11:14:44.792]    <block atomic="false" info="">
[11:14:44.792]      Sequence("CheckID");
[11:14:44.792]        <sequence name="CheckID" Pname="" disable="false" info="">
[11:14:44.792]          <block atomic="false" info="">
[11:14:44.792]            __var pidr1 = 0;
[11:14:44.792]              // -> [pidr1 <= 0x00000000]
[11:14:44.792]            __var pidr2 = 0;
[11:14:44.792]              // -> [pidr2 <= 0x00000000]
[11:14:44.792]            __var jep106id = 0;
[11:14:44.792]              // -> [jep106id <= 0x00000000]
[11:14:44.793]            __var ROMTableBase = 0;
[11:14:44.793]              // -> [ROMTableBase <= 0x00000000]
[11:14:44.793]            __ap = 0;      // AHB-AP
[11:14:44.793]              // -> [__ap <= 0x00000000]
[11:14:44.793]            ROMTableBase = ReadAP(0xF8) & ~0x3;
[11:14:44.794]              // -> [ReadAP(0x000000F8) => 0xE00FF003] (__dp=0, __ap=0)
[11:14:44.794]              // -> [ROMTableBase <= 0xE00FF000]
[11:14:44.794]            pidr1 = Read32(ROMTableBase + 0x0FE4);
[11:14:44.798]              // -> [Read32(0xE00FFFE4) => 0x00000004] (__dp=0, __ap=0)
[11:14:44.798]              // -> [pidr1 <= 0x00000004]
[11:14:44.798]            pidr2 = Read32(ROMTableBase + 0x0FE8);
[11:14:44.801]              // -> [Read32(0xE00FFFE8) => 0x0000000A] (__dp=0, __ap=0)
[11:14:44.801]              // -> [pidr2 <= 0x0000000A]
[11:14:44.801]            jep106id = ((pidr2 & 0x7) << 4 ) | ((pidr1 >> 4) & 0xF);
[11:14:44.801]              // -> [jep106id <= 0x00000020]
[11:14:44.801]          </block>
[11:14:44.801]          <control if="jep106id != 0x20" while="" timeout="0" info="">
[11:14:44.801]            // if-block "jep106id != 0x20"
[11:14:44.801]              // =>  FALSE
[11:14:44.801]            // skip if-block "jep106id != 0x20"
[11:14:44.801]          </control>
[11:14:44.801]        </sequence>
[11:14:44.801]    </block>
[11:14:44.801]  </sequence>
[11:14:44.801]  
[11:14:44.843]  **********  Sequence "DebugCoreStart"  (Context="Connect", Pname="", info="")
[11:14:44.843]  
[11:14:44.843]  <debugvars>
[11:14:44.843]    __protocol=0x00010002   (Protocol="SWD", SWJ-DP="True")
[11:14:44.843]    __connection=0x00000201   (Connection Type="Debug", Reset Type="System Reset")
[11:14:44.843]    __dp=0x00000000
[11:14:44.843]    __ap=0x00000000
[11:14:44.843]    __traceout=0x00000000   (Trace Disabled)
[11:14:44.843]    __errorcontrol=0x00000000   (Skip Errors="False")
[11:14:44.843]    __FlashAddr=0x00000000
[11:14:44.844]    __FlashLen=0x00000000
[11:14:44.844]    __FlashArg=0x00000000
[11:14:44.844]    __FlashOp=0x00000000
[11:14:44.844]    __Result=0x00000000
[11:14:44.844]    DbgMCU_CR=0x00000007
[11:14:44.844]  </debugvars>
[11:14:44.844]  
[11:14:44.844]  <sequence name="DebugCoreStart" Pname="" disable="false" info="">
[11:14:44.844]    <block atomic="false" info="">
[11:14:44.844]      Write32(0xE000EDF0, 0xA05F0001);                                        // Enable Core Debug via DHCSR
[11:14:44.847]        // -> [Write32(0xE000EDF0, 0xA05F0001)] (__dp=0, __ap=0)
[11:14:44.847]      Write32(0xE0042004, DbgMCU_CR);                                         // DBGMCU_CR: Configure MCU Debug
[11:14:44.850]        // -> [Write32(0xE0042004, 0x00000007)] (__dp=0, __ap=0)
[11:14:44.850]    </block>
[11:14:44.850]  </sequence>
[11:14:44.850]  
[11:20:10.320]  **********  Sequence "DebugDeviceUnlock"  (Context="Connect", Pname="", info="")
[11:20:10.320]  
[11:20:10.321]  <debugvars>
[11:20:10.321]    __protocol=0x00010002   (Protocol="SWD", SWJ-DP="True")
[11:20:10.321]    __connection=0x00000202   (Connection Type="Flash", Reset Type="System Reset")
[11:20:10.321]    __dp=0x00000000
[11:20:10.321]    __ap=0x00000000
[11:20:10.321]    __traceout=0x00000000   (Trace Disabled)
[11:20:10.321]    __errorcontrol=0x00000000   (Skip Errors="False")
[11:20:10.321]    __FlashAddr=0x00000000
[11:20:10.321]    __FlashLen=0x00000000
[11:20:10.321]    __FlashArg=0x00000000
[11:20:10.321]    __FlashOp=0x00000000
[11:20:10.321]    __Result=0x00000000
[11:20:10.321]    DbgMCU_CR=0x00000007
[11:20:10.321]  </debugvars>
[11:20:10.321]  
[11:20:10.321]  <sequence name="DebugDeviceUnlock" Pname="" disable="false" info="">
[11:20:10.321]    <block atomic="false" info="">
[11:20:10.321]      Sequence("CheckID");
[11:20:10.321]        <sequence name="CheckID" Pname="" disable="false" info="">
[11:20:10.321]          <block atomic="false" info="">
[11:20:10.321]            __var pidr1 = 0;
[11:20:10.321]              // -> [pidr1 <= 0x00000000]
[11:20:10.321]            __var pidr2 = 0;
[11:20:10.321]              // -> [pidr2 <= 0x00000000]
[11:20:10.321]            __var jep106id = 0;
[11:20:10.321]              // -> [jep106id <= 0x00000000]
[11:20:10.321]            __var ROMTableBase = 0;
[11:20:10.321]              // -> [ROMTableBase <= 0x00000000]
[11:20:10.321]            __ap = 0;      // AHB-AP
[11:20:10.321]              // -> [__ap <= 0x00000000]
[11:20:10.321]            ROMTableBase = ReadAP(0xF8) & ~0x3;
[11:20:10.329]              // -> [ReadAP(0x000000F8) => 0xE00FF003] (__dp=0, __ap=0)
[11:20:10.329]              // -> [ROMTableBase <= 0xE00FF000]
[11:20:10.329]            pidr1 = Read32(ROMTableBase + 0x0FE4);
[11:20:10.337]              // -> [Read32(0xE00FFFE4) => 0x00000004] (__dp=0, __ap=0)
[11:20:10.337]              // -> [pidr1 <= 0x00000004]
[11:20:10.337]            pidr2 = Read32(ROMTableBase + 0x0FE8);
[11:20:10.352]              // -> [Read32(0xE00FFFE8) => 0x0000000A] (__dp=0, __ap=0)
[11:20:10.352]              // -> [pidr2 <= 0x0000000A]
[11:20:10.352]            jep106id = ((pidr2 & 0x7) << 4 ) | ((pidr1 >> 4) & 0xF);
[11:20:10.352]              // -> [jep106id <= 0x00000020]
[11:20:10.352]          </block>
[11:20:10.352]          <control if="jep106id != 0x20" while="" timeout="0" info="">
[11:20:10.352]            // if-block "jep106id != 0x20"
[11:20:10.352]              // =>  FALSE
[11:20:10.352]            // skip if-block "jep106id != 0x20"
[11:20:10.352]          </control>
[11:20:10.352]        </sequence>
[11:20:10.352]    </block>
[11:20:10.352]  </sequence>
[11:20:10.352]  
[11:20:10.403]  **********  Sequence "DebugCoreStart"  (Context="Connect", Pname="", info="")
[11:20:10.403]  
[11:20:10.403]  <debugvars>
[11:20:10.403]    __protocol=0x00010002   (Protocol="SWD", SWJ-DP="True")
[11:20:10.403]    __connection=0x00000202   (Connection Type="Flash", Reset Type="System Reset")
[11:20:10.403]    __dp=0x00000000
[11:20:10.403]    __ap=0x00000000
[11:20:10.403]    __traceout=0x00000000   (Trace Disabled)
[11:20:10.403]    __errorcontrol=0x00000000   (Skip Errors="False")
[11:20:10.403]    __FlashAddr=0x00000000
[11:20:10.403]    __FlashLen=0x00000000
[11:20:10.403]    __FlashArg=0x00000000
[11:20:10.403]    __FlashOp=0x00000000
[11:20:10.403]    __Result=0x00000000
[11:20:10.403]    DbgMCU_CR=0x00000007
[11:20:10.403]  </debugvars>
[11:20:10.403]  
[11:20:10.403]  <sequence name="DebugCoreStart" Pname="" disable="false" info="">
[11:20:10.403]    <block atomic="false" info="">
[11:20:10.403]      Write32(0xE000EDF0, 0xA05F0001);                                        // Enable Core Debug via DHCSR
[11:20:10.406]        // -> [Write32(0xE000EDF0, 0xA05F0001)] (__dp=0, __ap=0)
[11:20:10.406]      Write32(0xE0042004, DbgMCU_CR);                                         // DBGMCU_CR: Configure MCU Debug
[11:20:10.408]        // -> [Write32(0xE0042004, 0x00000007)] (__dp=0, __ap=0)
[11:20:10.408]    </block>
[11:20:10.408]  </sequence>
[11:20:10.408]  
[11:20:15.975]  **********  Sequence "DebugDeviceUnlock"  (Context="Connect", Pname="", info="")
[11:20:15.975]  
[11:20:15.975]  <debugvars>
[11:20:15.976]    __protocol=0x00010002   (Protocol="SWD", SWJ-DP="True")
[11:20:15.976]    __connection=0x00000201   (Connection Type="Debug", Reset Type="System Reset")
[11:20:15.976]    __dp=0x00000000
[11:20:15.976]    __ap=0x00000000
[11:20:15.976]    __traceout=0x00000000   (Trace Disabled)
[11:20:15.976]    __errorcontrol=0x00000000   (Skip Errors="False")
[11:20:15.976]    __FlashAddr=0x00000000
[11:20:15.976]    __FlashLen=0x00000000
[11:20:15.976]    __FlashArg=0x00000000
[11:20:15.976]    __FlashOp=0x00000000
[11:20:15.976]    __Result=0x00000000
[11:20:15.976]    DbgMCU_CR=0x00000007
[11:20:15.976]  </debugvars>
[11:20:15.976]  
[11:20:15.976]  <sequence name="DebugDeviceUnlock" Pname="" disable="false" info="">
[11:20:15.976]    <block atomic="false" info="">
[11:20:15.976]      Sequence("CheckID");
[11:20:15.976]        <sequence name="CheckID" Pname="" disable="false" info="">
[11:20:15.976]          <block atomic="false" info="">
[11:20:15.976]            __var pidr1 = 0;
[11:20:15.977]              // -> [pidr1 <= 0x00000000]
[11:20:15.977]            __var pidr2 = 0;
[11:20:15.977]              // -> [pidr2 <= 0x00000000]
[11:20:15.977]            __var jep106id = 0;
[11:20:15.977]              // -> [jep106id <= 0x00000000]
[11:20:15.977]            __var ROMTableBase = 0;
[11:20:15.977]              // -> [ROMTableBase <= 0x00000000]
[11:20:15.977]            __ap = 0;      // AHB-AP
[11:20:15.977]              // -> [__ap <= 0x00000000]
[11:20:15.977]            ROMTableBase = ReadAP(0xF8) & ~0x3;
[11:20:15.979]              // -> [ReadAP(0x000000F8) => 0xE00FF003] (__dp=0, __ap=0)
[11:20:15.979]              // -> [ROMTableBase <= 0xE00FF000]
[11:20:15.979]            pidr1 = Read32(ROMTableBase + 0x0FE4);
[11:20:15.982]              // -> [Read32(0xE00FFFE4) => 0x00000004] (__dp=0, __ap=0)
[11:20:15.983]              // -> [pidr1 <= 0x00000004]
[11:20:15.983]            pidr2 = Read32(ROMTableBase + 0x0FE8);
[11:20:15.986]              // -> [Read32(0xE00FFFE8) => 0x0000000A] (__dp=0, __ap=0)
[11:20:15.986]              // -> [pidr2 <= 0x0000000A]
[11:20:15.986]            jep106id = ((pidr2 & 0x7) << 4 ) | ((pidr1 >> 4) & 0xF);
[11:20:15.986]              // -> [jep106id <= 0x00000020]
[11:20:15.986]          </block>
[11:20:15.986]          <control if="jep106id != 0x20" while="" timeout="0" info="">
[11:20:15.986]            // if-block "jep106id != 0x20"
[11:20:15.986]              // =>  FALSE
[11:20:15.986]            // skip if-block "jep106id != 0x20"
[11:20:15.986]          </control>
[11:20:15.986]        </sequence>
[11:20:15.986]    </block>
[11:20:15.986]  </sequence>
[11:20:15.986]  
[11:20:16.029]  **********  Sequence "DebugCoreStart"  (Context="Connect", Pname="", info="")
[11:20:16.029]  
[11:20:16.029]  <debugvars>
[11:20:16.029]    __protocol=0x00010002   (Protocol="SWD", SWJ-DP="True")
[11:20:16.029]    __connection=0x00000201   (Connection Type="Debug", Reset Type="System Reset")
[11:20:16.029]    __dp=0x00000000
[11:20:16.029]    __ap=0x00000000
[11:20:16.029]    __traceout=0x00000000   (Trace Disabled)
[11:20:16.029]    __errorcontrol=0x00000000   (Skip Errors="False")
[11:20:16.029]    __FlashAddr=0x00000000
[11:20:16.029]    __FlashLen=0x00000000
[11:20:16.029]    __FlashArg=0x00000000
[11:20:16.030]    __FlashOp=0x00000000
[11:20:16.030]    __Result=0x00000000
[11:20:16.030]    DbgMCU_CR=0x00000007
[11:20:16.030]  </debugvars>
[11:20:16.030]  
[11:20:16.030]  <sequence name="DebugCoreStart" Pname="" disable="false" info="">
[11:20:16.030]    <block atomic="false" info="">
[11:20:16.030]      Write32(0xE000EDF0, 0xA05F0001);                                        // Enable Core Debug via DHCSR
[11:20:16.032]        // -> [Write32(0xE000EDF0, 0xA05F0001)] (__dp=0, __ap=0)
[11:20:16.032]      Write32(0xE0042004, DbgMCU_CR);                                         // DBGMCU_CR: Configure MCU Debug
[11:20:16.035]        // -> [Write32(0xE0042004, 0x00000007)] (__dp=0, __ap=0)
[11:20:16.035]    </block>
[11:20:16.035]  </sequence>
[11:20:16.035]  
[11:20:34.210]  **********  Sequence "DebugDeviceUnlock"  (Context="Connect", Pname="", info="")
[11:20:34.210]  
[11:20:34.211]  <debugvars>
[11:20:34.211]    __protocol=0x00010002   (Protocol="SWD", SWJ-DP="True")
[11:20:34.211]    __connection=0x00000202   (Connection Type="Flash", Reset Type="System Reset")
[11:20:34.211]    __dp=0x00000000
[11:20:34.211]    __ap=0x00000000
[11:20:34.211]    __traceout=0x00000000   (Trace Disabled)
[11:20:34.211]    __errorcontrol=0x00000000   (Skip Errors="False")
[11:20:34.211]    __FlashAddr=0x00000000
[11:20:34.211]    __FlashLen=0x00000000
[11:20:34.211]    __FlashArg=0x00000000
[11:20:34.211]    __FlashOp=0x00000000
[11:20:34.211]    __Result=0x00000000
[11:20:34.211]    DbgMCU_CR=0x00000007
[11:20:34.211]  </debugvars>
[11:20:34.211]  
[11:20:34.212]  <sequence name="DebugDeviceUnlock" Pname="" disable="false" info="">
[11:20:34.212]    <block atomic="false" info="">
[11:20:34.212]      Sequence("CheckID");
[11:20:34.212]        <sequence name="CheckID" Pname="" disable="false" info="">
[11:20:34.212]          <block atomic="false" info="">
[11:20:34.212]            __var pidr1 = 0;
[11:20:34.212]              // -> [pidr1 <= 0x00000000]
[11:20:34.212]            __var pidr2 = 0;
[11:20:34.212]              // -> [pidr2 <= 0x00000000]
[11:20:34.212]            __var jep106id = 0;
[11:20:34.212]              // -> [jep106id <= 0x00000000]
[11:20:34.212]            __var ROMTableBase = 0;
[11:20:34.212]              // -> [ROMTableBase <= 0x00000000]
[11:20:34.212]            __ap = 0;      // AHB-AP
[11:20:34.212]              // -> [__ap <= 0x00000000]
[11:20:34.212]            ROMTableBase = ReadAP(0xF8) & ~0x3;
[11:20:34.214]              // -> [ReadAP(0x000000F8) => 0xE00FF003] (__dp=0, __ap=0)
[11:20:34.214]              // -> [ROMTableBase <= 0xE00FF000]
[11:20:34.214]            pidr1 = Read32(ROMTableBase + 0x0FE4);
[11:20:34.221]              // -> [Read32(0xE00FFFE4) => 0x00000004] (__dp=0, __ap=0)
[11:20:34.221]              // -> [pidr1 <= 0x00000004]
[11:20:34.221]            pidr2 = Read32(ROMTableBase + 0x0FE8);
[11:20:34.224]              // -> [Read32(0xE00FFFE8) => 0x0000000A] (__dp=0, __ap=0)
[11:20:34.224]              // -> [pidr2 <= 0x0000000A]
[11:20:34.224]            jep106id = ((pidr2 & 0x7) << 4 ) | ((pidr1 >> 4) & 0xF);
[11:20:34.224]              // -> [jep106id <= 0x00000020]
[11:20:34.224]          </block>
[11:20:34.224]          <control if="jep106id != 0x20" while="" timeout="0" info="">
[11:20:34.224]            // if-block "jep106id != 0x20"
[11:20:34.224]              // =>  FALSE
[11:20:34.224]            // skip if-block "jep106id != 0x20"
[11:20:34.224]          </control>
[11:20:34.224]        </sequence>
[11:20:34.224]    </block>
[11:20:34.224]  </sequence>
[11:20:34.224]  
[11:20:34.273]  **********  Sequence "DebugCoreStart"  (Context="Connect", Pname="", info="")
[11:20:34.273]  
[11:20:34.273]  <debugvars>
[11:20:34.273]    __protocol=0x00010002   (Protocol="SWD", SWJ-DP="True")
[11:20:34.274]    __connection=0x00000202   (Connection Type="Flash", Reset Type="System Reset")
[11:20:34.274]    __dp=0x00000000
[11:20:34.274]    __ap=0x00000000
[11:20:34.274]    __traceout=0x00000000   (Trace Disabled)
[11:20:34.274]    __errorcontrol=0x00000000   (Skip Errors="False")
[11:20:34.274]    __FlashAddr=0x00000000
[11:20:34.274]    __FlashLen=0x00000000
[11:20:34.274]    __FlashArg=0x00000000
[11:20:34.274]    __FlashOp=0x00000000
[11:20:34.274]    __Result=0x00000000
[11:20:34.274]    DbgMCU_CR=0x00000007
[11:20:34.274]  </debugvars>
[11:20:34.274]  
[11:20:34.274]  <sequence name="DebugCoreStart" Pname="" disable="false" info="">
[11:20:34.274]    <block atomic="false" info="">
[11:20:34.274]      Write32(0xE000EDF0, 0xA05F0001);                                        // Enable Core Debug via DHCSR
[11:20:34.278]        // -> [Write32(0xE000EDF0, 0xA05F0001)] (__dp=0, __ap=0)
[11:20:34.278]      Write32(0xE0042004, DbgMCU_CR);                                         // DBGMCU_CR: Configure MCU Debug
[11:20:34.281]        // -> [Write32(0xE0042004, 0x00000007)] (__dp=0, __ap=0)
[11:20:34.281]    </block>
[11:20:34.281]  </sequence>
[11:20:34.281]  
[11:38:15.128]  **********  Sequence "DebugDeviceUnlock"  (Context="Connect", Pname="", info="")
[11:38:15.128]  
[11:38:15.128]  <debugvars>
[11:38:15.128]    __protocol=0x00010002   (Protocol="SWD", SWJ-DP="True")
[11:38:15.129]    __connection=0x00000202   (Connection Type="Flash", Reset Type="System Reset")
[11:38:15.129]    __dp=0x00000000
[11:38:15.129]    __ap=0x00000000
[11:38:15.129]    __traceout=0x00000000   (Trace Disabled)
[11:38:15.129]    __errorcontrol=0x00000000   (Skip Errors="False")
[11:38:15.129]    __FlashAddr=0x00000000
[11:38:15.129]    __FlashLen=0x00000000
[11:38:15.129]    __FlashArg=0x00000000
[11:38:15.129]    __FlashOp=0x00000000
[11:38:15.129]    __Result=0x00000000
[11:38:15.129]    DbgMCU_CR=0x00000007
[11:38:15.129]  </debugvars>
[11:38:15.129]  
[11:38:15.129]  <sequence name="DebugDeviceUnlock" Pname="" disable="false" info="">
[11:38:15.129]    <block atomic="false" info="">
[11:38:15.129]      Sequence("CheckID");
[11:38:15.129]        <sequence name="CheckID" Pname="" disable="false" info="">
[11:38:15.130]          <block atomic="false" info="">
[11:38:15.130]            __var pidr1 = 0;
[11:38:15.130]              // -> [pidr1 <= 0x00000000]
[11:38:15.130]            __var pidr2 = 0;
[11:38:15.130]              // -> [pidr2 <= 0x00000000]
[11:38:15.130]            __var jep106id = 0;
[11:38:15.130]              // -> [jep106id <= 0x00000000]
[11:38:15.130]            __var ROMTableBase = 0;
[11:38:15.130]              // -> [ROMTableBase <= 0x00000000]
[11:38:15.130]            __ap = 0;      // AHB-AP
[11:38:15.130]              // -> [__ap <= 0x00000000]
[11:38:15.130]            ROMTableBase = ReadAP(0xF8) & ~0x3;
[11:38:15.132]              // -> [ReadAP(0x000000F8) => 0xE00FF003] (__dp=0, __ap=0)
[11:38:15.132]              // -> [ROMTableBase <= 0xE00FF000]
[11:38:15.132]            pidr1 = Read32(ROMTableBase + 0x0FE4);
[11:38:15.135]              // -> [Read32(0xE00FFFE4) => 0x00000004] (__dp=0, __ap=0)
[11:38:15.135]              // -> [pidr1 <= 0x00000004]
[11:38:15.135]            pidr2 = Read32(ROMTableBase + 0x0FE8);
[11:38:15.137]              // -> [Read32(0xE00FFFE8) => 0x0000000A] (__dp=0, __ap=0)
[11:38:15.137]              // -> [pidr2 <= 0x0000000A]
[11:38:15.137]            jep106id = ((pidr2 & 0x7) << 4 ) | ((pidr1 >> 4) & 0xF);
[11:38:15.137]              // -> [jep106id <= 0x00000020]
[11:38:15.137]          </block>
[11:38:15.137]          <control if="jep106id != 0x20" while="" timeout="0" info="">
[11:38:15.137]            // if-block "jep106id != 0x20"
[11:38:15.137]              // =>  FALSE
[11:38:15.137]            // skip if-block "jep106id != 0x20"
[11:38:15.137]          </control>
[11:38:15.138]        </sequence>
[11:38:15.138]    </block>
[11:38:15.138]  </sequence>
[11:38:15.138]  
[11:38:15.178]  **********  Sequence "DebugCoreStart"  (Context="Connect", Pname="", info="")
[11:38:15.178]  
[11:38:15.178]  <debugvars>
[11:38:15.178]    __protocol=0x00010002   (Protocol="SWD", SWJ-DP="True")
[11:38:15.178]    __connection=0x00000202   (Connection Type="Flash", Reset Type="System Reset")
[11:38:15.178]    __dp=0x00000000
[11:38:15.178]    __ap=0x00000000
[11:38:15.178]    __traceout=0x00000000   (Trace Disabled)
[11:38:15.178]    __errorcontrol=0x00000000   (Skip Errors="False")
[11:38:15.178]    __FlashAddr=0x00000000
[11:38:15.178]    __FlashLen=0x00000000
[11:38:15.178]    __FlashArg=0x00000000
[11:38:15.178]    __FlashOp=0x00000000
[11:38:15.178]    __Result=0x00000000
[11:38:15.178]    DbgMCU_CR=0x00000007
[11:38:15.179]  </debugvars>
[11:38:15.179]  
[11:38:15.179]  <sequence name="DebugCoreStart" Pname="" disable="false" info="">
[11:38:15.179]    <block atomic="false" info="">
[11:38:15.179]      Write32(0xE000EDF0, 0xA05F0001);                                        // Enable Core Debug via DHCSR
[11:38:15.181]        // -> [Write32(0xE000EDF0, 0xA05F0001)] (__dp=0, __ap=0)
[11:38:15.181]      Write32(0xE0042004, DbgMCU_CR);                                         // DBGMCU_CR: Configure MCU Debug
[11:38:15.183]        // -> [Write32(0xE0042004, 0x00000007)] (__dp=0, __ap=0)
[11:38:15.183]    </block>
[11:38:15.183]  </sequence>
[11:38:15.183]  
[11:40:28.398]  **********  Sequence "DebugDeviceUnlock"  (Context="Connect", Pname="", info="")
[11:40:28.398]  
[11:40:28.399]  <debugvars>
[11:40:28.399]    __protocol=0x00010002   (Protocol="SWD", SWJ-DP="True")
[11:40:28.399]    __connection=0x00000202   (Connection Type="Flash", Reset Type="System Reset")
[11:40:28.399]    __dp=0x00000000
[11:40:28.399]    __ap=0x00000000
[11:40:28.399]    __traceout=0x00000000   (Trace Disabled)
[11:40:28.399]    __errorcontrol=0x00000000   (Skip Errors="False")
[11:40:28.399]    __FlashAddr=0x00000000
[11:40:28.400]    __FlashLen=0x00000000
[11:40:28.400]    __FlashArg=0x00000000
[11:40:28.400]    __FlashOp=0x00000000
[11:40:28.400]    __Result=0x00000000
[11:40:28.400]    DbgMCU_CR=0x00000007
[11:40:28.400]  </debugvars>
[11:40:28.400]  
[11:40:28.400]  <sequence name="DebugDeviceUnlock" Pname="" disable="false" info="">
[11:40:28.400]    <block atomic="false" info="">
[11:40:28.400]      Sequence("CheckID");
[11:40:28.400]        <sequence name="CheckID" Pname="" disable="false" info="">
[11:40:28.400]          <block atomic="false" info="">
[11:40:28.400]            __var pidr1 = 0;
[11:40:28.400]              // -> [pidr1 <= 0x00000000]
[11:40:28.400]            __var pidr2 = 0;
[11:40:28.400]              // -> [pidr2 <= 0x00000000]
[11:40:28.400]            __var jep106id = 0;
[11:40:28.400]              // -> [jep106id <= 0x00000000]
[11:40:28.400]            __var ROMTableBase = 0;
[11:40:28.400]              // -> [ROMTableBase <= 0x00000000]
[11:40:28.400]            __ap = 0;      // AHB-AP
[11:40:28.400]              // -> [__ap <= 0x00000000]
[11:40:28.400]            ROMTableBase = ReadAP(0xF8) & ~0x3;
[11:40:28.402]              // -> [ReadAP(0x000000F8) => 0xE00FF003] (__dp=0, __ap=0)
[11:40:28.402]              // -> [ROMTableBase <= 0xE00FF000]
[11:40:28.402]            pidr1 = Read32(ROMTableBase + 0x0FE4);
[11:40:28.406]              // -> [Read32(0xE00FFFE4) => 0x00000004] (__dp=0, __ap=0)
[11:40:28.406]              // -> [pidr1 <= 0x00000004]
[11:40:28.406]            pidr2 = Read32(ROMTableBase + 0x0FE8);
[11:40:28.409]              // -> [Read32(0xE00FFFE8) => 0x0000000A] (__dp=0, __ap=0)
[11:40:28.409]              // -> [pidr2 <= 0x0000000A]
[11:40:28.409]            jep106id = ((pidr2 & 0x7) << 4 ) | ((pidr1 >> 4) & 0xF);
[11:40:28.409]              // -> [jep106id <= 0x00000020]
[11:40:28.409]          </block>
[11:40:28.409]          <control if="jep106id != 0x20" while="" timeout="0" info="">
[11:40:28.409]            // if-block "jep106id != 0x20"
[11:40:28.409]              // =>  FALSE
[11:40:28.409]            // skip if-block "jep106id != 0x20"
[11:40:28.409]          </control>
[11:40:28.409]        </sequence>
[11:40:28.409]    </block>
[11:40:28.409]  </sequence>
[11:40:28.409]  
[11:40:28.451]  **********  Sequence "DebugCoreStart"  (Context="Connect", Pname="", info="")
[11:40:28.451]  
[11:40:28.451]  <debugvars>
[11:40:28.451]    __protocol=0x00010002   (Protocol="SWD", SWJ-DP="True")
[11:40:28.451]    __connection=0x00000202   (Connection Type="Flash", Reset Type="System Reset")
[11:40:28.451]    __dp=0x00000000
[11:40:28.451]    __ap=0x00000000
[11:40:28.451]    __traceout=0x00000000   (Trace Disabled)
[11:40:28.451]    __errorcontrol=0x00000000   (Skip Errors="False")
[11:40:28.451]    __FlashAddr=0x00000000
[11:40:28.452]    __FlashLen=0x00000000
[11:40:28.452]    __FlashArg=0x00000000
[11:40:28.452]    __FlashOp=0x00000000
[11:40:28.452]    __Result=0x00000000
[11:40:28.452]    DbgMCU_CR=0x00000007
[11:40:28.452]  </debugvars>
[11:40:28.452]  
[11:40:28.452]  <sequence name="DebugCoreStart" Pname="" disable="false" info="">
[11:40:28.452]    <block atomic="false" info="">
[11:40:28.452]      Write32(0xE000EDF0, 0xA05F0001);                                        // Enable Core Debug via DHCSR
[11:40:28.455]        // -> [Write32(0xE000EDF0, 0xA05F0001)] (__dp=0, __ap=0)
[11:40:28.455]      Write32(0xE0042004, DbgMCU_CR);                                         // DBGMCU_CR: Configure MCU Debug
[11:40:28.457]        // -> [Write32(0xE0042004, 0x00000007)] (__dp=0, __ap=0)
[11:40:28.457]    </block>
[11:40:28.457]  </sequence>
[11:40:28.458]  
[11:51:15.279]  **********  Sequence "DebugDeviceUnlock"  (Context="Connect", Pname="", info="")
[11:51:15.279]  
[11:51:15.280]  <debugvars>
[11:51:15.280]    __protocol=0x00010002   (Protocol="SWD", SWJ-DP="True")
[11:51:15.280]    __connection=0x00000202   (Connection Type="Flash", Reset Type="System Reset")
[11:51:15.280]    __dp=0x00000000
[11:51:15.280]    __ap=0x00000000
[11:51:15.280]    __traceout=0x00000000   (Trace Disabled)
[11:51:15.280]    __errorcontrol=0x00000000   (Skip Errors="False")
[11:51:15.280]    __FlashAddr=0x00000000
[11:51:15.280]    __FlashLen=0x00000000
[11:51:15.280]    __FlashArg=0x00000000
[11:51:15.280]    __FlashOp=0x00000000
[11:51:15.280]    __Result=0x00000000
[11:51:15.280]    DbgMCU_CR=0x00000007
[11:51:15.280]  </debugvars>
[11:51:15.280]  
[11:51:15.280]  <sequence name="DebugDeviceUnlock" Pname="" disable="false" info="">
[11:51:15.280]    <block atomic="false" info="">
[11:51:15.280]      Sequence("CheckID");
[11:51:15.280]        <sequence name="CheckID" Pname="" disable="false" info="">
[11:51:15.280]          <block atomic="false" info="">
[11:51:15.280]            __var pidr1 = 0;
[11:51:15.281]              // -> [pidr1 <= 0x00000000]
[11:51:15.281]            __var pidr2 = 0;
[11:51:15.281]              // -> [pidr2 <= 0x00000000]
[11:51:15.281]            __var jep106id = 0;
[11:51:15.281]              // -> [jep106id <= 0x00000000]
[11:51:15.281]            __var ROMTableBase = 0;
[11:51:15.281]              // -> [ROMTableBase <= 0x00000000]
[11:51:15.281]            __ap = 0;      // AHB-AP
[11:51:15.281]              // -> [__ap <= 0x00000000]
[11:51:15.281]            ROMTableBase = ReadAP(0xF8) & ~0x3;
[11:51:15.283]              // -> [ReadAP(0x000000F8) => 0xE00FF003] (__dp=0, __ap=0)
[11:51:15.283]              // -> [ROMTableBase <= 0xE00FF000]
[11:51:15.283]            pidr1 = Read32(ROMTableBase + 0x0FE4);
[11:51:15.286]              // -> [Read32(0xE00FFFE4) => 0x00000004] (__dp=0, __ap=0)
[11:51:15.286]              // -> [pidr1 <= 0x00000004]
[11:51:15.286]            pidr2 = Read32(ROMTableBase + 0x0FE8);
[11:51:15.289]              // -> [Read32(0xE00FFFE8) => 0x0000000A] (__dp=0, __ap=0)
[11:51:15.289]              // -> [pidr2 <= 0x0000000A]
[11:51:15.289]            jep106id = ((pidr2 & 0x7) << 4 ) | ((pidr1 >> 4) & 0xF);
[11:51:15.289]              // -> [jep106id <= 0x00000020]
[11:51:15.289]          </block>
[11:51:15.289]          <control if="jep106id != 0x20" while="" timeout="0" info="">
[11:51:15.289]            // if-block "jep106id != 0x20"
[11:51:15.289]              // =>  FALSE
[11:51:15.289]            // skip if-block "jep106id != 0x20"
[11:51:15.289]          </control>
[11:51:15.290]        </sequence>
[11:51:15.290]    </block>
[11:51:15.290]  </sequence>
[11:51:15.290]  
[11:51:15.331]  **********  Sequence "DebugCoreStart"  (Context="Connect", Pname="", info="")
[11:51:15.331]  
[11:51:15.331]  <debugvars>
[11:51:15.331]    __protocol=0x00010002   (Protocol="SWD", SWJ-DP="True")
[11:51:15.331]    __connection=0x00000202   (Connection Type="Flash", Reset Type="System Reset")
[11:51:15.331]    __dp=0x00000000
[11:51:15.331]    __ap=0x00000000
[11:51:15.331]    __traceout=0x00000000   (Trace Disabled)
[11:51:15.331]    __errorcontrol=0x00000000   (Skip Errors="False")
[11:51:15.331]    __FlashAddr=0x00000000
[11:51:15.331]    __FlashLen=0x00000000
[11:51:15.331]    __FlashArg=0x00000000
[11:51:15.331]    __FlashOp=0x00000000
[11:51:15.331]    __Result=0x00000000
[11:51:15.331]    DbgMCU_CR=0x00000007
[11:51:15.331]  </debugvars>
[11:51:15.331]  
[11:51:15.331]  <sequence name="DebugCoreStart" Pname="" disable="false" info="">
[11:51:15.331]    <block atomic="false" info="">
[11:51:15.331]      Write32(0xE000EDF0, 0xA05F0001);                                        // Enable Core Debug via DHCSR
[11:51:15.334]        // -> [Write32(0xE000EDF0, 0xA05F0001)] (__dp=0, __ap=0)
[11:51:15.334]      Write32(0xE0042004, DbgMCU_CR);                                         // DBGMCU_CR: Configure MCU Debug
[11:51:15.336]        // -> [Write32(0xE0042004, 0x00000007)] (__dp=0, __ap=0)
[11:51:15.337]    </block>
[11:51:15.337]  </sequence>
[11:51:15.337]  
[11:53:00.428]  **********  Sequence "DebugDeviceUnlock"  (Context="Connect", Pname="", info="")
[11:53:00.428]  
[11:53:00.428]  <debugvars>
[11:53:00.428]    __protocol=0x00010002   (Protocol="SWD", SWJ-DP="True")
[11:53:00.428]    __connection=0x00000202   (Connection Type="Flash", Reset Type="System Reset")
[11:53:00.428]    __dp=0x00000000
[11:53:00.428]    __ap=0x00000000
[11:53:00.428]    __traceout=0x00000000   (Trace Disabled)
[11:53:00.428]    __errorcontrol=0x00000000   (Skip Errors="False")
[11:53:00.428]    __FlashAddr=0x00000000
[11:53:00.428]    __FlashLen=0x00000000
[11:53:00.428]    __FlashArg=0x00000000
[11:53:00.428]    __FlashOp=0x00000000
[11:53:00.428]    __Result=0x00000000
[11:53:00.429]    DbgMCU_CR=0x00000007
[11:53:00.429]  </debugvars>
[11:53:00.429]  
[11:53:00.429]  <sequence name="DebugDeviceUnlock" Pname="" disable="false" info="">
[11:53:00.429]    <block atomic="false" info="">
[11:53:00.429]      Sequence("CheckID");
[11:53:00.429]        <sequence name="CheckID" Pname="" disable="false" info="">
[11:53:00.429]          <block atomic="false" info="">
[11:53:00.429]            __var pidr1 = 0;
[11:53:00.429]              // -> [pidr1 <= 0x00000000]
[11:53:00.429]            __var pidr2 = 0;
[11:53:00.429]              // -> [pidr2 <= 0x00000000]
[11:53:00.429]            __var jep106id = 0;
[11:53:00.429]              // -> [jep106id <= 0x00000000]
[11:53:00.429]            __var ROMTableBase = 0;
[11:53:00.429]              // -> [ROMTableBase <= 0x00000000]
[11:53:00.429]            __ap = 0;      // AHB-AP
[11:53:00.429]              // -> [__ap <= 0x00000000]
[11:53:00.429]            ROMTableBase = ReadAP(0xF8) & ~0x3;
[11:53:00.431]              // -> [ReadAP(0x000000F8) => 0xE00FF003] (__dp=0, __ap=0)
[11:53:00.431]              // -> [ROMTableBase <= 0xE00FF000]
[11:53:00.431]            pidr1 = Read32(ROMTableBase + 0x0FE4);
[11:53:00.434]              // -> [Read32(0xE00FFFE4) => 0x00000004] (__dp=0, __ap=0)
[11:53:00.434]              // -> [pidr1 <= 0x00000004]
[11:53:00.434]            pidr2 = Read32(ROMTableBase + 0x0FE8);
[11:53:00.437]              // -> [Read32(0xE00FFFE8) => 0x0000000A] (__dp=0, __ap=0)
[11:53:00.437]              // -> [pidr2 <= 0x0000000A]
[11:53:00.437]            jep106id = ((pidr2 & 0x7) << 4 ) | ((pidr1 >> 4) & 0xF);
[11:53:00.437]              // -> [jep106id <= 0x00000020]
[11:53:00.437]          </block>
[11:53:00.437]          <control if="jep106id != 0x20" while="" timeout="0" info="">
[11:53:00.437]            // if-block "jep106id != 0x20"
[11:53:00.437]              // =>  FALSE
[11:53:00.437]            // skip if-block "jep106id != 0x20"
[11:53:00.437]          </control>
[11:53:00.437]        </sequence>
[11:53:00.437]    </block>
[11:53:00.437]  </sequence>
[11:53:00.438]  
[11:53:00.480]  **********  Sequence "DebugCoreStart"  (Context="Connect", Pname="", info="")
[11:53:00.480]  
[11:53:00.480]  <debugvars>
[11:53:00.480]    __protocol=0x00010002   (Protocol="SWD", SWJ-DP="True")
[11:53:00.480]    __connection=0x00000202   (Connection Type="Flash", Reset Type="System Reset")
[11:53:00.480]    __dp=0x00000000
[11:53:00.480]    __ap=0x00000000
[11:53:00.480]    __traceout=0x00000000   (Trace Disabled)
[11:53:00.480]    __errorcontrol=0x00000000   (Skip Errors="False")
[11:53:00.480]    __FlashAddr=0x00000000
[11:53:00.480]    __FlashLen=0x00000000
[11:53:00.480]    __FlashArg=0x00000000
[11:53:00.480]    __FlashOp=0x00000000
[11:53:00.480]    __Result=0x00000000
[11:53:00.480]    DbgMCU_CR=0x00000007
[11:53:00.481]  </debugvars>
[11:53:00.481]  
[11:53:00.481]  <sequence name="DebugCoreStart" Pname="" disable="false" info="">
[11:53:00.481]    <block atomic="false" info="">
[11:53:00.481]      Write32(0xE000EDF0, 0xA05F0001);                                        // Enable Core Debug via DHCSR
[11:53:00.483]        // -> [Write32(0xE000EDF0, 0xA05F0001)] (__dp=0, __ap=0)
[11:53:00.483]      Write32(0xE0042004, DbgMCU_CR);                                         // DBGMCU_CR: Configure MCU Debug
[11:53:00.486]        // -> [Write32(0xE0042004, 0x00000007)] (__dp=0, __ap=0)
[11:53:00.486]    </block>
[11:53:00.486]  </sequence>
[11:53:00.486]  
[11:53:18.988]  **********  Sequence "DebugDeviceUnlock"  (Context="Connect", Pname="", info="")
[11:53:18.988]  
[11:53:18.989]  <debugvars>
[11:53:18.989]    __protocol=0x00010002   (Protocol="SWD", SWJ-DP="True")
[11:53:18.989]    __connection=0x00000202   (Connection Type="Flash", Reset Type="System Reset")
[11:53:18.989]    __dp=0x00000000
[11:53:18.989]    __ap=0x00000000
[11:53:18.989]    __traceout=0x00000000   (Trace Disabled)
[11:53:18.989]    __errorcontrol=0x00000000   (Skip Errors="False")
[11:53:18.989]    __FlashAddr=0x00000000
[11:53:18.989]    __FlashLen=0x00000000
[11:53:18.989]    __FlashArg=0x00000000
[11:53:18.989]    __FlashOp=0x00000000
[11:53:18.989]    __Result=0x00000000
[11:53:18.989]    DbgMCU_CR=0x00000007
[11:53:18.989]  </debugvars>
[11:53:18.989]  
[11:53:18.989]  <sequence name="DebugDeviceUnlock" Pname="" disable="false" info="">
[11:53:18.989]    <block atomic="false" info="">
[11:53:18.989]      Sequence("CheckID");
[11:53:18.989]        <sequence name="CheckID" Pname="" disable="false" info="">
[11:53:18.990]          <block atomic="false" info="">
[11:53:18.990]            __var pidr1 = 0;
[11:53:18.990]              // -> [pidr1 <= 0x00000000]
[11:53:18.990]            __var pidr2 = 0;
[11:53:18.990]              // -> [pidr2 <= 0x00000000]
[11:53:18.990]            __var jep106id = 0;
[11:53:18.990]              // -> [jep106id <= 0x00000000]
[11:53:18.990]            __var ROMTableBase = 0;
[11:53:18.990]              // -> [ROMTableBase <= 0x00000000]
[11:53:18.990]            __ap = 0;      // AHB-AP
[11:53:18.990]              // -> [__ap <= 0x00000000]
[11:53:18.990]            ROMTableBase = ReadAP(0xF8) & ~0x3;
[11:53:18.991]              // -> [ReadAP(0x000000F8) => 0xE00FF003] (__dp=0, __ap=0)
[11:53:18.991]              // -> [ROMTableBase <= 0xE00FF000]
[11:53:18.991]            pidr1 = Read32(ROMTableBase + 0x0FE4);
[11:53:18.995]              // -> [Read32(0xE00FFFE4) => 0x00000004] (__dp=0, __ap=0)
[11:53:18.995]              // -> [pidr1 <= 0x00000004]
[11:53:18.995]            pidr2 = Read32(ROMTableBase + 0x0FE8);
[11:53:18.998]              // -> [Read32(0xE00FFFE8) => 0x0000000A] (__dp=0, __ap=0)
[11:53:18.998]              // -> [pidr2 <= 0x0000000A]
[11:53:18.998]            jep106id = ((pidr2 & 0x7) << 4 ) | ((pidr1 >> 4) & 0xF);
[11:53:18.998]              // -> [jep106id <= 0x00000020]
[11:53:18.998]          </block>
[11:53:18.998]          <control if="jep106id != 0x20" while="" timeout="0" info="">
[11:53:18.998]            // if-block "jep106id != 0x20"
[11:53:18.998]              // =>  FALSE
[11:53:18.998]            // skip if-block "jep106id != 0x20"
[11:53:18.998]          </control>
[11:53:18.998]        </sequence>
[11:53:18.998]    </block>
[11:53:18.998]  </sequence>
[11:53:18.998]  
[11:53:19.039]  **********  Sequence "DebugCoreStart"  (Context="Connect", Pname="", info="")
[11:53:19.039]  
[11:53:19.039]  <debugvars>
[11:53:19.039]    __protocol=0x00010002   (Protocol="SWD", SWJ-DP="True")
[11:53:19.039]    __connection=0x00000202   (Connection Type="Flash", Reset Type="System Reset")
[11:53:19.039]    __dp=0x00000000
[11:53:19.039]    __ap=0x00000000
[11:53:19.039]    __traceout=0x00000000   (Trace Disabled)
[11:53:19.039]    __errorcontrol=0x00000000   (Skip Errors="False")
[11:53:19.039]    __FlashAddr=0x00000000
[11:53:19.039]    __FlashLen=0x00000000
[11:53:19.039]    __FlashArg=0x00000000
[11:53:19.039]    __FlashOp=0x00000000
[11:53:19.040]    __Result=0x00000000
[11:53:19.040]    DbgMCU_CR=0x00000007
[11:53:19.040]  </debugvars>
[11:53:19.040]  
[11:53:19.040]  <sequence name="DebugCoreStart" Pname="" disable="false" info="">
[11:53:19.040]    <block atomic="false" info="">
[11:53:19.040]      Write32(0xE000EDF0, 0xA05F0001);                                        // Enable Core Debug via DHCSR
[11:53:19.042]        // -> [Write32(0xE000EDF0, 0xA05F0001)] (__dp=0, __ap=0)
[11:53:19.042]      Write32(0xE0042004, DbgMCU_CR);                                         // DBGMCU_CR: Configure MCU Debug
[11:53:19.045]        // -> [Write32(0xE0042004, 0x00000007)] (__dp=0, __ap=0)
[11:53:19.045]    </block>
[11:53:19.045]  </sequence>
[11:53:19.045]  
[11:53:38.293]  **********  Sequence "DebugDeviceUnlock"  (Context="Connect", Pname="", info="")
[11:53:38.293]  
[11:53:38.294]  <debugvars>
[11:53:38.294]    __protocol=0x00010002   (Protocol="SWD", SWJ-DP="True")
[11:53:38.294]    __connection=0x00000202   (Connection Type="Flash", Reset Type="System Reset")
[11:53:38.294]    __dp=0x00000000
[11:53:38.294]    __ap=0x00000000
[11:53:38.294]    __traceout=0x00000000   (Trace Disabled)
[11:53:38.295]    __errorcontrol=0x00000000   (Skip Errors="False")
[11:53:38.295]    __FlashAddr=0x00000000
[11:53:38.295]    __FlashLen=0x00000000
[11:53:38.295]    __FlashArg=0x00000000
[11:53:38.295]    __FlashOp=0x00000000
[11:53:38.295]    __Result=0x00000000
[11:53:38.295]    DbgMCU_CR=0x00000007
[11:53:38.295]  </debugvars>
[11:53:38.295]  
[11:53:38.295]  <sequence name="DebugDeviceUnlock" Pname="" disable="false" info="">
[11:53:38.295]    <block atomic="false" info="">
[11:53:38.295]      Sequence("CheckID");
[11:53:38.295]        <sequence name="CheckID" Pname="" disable="false" info="">
[11:53:38.295]          <block atomic="false" info="">
[11:53:38.295]            __var pidr1 = 0;
[11:53:38.295]              // -> [pidr1 <= 0x00000000]
[11:53:38.295]            __var pidr2 = 0;
[11:53:38.295]              // -> [pidr2 <= 0x00000000]
[11:53:38.295]            __var jep106id = 0;
[11:53:38.295]              // -> [jep106id <= 0x00000000]
[11:53:38.295]            __var ROMTableBase = 0;
[11:53:38.295]              // -> [ROMTableBase <= 0x00000000]
[11:53:38.296]            __ap = 0;      // AHB-AP
[11:53:38.296]              // -> [__ap <= 0x00000000]
[11:53:38.296]            ROMTableBase = ReadAP(0xF8) & ~0x3;
[11:53:38.297]              // -> [ReadAP(0x000000F8) => 0xE00FF003] (__dp=0, __ap=0)
[11:53:38.297]              // -> [ROMTableBase <= 0xE00FF000]
[11:53:38.297]            pidr1 = Read32(ROMTableBase + 0x0FE4);
[11:53:38.301]              // -> [Read32(0xE00FFFE4) => 0x00000004] (__dp=0, __ap=0)
[11:53:38.301]              // -> [pidr1 <= 0x00000004]
[11:53:38.301]            pidr2 = Read32(ROMTableBase + 0x0FE8);
[11:53:38.303]              // -> [Read32(0xE00FFFE8) => 0x0000000A] (__dp=0, __ap=0)
[11:53:38.303]              // -> [pidr2 <= 0x0000000A]
[11:53:38.304]            jep106id = ((pidr2 & 0x7) << 4 ) | ((pidr1 >> 4) & 0xF);
[11:53:38.304]              // -> [jep106id <= 0x00000020]
[11:53:38.304]          </block>
[11:53:38.304]          <control if="jep106id != 0x20" while="" timeout="0" info="">
[11:53:38.304]            // if-block "jep106id != 0x20"
[11:53:38.304]              // =>  FALSE
[11:53:38.304]            // skip if-block "jep106id != 0x20"
[11:53:38.304]          </control>
[11:53:38.304]        </sequence>
[11:53:38.304]    </block>
[11:53:38.304]  </sequence>
[11:53:38.304]  
[11:53:38.346]  **********  Sequence "DebugCoreStart"  (Context="Connect", Pname="", info="")
[11:53:38.346]  
[11:53:38.346]  <debugvars>
[11:53:38.346]    __protocol=0x00010002   (Protocol="SWD", SWJ-DP="True")
[11:53:38.346]    __connection=0x00000202   (Connection Type="Flash", Reset Type="System Reset")
[11:53:38.346]    __dp=0x00000000
[11:53:38.346]    __ap=0x00000000
[11:53:38.346]    __traceout=0x00000000   (Trace Disabled)
[11:53:38.346]    __errorcontrol=0x00000000   (Skip Errors="False")
[11:53:38.346]    __FlashAddr=0x00000000
[11:53:38.346]    __FlashLen=0x00000000
[11:53:38.346]    __FlashArg=0x00000000
[11:53:38.346]    __FlashOp=0x00000000
[11:53:38.346]    __Result=0x00000000
[11:53:38.346]    DbgMCU_CR=0x00000007
[11:53:38.346]  </debugvars>
[11:53:38.346]  
[11:53:38.346]  <sequence name="DebugCoreStart" Pname="" disable="false" info="">
[11:53:38.346]    <block atomic="false" info="">
[11:53:38.346]      Write32(0xE000EDF0, 0xA05F0001);                                        // Enable Core Debug via DHCSR
[11:53:38.349]        // -> [Write32(0xE000EDF0, 0xA05F0001)] (__dp=0, __ap=0)
[11:53:38.349]      Write32(0xE0042004, DbgMCU_CR);                                         // DBGMCU_CR: Configure MCU Debug
[11:53:38.351]        // -> [Write32(0xE0042004, 0x00000007)] (__dp=0, __ap=0)
[11:53:38.351]    </block>
[11:53:38.351]  </sequence>
[11:53:38.351]  
[11:53:57.196]  **********  Sequence "DebugDeviceUnlock"  (Context="Connect", Pname="", info="")
[11:53:57.196]  
[11:53:57.197]  <debugvars>
[11:53:57.197]    __protocol=0x00010002   (Protocol="SWD", SWJ-DP="True")
[11:53:57.197]    __connection=0x00000202   (Connection Type="Flash", Reset Type="System Reset")
[11:53:57.197]    __dp=0x00000000
[11:53:57.197]    __ap=0x00000000
[11:53:57.197]    __traceout=0x00000000   (Trace Disabled)
[11:53:57.197]    __errorcontrol=0x00000000   (Skip Errors="False")
[11:53:57.197]    __FlashAddr=0x00000000
[11:53:57.197]    __FlashLen=0x00000000
[11:53:57.197]    __FlashArg=0x00000000
[11:53:57.197]    __FlashOp=0x00000000
[11:53:57.197]    __Result=0x00000000
[11:53:57.198]    DbgMCU_CR=0x00000007
[11:53:57.198]  </debugvars>
[11:53:57.198]  
[11:53:57.198]  <sequence name="DebugDeviceUnlock" Pname="" disable="false" info="">
[11:53:57.198]    <block atomic="false" info="">
[11:53:57.198]      Sequence("CheckID");
[11:53:57.198]        <sequence name="CheckID" Pname="" disable="false" info="">
[11:53:57.198]          <block atomic="false" info="">
[11:53:57.198]            __var pidr1 = 0;
[11:53:57.198]              // -> [pidr1 <= 0x00000000]
[11:53:57.198]            __var pidr2 = 0;
[11:53:57.198]              // -> [pidr2 <= 0x00000000]
[11:53:57.198]            __var jep106id = 0;
[11:53:57.198]              // -> [jep106id <= 0x00000000]
[11:53:57.198]            __var ROMTableBase = 0;
[11:53:57.198]              // -> [ROMTableBase <= 0x00000000]
[11:53:57.198]            __ap = 0;      // AHB-AP
[11:53:57.198]              // -> [__ap <= 0x00000000]
[11:53:57.198]            ROMTableBase = ReadAP(0xF8) & ~0x3;
[11:53:57.200]              // -> [ReadAP(0x000000F8) => 0xE00FF003] (__dp=0, __ap=0)
[11:53:57.200]              // -> [ROMTableBase <= 0xE00FF000]
[11:53:57.200]            pidr1 = Read32(ROMTableBase + 0x0FE4);
[11:53:57.204]              // -> [Read32(0xE00FFFE4) => 0x00000004] (__dp=0, __ap=0)
[11:53:57.204]              // -> [pidr1 <= 0x00000004]
[11:53:57.204]            pidr2 = Read32(ROMTableBase + 0x0FE8);
[11:53:57.207]              // -> [Read32(0xE00FFFE8) => 0x0000000A] (__dp=0, __ap=0)
[11:53:57.207]              // -> [pidr2 <= 0x0000000A]
[11:53:57.207]            jep106id = ((pidr2 & 0x7) << 4 ) | ((pidr1 >> 4) & 0xF);
[11:53:57.207]              // -> [jep106id <= 0x00000020]
[11:53:57.207]          </block>
[11:53:57.207]          <control if="jep106id != 0x20" while="" timeout="0" info="">
[11:53:57.207]            // if-block "jep106id != 0x20"
[11:53:57.207]              // =>  FALSE
[11:53:57.207]            // skip if-block "jep106id != 0x20"
[11:53:57.207]          </control>
[11:53:57.207]        </sequence>
[11:53:57.207]    </block>
[11:53:57.207]  </sequence>
[11:53:57.207]  
[11:53:57.250]  **********  Sequence "DebugCoreStart"  (Context="Connect", Pname="", info="")
[11:53:57.250]  
[11:53:57.250]  <debugvars>
[11:53:57.250]    __protocol=0x00010002   (Protocol="SWD", SWJ-DP="True")
[11:53:57.250]    __connection=0x00000202   (Connection Type="Flash", Reset Type="System Reset")
[11:53:57.250]    __dp=0x00000000
[11:53:57.251]    __ap=0x00000000
[11:53:57.251]    __traceout=0x00000000   (Trace Disabled)
[11:53:57.251]    __errorcontrol=0x00000000   (Skip Errors="False")
[11:53:57.251]    __FlashAddr=0x00000000
[11:53:57.251]    __FlashLen=0x00000000
[11:53:57.251]    __FlashArg=0x00000000
[11:53:57.251]    __FlashOp=0x00000000
[11:53:57.251]    __Result=0x00000000
[11:53:57.251]    DbgMCU_CR=0x00000007
[11:53:57.251]  </debugvars>
[11:53:57.251]  
[11:53:57.251]  <sequence name="DebugCoreStart" Pname="" disable="false" info="">
[11:53:57.251]    <block atomic="false" info="">
[11:53:57.251]      Write32(0xE000EDF0, 0xA05F0001);                                        // Enable Core Debug via DHCSR
[11:53:57.255]        // -> [Write32(0xE000EDF0, 0xA05F0001)] (__dp=0, __ap=0)
[11:53:57.255]      Write32(0xE0042004, DbgMCU_CR);                                         // DBGMCU_CR: Configure MCU Debug
[11:53:57.257]        // -> [Write32(0xE0042004, 0x00000007)] (__dp=0, __ap=0)
[11:53:57.257]    </block>
[11:53:57.257]  </sequence>
[11:53:57.257]  
[11:54:58.532]  **********  Sequence "DebugDeviceUnlock"  (Context="Connect", Pname="", info="")
[11:54:58.532]  
[11:54:58.533]  <debugvars>
[11:54:58.533]    __protocol=0x00010002   (Protocol="SWD", SWJ-DP="True")
[11:54:58.533]    __connection=0x00000202   (Connection Type="Flash", Reset Type="System Reset")
[11:54:58.533]    __dp=0x00000000
[11:54:58.533]    __ap=0x00000000
[11:54:58.533]    __traceout=0x00000000   (Trace Disabled)
[11:54:58.533]    __errorcontrol=0x00000000   (Skip Errors="False")
[11:54:58.533]    __FlashAddr=0x00000000
[11:54:58.533]    __FlashLen=0x00000000
[11:54:58.533]    __FlashArg=0x00000000
[11:54:58.533]    __FlashOp=0x00000000
[11:54:58.533]    __Result=0x00000000
[11:54:58.533]    DbgMCU_CR=0x00000007
[11:54:58.533]  </debugvars>
[11:54:58.533]  
[11:54:58.533]  <sequence name="DebugDeviceUnlock" Pname="" disable="false" info="">
[11:54:58.533]    <block atomic="false" info="">
[11:54:58.533]      Sequence("CheckID");
[11:54:58.533]        <sequence name="CheckID" Pname="" disable="false" info="">
[11:54:58.533]          <block atomic="false" info="">
[11:54:58.533]            __var pidr1 = 0;
[11:54:58.533]              // -> [pidr1 <= 0x00000000]
[11:54:58.533]            __var pidr2 = 0;
[11:54:58.533]              // -> [pidr2 <= 0x00000000]
[11:54:58.533]            __var jep106id = 0;
[11:54:58.533]              // -> [jep106id <= 0x00000000]
[11:54:58.533]            __var ROMTableBase = 0;
[11:54:58.533]              // -> [ROMTableBase <= 0x00000000]
[11:54:58.534]            __ap = 0;      // AHB-AP
[11:54:58.534]              // -> [__ap <= 0x00000000]
[11:54:58.534]            ROMTableBase = ReadAP(0xF8) & ~0x3;
[11:54:58.537]              // -> [ReadAP(0x000000F8) => 0xE00FF003] (__dp=0, __ap=0)
[11:54:58.537]              // -> [ROMTableBase <= 0xE00FF000]
[11:54:58.537]            pidr1 = Read32(ROMTableBase + 0x0FE4);
[11:54:58.541]              // -> [Read32(0xE00FFFE4) => 0x00000004] (__dp=0, __ap=0)
[11:54:58.541]              // -> [pidr1 <= 0x00000004]
[11:54:58.541]            pidr2 = Read32(ROMTableBase + 0x0FE8);
[11:54:58.544]              // -> [Read32(0xE00FFFE8) => 0x0000000A] (__dp=0, __ap=0)
[11:54:58.544]              // -> [pidr2 <= 0x0000000A]
[11:54:58.544]            jep106id = ((pidr2 & 0x7) << 4 ) | ((pidr1 >> 4) & 0xF);
[11:54:58.544]              // -> [jep106id <= 0x00000020]
[11:54:58.544]          </block>
[11:54:58.544]          <control if="jep106id != 0x20" while="" timeout="0" info="">
[11:54:58.544]            // if-block "jep106id != 0x20"
[11:54:58.544]              // =>  FALSE
[11:54:58.544]            // skip if-block "jep106id != 0x20"
[11:54:58.544]          </control>
[11:54:58.544]        </sequence>
[11:54:58.544]    </block>
[11:54:58.544]  </sequence>
[11:54:58.544]  
[11:54:58.589]  **********  Sequence "DebugCoreStart"  (Context="Connect", Pname="", info="")
[11:54:58.589]  
[11:54:58.590]  <debugvars>
[11:54:58.590]    __protocol=0x00010002   (Protocol="SWD", SWJ-DP="True")
[11:54:58.590]    __connection=0x00000202   (Connection Type="Flash", Reset Type="System Reset")
[11:54:58.590]    __dp=0x00000000
[11:54:58.590]    __ap=0x00000000
[11:54:58.590]    __traceout=0x00000000   (Trace Disabled)
[11:54:58.590]    __errorcontrol=0x00000000   (Skip Errors="False")
[11:54:58.590]    __FlashAddr=0x00000000
[11:54:58.590]    __FlashLen=0x00000000
[11:54:58.590]    __FlashArg=0x00000000
[11:54:58.590]    __FlashOp=0x00000000
[11:54:58.590]    __Result=0x00000000
[11:54:58.590]    DbgMCU_CR=0x00000007
[11:54:58.590]  </debugvars>
[11:54:58.590]  
[11:54:58.590]  <sequence name="DebugCoreStart" Pname="" disable="false" info="">
[11:54:58.590]    <block atomic="false" info="">
[11:54:58.590]      Write32(0xE000EDF0, 0xA05F0001);                                        // Enable Core Debug via DHCSR
[11:54:58.594]        // -> [Write32(0xE000EDF0, 0xA05F0001)] (__dp=0, __ap=0)
[11:54:58.594]      Write32(0xE0042004, DbgMCU_CR);                                         // DBGMCU_CR: Configure MCU Debug
[11:54:58.598]        // -> [Write32(0xE0042004, 0x00000007)] (__dp=0, __ap=0)
[11:54:58.598]    </block>
[11:54:58.598]  </sequence>
[11:54:58.598]  
[11:59:45.847]  **********  Sequence "DebugDeviceUnlock"  (Context="Connect", Pname="", info="")
[11:59:45.847]  
[11:59:45.848]  <debugvars>
[11:59:45.848]    __protocol=0x00010002   (Protocol="SWD", SWJ-DP="True")
[11:59:45.848]    __connection=0x00000202   (Connection Type="Flash", Reset Type="System Reset")
[11:59:45.848]    __dp=0x00000000
[11:59:45.848]    __ap=0x00000000
[11:59:45.848]    __traceout=0x00000000   (Trace Disabled)
[11:59:45.848]    __errorcontrol=0x00000000   (Skip Errors="False")
[11:59:45.848]    __FlashAddr=0x00000000
[11:59:45.848]    __FlashLen=0x00000000
[11:59:45.848]    __FlashArg=0x00000000
[11:59:45.848]    __FlashOp=0x00000000
[11:59:45.848]    __Result=0x00000000
[11:59:45.848]    DbgMCU_CR=0x00000007
[11:59:45.848]  </debugvars>
[11:59:45.848]  
[11:59:45.848]  <sequence name="DebugDeviceUnlock" Pname="" disable="false" info="">
[11:59:45.848]    <block atomic="false" info="">
[11:59:45.848]      Sequence("CheckID");
[11:59:45.848]        <sequence name="CheckID" Pname="" disable="false" info="">
[11:59:45.849]          <block atomic="false" info="">
[11:59:45.849]            __var pidr1 = 0;
[11:59:45.849]              // -> [pidr1 <= 0x00000000]
[11:59:45.849]            __var pidr2 = 0;
[11:59:45.849]              // -> [pidr2 <= 0x00000000]
[11:59:45.849]            __var jep106id = 0;
[11:59:45.849]              // -> [jep106id <= 0x00000000]
[11:59:45.849]            __var ROMTableBase = 0;
[11:59:45.849]              // -> [ROMTableBase <= 0x00000000]
[11:59:45.849]            __ap = 0;      // AHB-AP
[11:59:45.849]              // -> [__ap <= 0x00000000]
[11:59:45.849]            ROMTableBase = ReadAP(0xF8) & ~0x3;
[11:59:45.851]              // -> [ReadAP(0x000000F8) => 0xE00FF003] (__dp=0, __ap=0)
[11:59:45.851]              // -> [ROMTableBase <= 0xE00FF000]
[11:59:45.851]            pidr1 = Read32(ROMTableBase + 0x0FE4);
[11:59:45.855]              // -> [Read32(0xE00FFFE4) => 0x00000004] (__dp=0, __ap=0)
[11:59:45.855]              // -> [pidr1 <= 0x00000004]
[11:59:45.855]            pidr2 = Read32(ROMTableBase + 0x0FE8);
[11:59:45.857]              // -> [Read32(0xE00FFFE8) => 0x0000000A] (__dp=0, __ap=0)
[11:59:45.857]              // -> [pidr2 <= 0x0000000A]
[11:59:45.857]            jep106id = ((pidr2 & 0x7) << 4 ) | ((pidr1 >> 4) & 0xF);
[11:59:45.857]              // -> [jep106id <= 0x00000020]
[11:59:45.857]          </block>
[11:59:45.857]          <control if="jep106id != 0x20" while="" timeout="0" info="">
[11:59:45.858]            // if-block "jep106id != 0x20"
[11:59:45.858]              // =>  FALSE
[11:59:45.858]            // skip if-block "jep106id != 0x20"
[11:59:45.858]          </control>
[11:59:45.858]        </sequence>
[11:59:45.858]    </block>
[11:59:45.858]  </sequence>
[11:59:45.858]  
[11:59:45.900]  **********  Sequence "DebugCoreStart"  (Context="Connect", Pname="", info="")
[11:59:45.900]  
[11:59:45.900]  <debugvars>
[11:59:45.900]    __protocol=0x00010002   (Protocol="SWD", SWJ-DP="True")
[11:59:45.900]    __connection=0x00000202   (Connection Type="Flash", Reset Type="System Reset")
[11:59:45.900]    __dp=0x00000000
[11:59:45.900]    __ap=0x00000000
[11:59:45.900]    __traceout=0x00000000   (Trace Disabled)
[11:59:45.900]    __errorcontrol=0x00000000   (Skip Errors="False")
[11:59:45.900]    __FlashAddr=0x00000000
[11:59:45.900]    __FlashLen=0x00000000
[11:59:45.900]    __FlashArg=0x00000000
[11:59:45.900]    __FlashOp=0x00000000
[11:59:45.900]    __Result=0x00000000
[11:59:45.900]    DbgMCU_CR=0x00000007
[11:59:45.900]  </debugvars>
[11:59:45.900]  
[11:59:45.901]  <sequence name="DebugCoreStart" Pname="" disable="false" info="">
[11:59:45.901]    <block atomic="false" info="">
[11:59:45.901]      Write32(0xE000EDF0, 0xA05F0001);                                        // Enable Core Debug via DHCSR
[11:59:45.903]        // -> [Write32(0xE000EDF0, 0xA05F0001)] (__dp=0, __ap=0)
[11:59:45.903]      Write32(0xE0042004, DbgMCU_CR);                                         // DBGMCU_CR: Configure MCU Debug
[11:59:45.905]        // -> [Write32(0xE0042004, 0x00000007)] (__dp=0, __ap=0)
[11:59:45.906]    </block>
[11:59:45.906]  </sequence>
[11:59:45.906]  
[14:12:56.405]  **********  Sequence "DebugDeviceUnlock"  (Context="Connect", Pname="", info="")
[14:12:56.405]  
[14:12:56.406]  <debugvars>
[14:12:56.406]    __protocol=0x00010002   (Protocol="SWD", SWJ-DP="True")
[14:12:56.406]    __connection=0x00000202   (Connection Type="Flash", Reset Type="System Reset")
[14:12:56.406]    __dp=0x00000000
[14:12:56.406]    __ap=0x00000000
[14:12:56.406]    __traceout=0x00000000   (Trace Disabled)
[14:12:56.406]    __errorcontrol=0x00000000   (Skip Errors="False")
[14:12:56.406]    __FlashAddr=0x00000000
[14:12:56.406]    __FlashLen=0x00000000
[14:12:56.406]    __FlashArg=0x00000000
[14:12:56.406]    __FlashOp=0x00000000
[14:12:56.406]    __Result=0x00000000
[14:12:56.406]    DbgMCU_CR=0x00000007
[14:12:56.406]  </debugvars>
[14:12:56.406]  
[14:12:56.406]  <sequence name="DebugDeviceUnlock" Pname="" disable="false" info="">
[14:12:56.406]    <block atomic="false" info="">
[14:12:56.406]      Sequence("CheckID");
[14:12:56.406]        <sequence name="CheckID" Pname="" disable="false" info="">
[14:12:56.407]          <block atomic="false" info="">
[14:12:56.407]            __var pidr1 = 0;
[14:12:56.407]              // -> [pidr1 <= 0x00000000]
[14:12:56.407]            __var pidr2 = 0;
[14:12:56.407]              // -> [pidr2 <= 0x00000000]
[14:12:56.407]            __var jep106id = 0;
[14:12:56.407]              // -> [jep106id <= 0x00000000]
[14:12:56.407]            __var ROMTableBase = 0;
[14:12:56.407]              // -> [ROMTableBase <= 0x00000000]
[14:12:56.407]            __ap = 0;      // AHB-AP
[14:12:56.407]              // -> [__ap <= 0x00000000]
[14:12:56.407]            ROMTableBase = ReadAP(0xF8) & ~0x3;
[14:12:56.409]              // -> [ReadAP(0x000000F8) => 0xE00FF003] (__dp=0, __ap=0)
[14:12:56.409]              // -> [ROMTableBase <= 0xE00FF000]
[14:12:56.409]            pidr1 = Read32(ROMTableBase + 0x0FE4);
[14:12:56.412]              // -> [Read32(0xE00FFFE4) => 0x00000004] (__dp=0, __ap=0)
[14:12:56.412]              // -> [pidr1 <= 0x00000004]
[14:12:56.412]            pidr2 = Read32(ROMTableBase + 0x0FE8);
[14:12:56.415]              // -> [Read32(0xE00FFFE8) => 0x0000000A] (__dp=0, __ap=0)
[14:12:56.415]              // -> [pidr2 <= 0x0000000A]
[14:12:56.415]            jep106id = ((pidr2 & 0x7) << 4 ) | ((pidr1 >> 4) & 0xF);
[14:12:56.415]              // -> [jep106id <= 0x00000020]
[14:12:56.415]          </block>
[14:12:56.415]          <control if="jep106id != 0x20" while="" timeout="0" info="">
[14:12:56.415]            // if-block "jep106id != 0x20"
[14:12:56.415]              // =>  FALSE
[14:12:56.415]            // skip if-block "jep106id != 0x20"
[14:12:56.415]          </control>
[14:12:56.415]        </sequence>
[14:12:56.415]    </block>
[14:12:56.415]  </sequence>
[14:12:56.416]  
[14:12:56.459]  **********  Sequence "DebugCoreStart"  (Context="Connect", Pname="", info="")
[14:12:56.459]  
[14:12:56.459]  <debugvars>
[14:12:56.459]    __protocol=0x00010002   (Protocol="SWD", SWJ-DP="True")
[14:12:56.459]    __connection=0x00000202   (Connection Type="Flash", Reset Type="System Reset")
[14:12:56.459]    __dp=0x00000000
[14:12:56.459]    __ap=0x00000000
[14:12:56.459]    __traceout=0x00000000   (Trace Disabled)
[14:12:56.459]    __errorcontrol=0x00000000   (Skip Errors="False")
[14:12:56.459]    __FlashAddr=0x00000000
[14:12:56.459]    __FlashLen=0x00000000
[14:12:56.459]    __FlashArg=0x00000000
[14:12:56.459]    __FlashOp=0x00000000
[14:12:56.459]    __Result=0x00000000
[14:12:56.459]    DbgMCU_CR=0x00000007
[14:12:56.460]  </debugvars>
[14:12:56.460]  
[14:12:56.460]  <sequence name="DebugCoreStart" Pname="" disable="false" info="">
[14:12:56.460]    <block atomic="false" info="">
[14:12:56.460]      Write32(0xE000EDF0, 0xA05F0001);                                        // Enable Core Debug via DHCSR
[14:12:56.462]        // -> [Write32(0xE000EDF0, 0xA05F0001)] (__dp=0, __ap=0)
[14:12:56.462]      Write32(0xE0042004, DbgMCU_CR);                                         // DBGMCU_CR: Configure MCU Debug
[14:12:56.465]        // -> [Write32(0xE0042004, 0x00000007)] (__dp=0, __ap=0)
[14:12:56.465]    </block>
[14:12:56.465]  </sequence>
[14:12:56.465]  
[14:13:18.327]  **********  Sequence "DebugDeviceUnlock"  (Context="Connect", Pname="", info="")
[14:13:18.327]  
[14:13:18.328]  <debugvars>
[14:13:18.328]    __protocol=0x00010002   (Protocol="SWD", SWJ-DP="True")
[14:13:18.328]    __connection=0x00000202   (Connection Type="Flash", Reset Type="System Reset")
[14:13:18.328]    __dp=0x00000000
[14:13:18.328]    __ap=0x00000000
[14:13:18.329]    __traceout=0x00000000   (Trace Disabled)
[14:13:18.329]    __errorcontrol=0x00000000   (Skip Errors="False")
[14:13:18.329]    __FlashAddr=0x00000000
[14:13:18.329]    __FlashLen=0x00000000
[14:13:18.329]    __FlashArg=0x00000000
[14:13:18.329]    __FlashOp=0x00000000
[14:13:18.329]    __Result=0x00000000
[14:13:18.329]    DbgMCU_CR=0x00000007
[14:13:18.329]  </debugvars>
[14:13:18.329]  
[14:13:18.329]  <sequence name="DebugDeviceUnlock" Pname="" disable="false" info="">
[14:13:18.329]    <block atomic="false" info="">
[14:13:18.329]      Sequence("CheckID");
[14:13:18.329]        <sequence name="CheckID" Pname="" disable="false" info="">
[14:13:18.329]          <block atomic="false" info="">
[14:13:18.329]            __var pidr1 = 0;
[14:13:18.329]              // -> [pidr1 <= 0x00000000]
[14:13:18.329]            __var pidr2 = 0;
[14:13:18.329]              // -> [pidr2 <= 0x00000000]
[14:13:18.329]            __var jep106id = 0;
[14:13:18.329]              // -> [jep106id <= 0x00000000]
[14:13:18.329]            __var ROMTableBase = 0;
[14:13:18.329]              // -> [ROMTableBase <= 0x00000000]
[14:13:18.329]            __ap = 0;      // AHB-AP
[14:13:18.329]              // -> [__ap <= 0x00000000]
[14:13:18.329]            ROMTableBase = ReadAP(0xF8) & ~0x3;
[14:13:18.331]              // -> [ReadAP(0x000000F8) => 0xE00FF003] (__dp=0, __ap=0)
[14:13:18.331]              // -> [ROMTableBase <= 0xE00FF000]
[14:13:18.331]            pidr1 = Read32(ROMTableBase + 0x0FE4);
[14:13:18.335]              // -> [Read32(0xE00FFFE4) => 0x00000004] (__dp=0, __ap=0)
[14:13:18.335]              // -> [pidr1 <= 0x00000004]
[14:13:18.335]            pidr2 = Read32(ROMTableBase + 0x0FE8);
[14:13:18.337]              // -> [Read32(0xE00FFFE8) => 0x0000000A] (__dp=0, __ap=0)
[14:13:18.338]              // -> [pidr2 <= 0x0000000A]
[14:13:18.338]            jep106id = ((pidr2 & 0x7) << 4 ) | ((pidr1 >> 4) & 0xF);
[14:13:18.338]              // -> [jep106id <= 0x00000020]
[14:13:18.338]          </block>
[14:13:18.338]          <control if="jep106id != 0x20" while="" timeout="0" info="">
[14:13:18.338]            // if-block "jep106id != 0x20"
[14:13:18.338]              // =>  FALSE
[14:13:18.338]            // skip if-block "jep106id != 0x20"
[14:13:18.338]          </control>
[14:13:18.338]        </sequence>
[14:13:18.338]    </block>
[14:13:18.338]  </sequence>
[14:13:18.338]  
[14:13:18.377]  **********  Sequence "DebugCoreStart"  (Context="Connect", Pname="", info="")
[14:13:18.377]  
[14:13:18.377]  <debugvars>
[14:13:18.377]    __protocol=0x00010002   (Protocol="SWD", SWJ-DP="True")
[14:13:18.377]    __connection=0x00000202   (Connection Type="Flash", Reset Type="System Reset")
[14:13:18.377]    __dp=0x00000000
[14:13:18.377]    __ap=0x00000000
[14:13:18.377]    __traceout=0x00000000   (Trace Disabled)
[14:13:18.377]    __errorcontrol=0x00000000   (Skip Errors="False")
[14:13:18.377]    __FlashAddr=0x00000000
[14:13:18.378]    __FlashLen=0x00000000
[14:13:18.378]    __FlashArg=0x00000000
[14:13:18.378]    __FlashOp=0x00000000
[14:13:18.378]    __Result=0x00000000
[14:13:18.378]    DbgMCU_CR=0x00000007
[14:13:18.378]  </debugvars>
[14:13:18.378]  
[14:13:18.378]  <sequence name="DebugCoreStart" Pname="" disable="false" info="">
[14:13:18.378]    <block atomic="false" info="">
[14:13:18.378]      Write32(0xE000EDF0, 0xA05F0001);                                        // Enable Core Debug via DHCSR
[14:13:18.381]        // -> [Write32(0xE000EDF0, 0xA05F0001)] (__dp=0, __ap=0)
[14:13:18.381]      Write32(0xE0042004, DbgMCU_CR);                                         // DBGMCU_CR: Configure MCU Debug
[14:13:18.384]        // -> [Write32(0xE0042004, 0x00000007)] (__dp=0, __ap=0)
[14:13:18.384]    </block>
[14:13:18.384]  </sequence>
[14:13:18.384]  
[14:20:29.453]  **********  Sequence "DebugDeviceUnlock"  (Context="Connect", Pname="", info="")
[14:20:29.453]  
[14:20:29.454]  <debugvars>
[14:20:29.454]    __protocol=0x00010002   (Protocol="SWD", SWJ-DP="True")
[14:20:29.455]    __connection=0x00000202   (Connection Type="Flash", Reset Type="System Reset")
[14:20:29.455]    __dp=0x00000000
[14:20:29.455]    __ap=0x00000000
[14:20:29.455]    __traceout=0x00000000   (Trace Disabled)
[14:20:29.455]    __errorcontrol=0x00000000   (Skip Errors="False")
[14:20:29.455]    __FlashAddr=0x00000000
[14:20:29.455]    __FlashLen=0x00000000
[14:20:29.455]    __FlashArg=0x00000000
[14:20:29.455]    __FlashOp=0x00000000
[14:20:29.455]    __Result=0x00000000
[14:20:29.455]    DbgMCU_CR=0x00000007
[14:20:29.455]  </debugvars>
[14:20:29.455]  
[14:20:29.455]  <sequence name="DebugDeviceUnlock" Pname="" disable="false" info="">
[14:20:29.455]    <block atomic="false" info="">
[14:20:29.455]      Sequence("CheckID");
[14:20:29.455]        <sequence name="CheckID" Pname="" disable="false" info="">
[14:20:29.455]          <block atomic="false" info="">
[14:20:29.455]            __var pidr1 = 0;
[14:20:29.456]              // -> [pidr1 <= 0x00000000]
[14:20:29.456]            __var pidr2 = 0;
[14:20:29.456]              // -> [pidr2 <= 0x00000000]
[14:20:29.456]            __var jep106id = 0;
[14:20:29.456]              // -> [jep106id <= 0x00000000]
[14:20:29.456]            __var ROMTableBase = 0;
[14:20:29.456]              // -> [ROMTableBase <= 0x00000000]
[14:20:29.456]            __ap = 0;      // AHB-AP
[14:20:29.456]              // -> [__ap <= 0x00000000]
[14:20:29.456]            ROMTableBase = ReadAP(0xF8) & ~0x3;
[14:20:29.458]              // -> [ReadAP(0x000000F8) => 0xE00FF003] (__dp=0, __ap=0)
[14:20:29.458]              // -> [ROMTableBase <= 0xE00FF000]
[14:20:29.458]            pidr1 = Read32(ROMTableBase + 0x0FE4);
[14:20:29.462]              // -> [Read32(0xE00FFFE4) => 0x00000004] (__dp=0, __ap=0)
[14:20:29.462]              // -> [pidr1 <= 0x00000004]
[14:20:29.462]            pidr2 = Read32(ROMTableBase + 0x0FE8);
[14:20:29.464]              // -> [Read32(0xE00FFFE8) => 0x0000000A] (__dp=0, __ap=0)
[14:20:29.464]              // -> [pidr2 <= 0x0000000A]
[14:20:29.464]            jep106id = ((pidr2 & 0x7) << 4 ) | ((pidr1 >> 4) & 0xF);
[14:20:29.465]              // -> [jep106id <= 0x00000020]
[14:20:29.465]          </block>
[14:20:29.465]          <control if="jep106id != 0x20" while="" timeout="0" info="">
[14:20:29.465]            // if-block "jep106id != 0x20"
[14:20:29.465]              // =>  FALSE
[14:20:29.465]            // skip if-block "jep106id != 0x20"
[14:20:29.465]          </control>
[14:20:29.465]        </sequence>
[14:20:29.465]    </block>
[14:20:29.465]  </sequence>
[14:20:29.465]  
[14:20:29.508]  **********  Sequence "DebugCoreStart"  (Context="Connect", Pname="", info="")
[14:20:29.508]  
[14:20:29.508]  <debugvars>
[14:20:29.508]    __protocol=0x00010002   (Protocol="SWD", SWJ-DP="True")
[14:20:29.508]    __connection=0x00000202   (Connection Type="Flash", Reset Type="System Reset")
[14:20:29.508]    __dp=0x00000000
[14:20:29.508]    __ap=0x00000000
[14:20:29.508]    __traceout=0x00000000   (Trace Disabled)
[14:20:29.508]    __errorcontrol=0x00000000   (Skip Errors="False")
[14:20:29.508]    __FlashAddr=0x00000000
[14:20:29.508]    __FlashLen=0x00000000
[14:20:29.508]    __FlashArg=0x00000000
[14:20:29.509]    __FlashOp=0x00000000
[14:20:29.509]    __Result=0x00000000
[14:20:29.509]    DbgMCU_CR=0x00000007
[14:20:29.509]  </debugvars>
[14:20:29.509]  
[14:20:29.509]  <sequence name="DebugCoreStart" Pname="" disable="false" info="">
[14:20:29.509]    <block atomic="false" info="">
[14:20:29.509]      Write32(0xE000EDF0, 0xA05F0001);                                        // Enable Core Debug via DHCSR
[14:20:29.511]        // -> [Write32(0xE000EDF0, 0xA05F0001)] (__dp=0, __ap=0)
[14:20:29.512]      Write32(0xE0042004, DbgMCU_CR);                                         // DBGMCU_CR: Configure MCU Debug
[14:20:29.515]        // -> [Write32(0xE0042004, 0x00000007)] (__dp=0, __ap=0)
[14:20:29.515]    </block>
[14:20:29.515]  </sequence>
[14:20:29.515]  
[14:20:49.944]  **********  Sequence "DebugDeviceUnlock"  (Context="Connect", Pname="", info="")
[14:20:49.944]  
[14:20:49.945]  <debugvars>
[14:20:49.945]    __protocol=0x00010002   (Protocol="SWD", SWJ-DP="True")
[14:20:49.945]    __connection=0x00000202   (Connection Type="Flash", Reset Type="System Reset")
[14:20:49.945]    __dp=0x00000000
[14:20:49.945]    __ap=0x00000000
[14:20:49.945]    __traceout=0x00000000   (Trace Disabled)
[14:20:49.945]    __errorcontrol=0x00000000   (Skip Errors="False")
[14:20:49.945]    __FlashAddr=0x00000000
[14:20:49.945]    __FlashLen=0x00000000
[14:20:49.945]    __FlashArg=0x00000000
[14:20:49.945]    __FlashOp=0x00000000
[14:20:49.945]    __Result=0x00000000
[14:20:49.945]    DbgMCU_CR=0x00000007
[14:20:49.945]  </debugvars>
[14:20:49.945]  
[14:20:49.945]  <sequence name="DebugDeviceUnlock" Pname="" disable="false" info="">
[14:20:49.946]    <block atomic="false" info="">
[14:20:49.946]      Sequence("CheckID");
[14:20:49.946]        <sequence name="CheckID" Pname="" disable="false" info="">
[14:20:49.946]          <block atomic="false" info="">
[14:20:49.946]            __var pidr1 = 0;
[14:20:49.946]              // -> [pidr1 <= 0x00000000]
[14:20:49.946]            __var pidr2 = 0;
[14:20:49.946]              // -> [pidr2 <= 0x00000000]
[14:20:49.946]            __var jep106id = 0;
[14:20:49.946]              // -> [jep106id <= 0x00000000]
[14:20:49.946]            __var ROMTableBase = 0;
[14:20:49.946]              // -> [ROMTableBase <= 0x00000000]
[14:20:49.946]            __ap = 0;      // AHB-AP
[14:20:49.946]              // -> [__ap <= 0x00000000]
[14:20:49.946]            ROMTableBase = ReadAP(0xF8) & ~0x3;
[14:20:49.948]              // -> [ReadAP(0x000000F8) => 0xE00FF003] (__dp=0, __ap=0)
[14:20:49.949]              // -> [ROMTableBase <= 0xE00FF000]
[14:20:49.949]            pidr1 = Read32(ROMTableBase + 0x0FE4);
[14:20:49.952]              // -> [Read32(0xE00FFFE4) => 0x00000004] (__dp=0, __ap=0)
[14:20:49.952]              // -> [pidr1 <= 0x00000004]
[14:20:49.952]            pidr2 = Read32(ROMTableBase + 0x0FE8);
[14:20:49.955]              // -> [Read32(0xE00FFFE8) => 0x0000000A] (__dp=0, __ap=0)
[14:20:49.955]              // -> [pidr2 <= 0x0000000A]
[14:20:49.955]            jep106id = ((pidr2 & 0x7) << 4 ) | ((pidr1 >> 4) & 0xF);
[14:20:49.955]              // -> [jep106id <= 0x00000020]
[14:20:49.955]          </block>
[14:20:49.955]          <control if="jep106id != 0x20" while="" timeout="0" info="">
[14:20:49.955]            // if-block "jep106id != 0x20"
[14:20:49.955]              // =>  FALSE
[14:20:49.956]            // skip if-block "jep106id != 0x20"
[14:20:49.956]          </control>
[14:20:49.956]        </sequence>
[14:20:49.956]    </block>
[14:20:49.956]  </sequence>
[14:20:49.956]  
[14:20:49.996]  **********  Sequence "DebugCoreStart"  (Context="Connect", Pname="", info="")
[14:20:49.996]  
[14:20:49.996]  <debugvars>
[14:20:49.996]    __protocol=0x00010002   (Protocol="SWD", SWJ-DP="True")
[14:20:49.996]    __connection=0x00000202   (Connection Type="Flash", Reset Type="System Reset")
[14:20:49.997]    __dp=0x00000000
[14:20:49.997]    __ap=0x00000000
[14:20:49.997]    __traceout=0x00000000   (Trace Disabled)
[14:20:49.997]    __errorcontrol=0x00000000   (Skip Errors="False")
[14:20:49.997]    __FlashAddr=0x00000000
[14:20:49.997]    __FlashLen=0x00000000
[14:20:49.997]    __FlashArg=0x00000000
[14:20:49.997]    __FlashOp=0x00000000
[14:20:49.997]    __Result=0x00000000
[14:20:49.997]    DbgMCU_CR=0x00000007
[14:20:49.997]  </debugvars>
[14:20:49.997]  
[14:20:49.997]  <sequence name="DebugCoreStart" Pname="" disable="false" info="">
[14:20:49.997]    <block atomic="false" info="">
[14:20:49.998]      Write32(0xE000EDF0, 0xA05F0001);                                        // Enable Core Debug via DHCSR
[14:20:50.000]        // -> [Write32(0xE000EDF0, 0xA05F0001)] (__dp=0, __ap=0)
[14:20:50.000]      Write32(0xE0042004, DbgMCU_CR);                                         // DBGMCU_CR: Configure MCU Debug
[14:20:50.003]        // -> [Write32(0xE0042004, 0x00000007)] (__dp=0, __ap=0)
[14:20:50.003]    </block>
[14:20:50.003]  </sequence>
[14:20:50.003]  
[14:21:04.406]  **********  Sequence "DebugDeviceUnlock"  (Context="Connect", Pname="", info="")
[14:21:04.406]  
[14:21:04.406]  <debugvars>
[14:21:04.406]    __protocol=0x00010002   (Protocol="SWD", SWJ-DP="True")
[14:21:04.407]    __connection=0x00000202   (Connection Type="Flash", Reset Type="System Reset")
[14:21:04.407]    __dp=0x00000000
[14:21:04.407]    __ap=0x00000000
[14:21:04.407]    __traceout=0x00000000   (Trace Disabled)
[14:21:04.407]    __errorcontrol=0x00000000   (Skip Errors="False")
[14:21:04.407]    __FlashAddr=0x00000000
[14:21:04.407]    __FlashLen=0x00000000
[14:21:04.407]    __FlashArg=0x00000000
[14:21:04.407]    __FlashOp=0x00000000
[14:21:04.407]    __Result=0x00000000
[14:21:04.407]    DbgMCU_CR=0x00000007
[14:21:04.407]  </debugvars>
[14:21:04.407]  
[14:21:04.407]  <sequence name="DebugDeviceUnlock" Pname="" disable="false" info="">
[14:21:04.407]    <block atomic="false" info="">
[14:21:04.407]      Sequence("CheckID");
[14:21:04.407]        <sequence name="CheckID" Pname="" disable="false" info="">
[14:21:04.407]          <block atomic="false" info="">
[14:21:04.407]            __var pidr1 = 0;
[14:21:04.407]              // -> [pidr1 <= 0x00000000]
[14:21:04.407]            __var pidr2 = 0;
[14:21:04.408]              // -> [pidr2 <= 0x00000000]
[14:21:04.408]            __var jep106id = 0;
[14:21:04.408]              // -> [jep106id <= 0x00000000]
[14:21:04.408]            __var ROMTableBase = 0;
[14:21:04.408]              // -> [ROMTableBase <= 0x00000000]
[14:21:04.408]            __ap = 0;      // AHB-AP
[14:21:04.408]              // -> [__ap <= 0x00000000]
[14:21:04.408]            ROMTableBase = ReadAP(0xF8) & ~0x3;
[14:21:04.410]              // -> [ReadAP(0x000000F8) => 0xE00FF003] (__dp=0, __ap=0)
[14:21:04.410]              // -> [ROMTableBase <= 0xE00FF000]
[14:21:04.410]            pidr1 = Read32(ROMTableBase + 0x0FE4);
[14:21:04.413]              // -> [Read32(0xE00FFFE4) => 0x00000004] (__dp=0, __ap=0)
[14:21:04.413]              // -> [pidr1 <= 0x00000004]
[14:21:04.413]            pidr2 = Read32(ROMTableBase + 0x0FE8);
[14:21:04.416]              // -> [Read32(0xE00FFFE8) => 0x0000000A] (__dp=0, __ap=0)
[14:21:04.416]              // -> [pidr2 <= 0x0000000A]
[14:21:04.416]            jep106id = ((pidr2 & 0x7) << 4 ) | ((pidr1 >> 4) & 0xF);
[14:21:04.416]              // -> [jep106id <= 0x00000020]
[14:21:04.416]          </block>
[14:21:04.416]          <control if="jep106id != 0x20" while="" timeout="0" info="">
[14:21:04.416]            // if-block "jep106id != 0x20"
[14:21:04.416]              // =>  FALSE
[14:21:04.416]            // skip if-block "jep106id != 0x20"
[14:21:04.416]          </control>
[14:21:04.418]        </sequence>
[14:21:04.418]    </block>
[14:21:04.418]  </sequence>
[14:21:04.418]  
[14:21:04.457]  **********  Sequence "DebugCoreStart"  (Context="Connect", Pname="", info="")
[14:21:04.457]  
[14:21:04.457]  <debugvars>
[14:21:04.458]    __protocol=0x00010002   (Protocol="SWD", SWJ-DP="True")
[14:21:04.458]    __connection=0x00000202   (Connection Type="Flash", Reset Type="System Reset")
[14:21:04.458]    __dp=0x00000000
[14:21:04.458]    __ap=0x00000000
[14:21:04.458]    __traceout=0x00000000   (Trace Disabled)
[14:21:04.458]    __errorcontrol=0x00000000   (Skip Errors="False")
[14:21:04.458]    __FlashAddr=0x00000000
[14:21:04.458]    __FlashLen=0x00000000
[14:21:04.458]    __FlashArg=0x00000000
[14:21:04.458]    __FlashOp=0x00000000
[14:21:04.458]    __Result=0x00000000
[14:21:04.458]    DbgMCU_CR=0x00000007
[14:21:04.458]  </debugvars>
[14:21:04.458]  
[14:21:04.458]  <sequence name="DebugCoreStart" Pname="" disable="false" info="">
[14:21:04.458]    <block atomic="false" info="">
[14:21:04.458]      Write32(0xE000EDF0, 0xA05F0001);                                        // Enable Core Debug via DHCSR
[14:21:04.461]        // -> [Write32(0xE000EDF0, 0xA05F0001)] (__dp=0, __ap=0)
[14:21:04.461]      Write32(0xE0042004, DbgMCU_CR);                                         // DBGMCU_CR: Configure MCU Debug
[14:21:04.463]        // -> [Write32(0xE0042004, 0x00000007)] (__dp=0, __ap=0)
[14:21:04.463]    </block>
[14:21:04.463]  </sequence>
[14:21:04.463]  
[14:50:32.909]  **********  Sequence "DebugDeviceUnlock"  (Context="Connect", Pname="", info="")
[14:50:32.909]  
[14:50:32.910]  <debugvars>
[14:50:32.910]    __protocol=0x00010002   (Protocol="SWD", SWJ-DP="True")
[14:50:32.910]    __connection=0x00000202   (Connection Type="Flash", Reset Type="System Reset")
[14:50:32.910]    __dp=0x00000000
[14:50:32.910]    __ap=0x00000000
[14:50:32.910]    __traceout=0x00000000   (Trace Disabled)
[14:50:32.910]    __errorcontrol=0x00000000   (Skip Errors="False")
[14:50:32.910]    __FlashAddr=0x00000000
[14:50:32.910]    __FlashLen=0x00000000
[14:50:32.911]    __FlashArg=0x00000000
[14:50:32.911]    __FlashOp=0x00000000
[14:50:32.911]    __Result=0x00000000
[14:50:32.911]    DbgMCU_CR=0x00000007
[14:50:32.911]  </debugvars>
[14:50:32.911]  
[14:50:32.911]  <sequence name="DebugDeviceUnlock" Pname="" disable="false" info="">
[14:50:32.911]    <block atomic="false" info="">
[14:50:32.911]      Sequence("CheckID");
[14:50:32.911]        <sequence name="CheckID" Pname="" disable="false" info="">
[14:50:32.911]          <block atomic="false" info="">
[14:50:32.911]            __var pidr1 = 0;
[14:50:32.911]              // -> [pidr1 <= 0x00000000]
[14:50:32.911]            __var pidr2 = 0;
[14:50:32.911]              // -> [pidr2 <= 0x00000000]
[14:50:32.911]            __var jep106id = 0;
[14:50:32.911]              // -> [jep106id <= 0x00000000]
[14:50:32.911]            __var ROMTableBase = 0;
[14:50:32.911]              // -> [ROMTableBase <= 0x00000000]
[14:50:32.911]            __ap = 0;      // AHB-AP
[14:50:32.911]              // -> [__ap <= 0x00000000]
[14:50:32.911]            ROMTableBase = ReadAP(0xF8) & ~0x3;
[14:50:32.913]              // -> [ReadAP(0x000000F8) => 0xE00FF003] (__dp=0, __ap=0)
[14:50:32.913]              // -> [ROMTableBase <= 0xE00FF000]
[14:50:32.913]            pidr1 = Read32(ROMTableBase + 0x0FE4);
[14:50:32.917]              // -> [Read32(0xE00FFFE4) => 0x00000004] (__dp=0, __ap=0)
[14:50:32.917]              // -> [pidr1 <= 0x00000004]
[14:50:32.917]            pidr2 = Read32(ROMTableBase + 0x0FE8);
[14:50:32.919]              // -> [Read32(0xE00FFFE8) => 0x0000000A] (__dp=0, __ap=0)
[14:50:32.919]              // -> [pidr2 <= 0x0000000A]
[14:50:32.919]            jep106id = ((pidr2 & 0x7) << 4 ) | ((pidr1 >> 4) & 0xF);
[14:50:32.919]              // -> [jep106id <= 0x00000020]
[14:50:32.919]          </block>
[14:50:32.920]          <control if="jep106id != 0x20" while="" timeout="0" info="">
[14:50:32.920]            // if-block "jep106id != 0x20"
[14:50:32.920]              // =>  FALSE
[14:50:32.920]            // skip if-block "jep106id != 0x20"
[14:50:32.920]          </control>
[14:50:32.920]        </sequence>
[14:50:32.920]    </block>
[14:50:32.920]  </sequence>
[14:50:32.920]  
[14:50:32.962]  **********  Sequence "DebugCoreStart"  (Context="Connect", Pname="", info="")
[14:50:32.962]  
[14:50:32.962]  <debugvars>
[14:50:32.963]    __protocol=0x00010002   (Protocol="SWD", SWJ-DP="True")
[14:50:32.963]    __connection=0x00000202   (Connection Type="Flash", Reset Type="System Reset")
[14:50:32.963]    __dp=0x00000000
[14:50:32.963]    __ap=0x00000000
[14:50:32.963]    __traceout=0x00000000   (Trace Disabled)
[14:50:32.963]    __errorcontrol=0x00000000   (Skip Errors="False")
[14:50:32.963]    __FlashAddr=0x00000000
[14:50:32.963]    __FlashLen=0x00000000
[14:50:32.963]    __FlashArg=0x00000000
[14:50:32.963]    __FlashOp=0x00000000
[14:50:32.963]    __Result=0x00000000
[14:50:32.963]    DbgMCU_CR=0x00000007
[14:50:32.963]  </debugvars>
[14:50:32.963]  
[14:50:32.963]  <sequence name="DebugCoreStart" Pname="" disable="false" info="">
[14:50:32.963]    <block atomic="false" info="">
[14:50:32.963]      Write32(0xE000EDF0, 0xA05F0001);                                        // Enable Core Debug via DHCSR
[14:50:32.966]        // -> [Write32(0xE000EDF0, 0xA05F0001)] (__dp=0, __ap=0)
[14:50:32.966]      Write32(0xE0042004, DbgMCU_CR);                                         // DBGMCU_CR: Configure MCU Debug
[14:50:32.968]        // -> [Write32(0xE0042004, 0x00000007)] (__dp=0, __ap=0)
[14:50:32.968]    </block>
[14:50:32.968]  </sequence>
[14:50:32.969]  
[14:52:17.477]  **********  Sequence "DebugDeviceUnlock"  (Context="Connect", Pname="", info="")
[14:52:17.477]  
[14:52:17.478]  <debugvars>
[14:52:17.478]    __protocol=0x00010002   (Protocol="SWD", SWJ-DP="True")
[14:52:17.478]    __connection=0x00000202   (Connection Type="Flash", Reset Type="System Reset")
[14:52:17.478]    __dp=0x00000000
[14:52:17.478]    __ap=0x00000000
[14:52:17.478]    __traceout=0x00000000   (Trace Disabled)
[14:52:17.478]    __errorcontrol=0x00000000   (Skip Errors="False")
[14:52:17.478]    __FlashAddr=0x00000000
[14:52:17.478]    __FlashLen=0x00000000
[14:52:17.478]    __FlashArg=0x00000000
[14:52:17.479]    __FlashOp=0x00000000
[14:52:17.479]    __Result=0x00000000
[14:52:17.479]    DbgMCU_CR=0x00000007
[14:52:17.479]  </debugvars>
[14:52:17.479]  
[14:52:17.479]  <sequence name="DebugDeviceUnlock" Pname="" disable="false" info="">
[14:52:17.479]    <block atomic="false" info="">
[14:52:17.479]      Sequence("CheckID");
[14:52:17.479]        <sequence name="CheckID" Pname="" disable="false" info="">
[14:52:17.479]          <block atomic="false" info="">
[14:52:17.479]            __var pidr1 = 0;
[14:52:17.479]              // -> [pidr1 <= 0x00000000]
[14:52:17.479]            __var pidr2 = 0;
[14:52:17.479]              // -> [pidr2 <= 0x00000000]
[14:52:17.479]            __var jep106id = 0;
[14:52:17.479]              // -> [jep106id <= 0x00000000]
[14:52:17.479]            __var ROMTableBase = 0;
[14:52:17.479]              // -> [ROMTableBase <= 0x00000000]
[14:52:17.479]            __ap = 0;      // AHB-AP
[14:52:17.479]              // -> [__ap <= 0x00000000]
[14:52:17.479]            ROMTableBase = ReadAP(0xF8) & ~0x3;
[14:52:17.481]              // -> [ReadAP(0x000000F8) => 0xE00FF003] (__dp=0, __ap=0)
[14:52:17.481]              // -> [ROMTableBase <= 0xE00FF000]
[14:52:17.481]            pidr1 = Read32(ROMTableBase + 0x0FE4);
[14:52:17.485]              // -> [Read32(0xE00FFFE4) => 0x00000004] (__dp=0, __ap=0)
[14:52:17.485]              // -> [pidr1 <= 0x00000004]
[14:52:17.485]            pidr2 = Read32(ROMTableBase + 0x0FE8);
[14:52:17.487]              // -> [Read32(0xE00FFFE8) => 0x0000000A] (__dp=0, __ap=0)
[14:52:17.487]              // -> [pidr2 <= 0x0000000A]
[14:52:17.487]            jep106id = ((pidr2 & 0x7) << 4 ) | ((pidr1 >> 4) & 0xF);
[14:52:17.488]              // -> [jep106id <= 0x00000020]
[14:52:17.488]          </block>
[14:52:17.488]          <control if="jep106id != 0x20" while="" timeout="0" info="">
[14:52:17.488]            // if-block "jep106id != 0x20"
[14:52:17.488]              // =>  FALSE
[14:52:17.488]            // skip if-block "jep106id != 0x20"
[14:52:17.488]          </control>
[14:52:17.488]        </sequence>
[14:52:17.488]    </block>
[14:52:17.488]  </sequence>
[14:52:17.488]  
[14:52:17.530]  **********  Sequence "DebugCoreStart"  (Context="Connect", Pname="", info="")
[14:52:17.530]  
[14:52:17.530]  <debugvars>
[14:52:17.530]    __protocol=0x00010002   (Protocol="SWD", SWJ-DP="True")
[14:52:17.530]    __connection=0x00000202   (Connection Type="Flash", Reset Type="System Reset")
[14:52:17.530]    __dp=0x00000000
[14:52:17.531]    __ap=0x00000000
[14:52:17.531]    __traceout=0x00000000   (Trace Disabled)
[14:52:17.531]    __errorcontrol=0x00000000   (Skip Errors="False")
[14:52:17.531]    __FlashAddr=0x00000000
[14:52:17.531]    __FlashLen=0x00000000
[14:52:17.531]    __FlashArg=0x00000000
[14:52:17.531]    __FlashOp=0x00000000
[14:52:17.531]    __Result=0x00000000
[14:52:17.531]    DbgMCU_CR=0x00000007
[14:52:17.531]  </debugvars>
[14:52:17.531]  
[14:52:17.531]  <sequence name="DebugCoreStart" Pname="" disable="false" info="">
[14:52:17.531]    <block atomic="false" info="">
[14:52:17.531]      Write32(0xE000EDF0, 0xA05F0001);                                        // Enable Core Debug via DHCSR
[14:52:17.534]        // -> [Write32(0xE000EDF0, 0xA05F0001)] (__dp=0, __ap=0)
[14:52:17.534]      Write32(0xE0042004, DbgMCU_CR);                                         // DBGMCU_CR: Configure MCU Debug
[14:52:17.536]        // -> [Write32(0xE0042004, 0x00000007)] (__dp=0, __ap=0)
[14:52:17.536]    </block>
[14:52:17.536]  </sequence>
[14:52:17.536]  
[14:52:36.935]  **********  Sequence "DebugDeviceUnlock"  (Context="Connect", Pname="", info="")
[14:52:36.935]  
[14:52:36.935]  <debugvars>
[14:52:36.935]    __protocol=0x00010002   (Protocol="SWD", SWJ-DP="True")
[14:52:36.935]    __connection=0x00000201   (Connection Type="Debug", Reset Type="System Reset")
[14:52:36.935]    __dp=0x00000000
[14:52:36.936]    __ap=0x00000000
[14:52:36.936]    __traceout=0x00000000   (Trace Disabled)
[14:52:36.936]    __errorcontrol=0x00000000   (Skip Errors="False")
[14:52:36.936]    __FlashAddr=0x00000000
[14:52:36.936]    __FlashLen=0x00000000
[14:52:36.936]    __FlashArg=0x00000000
[14:52:36.936]    __FlashOp=0x00000000
[14:52:36.936]    __Result=0x00000000
[14:52:36.936]    DbgMCU_CR=0x00000007
[14:52:36.936]  </debugvars>
[14:52:36.936]  
[14:52:36.936]  <sequence name="DebugDeviceUnlock" Pname="" disable="false" info="">
[14:52:36.936]    <block atomic="false" info="">
[14:52:36.936]      Sequence("CheckID");
[14:52:36.936]        <sequence name="CheckID" Pname="" disable="false" info="">
[14:52:36.936]          <block atomic="false" info="">
[14:52:36.936]            __var pidr1 = 0;
[14:52:36.936]              // -> [pidr1 <= 0x00000000]
[14:52:36.936]            __var pidr2 = 0;
[14:52:36.936]              // -> [pidr2 <= 0x00000000]
[14:52:36.936]            __var jep106id = 0;
[14:52:36.936]              // -> [jep106id <= 0x00000000]
[14:52:36.936]            __var ROMTableBase = 0;
[14:52:36.936]              // -> [ROMTableBase <= 0x00000000]
[14:52:36.936]            __ap = 0;      // AHB-AP
[14:52:36.937]              // -> [__ap <= 0x00000000]
[14:52:36.937]            ROMTableBase = ReadAP(0xF8) & ~0x3;
[14:52:36.938]              // -> [ReadAP(0x000000F8) => 0xE00FF003] (__dp=0, __ap=0)
[14:52:36.938]              // -> [ROMTableBase <= 0xE00FF000]
[14:52:36.938]            pidr1 = Read32(ROMTableBase + 0x0FE4);
[14:52:36.942]              // -> [Read32(0xE00FFFE4) => 0x00000004] (__dp=0, __ap=0)
[14:52:36.942]              // -> [pidr1 <= 0x00000004]
[14:52:36.942]            pidr2 = Read32(ROMTableBase + 0x0FE8);
[14:52:36.945]              // -> [Read32(0xE00FFFE8) => 0x0000000A] (__dp=0, __ap=0)
[14:52:36.945]              // -> [pidr2 <= 0x0000000A]
[14:52:36.945]            jep106id = ((pidr2 & 0x7) << 4 ) | ((pidr1 >> 4) & 0xF);
[14:52:36.945]              // -> [jep106id <= 0x00000020]
[14:52:36.945]          </block>
[14:52:36.945]          <control if="jep106id != 0x20" while="" timeout="0" info="">
[14:52:36.945]            // if-block "jep106id != 0x20"
[14:52:36.945]              // =>  FALSE
[14:52:36.945]            // skip if-block "jep106id != 0x20"
[14:52:36.945]          </control>
[14:52:36.945]        </sequence>
[14:52:36.945]    </block>
[14:52:36.945]  </sequence>
[14:52:36.945]  
[14:52:36.988]  **********  Sequence "DebugCoreStart"  (Context="Connect", Pname="", info="")
[14:52:36.988]  
[14:52:36.988]  <debugvars>
[14:52:36.988]    __protocol=0x00010002   (Protocol="SWD", SWJ-DP="True")
[14:52:36.988]    __connection=0x00000201   (Connection Type="Debug", Reset Type="System Reset")
[14:52:36.988]    __dp=0x00000000
[14:52:36.988]    __ap=0x00000000
[14:52:36.988]    __traceout=0x00000000   (Trace Disabled)
[14:52:36.988]    __errorcontrol=0x00000000   (Skip Errors="False")
[14:52:36.988]    __FlashAddr=0x00000000
[14:52:36.988]    __FlashLen=0x00000000
[14:52:36.988]    __FlashArg=0x00000000
[14:52:36.988]    __FlashOp=0x00000000
[14:52:36.988]    __Result=0x00000000
[14:52:36.988]    DbgMCU_CR=0x00000007
[14:52:36.988]  </debugvars>
[14:52:36.988]  
[14:52:36.988]  <sequence name="DebugCoreStart" Pname="" disable="false" info="">
[14:52:36.988]    <block atomic="false" info="">
[14:52:36.988]      Write32(0xE000EDF0, 0xA05F0001);                                        // Enable Core Debug via DHCSR
[14:52:36.991]        // -> [Write32(0xE000EDF0, 0xA05F0001)] (__dp=0, __ap=0)
[14:52:36.991]      Write32(0xE0042004, DbgMCU_CR);                                         // DBGMCU_CR: Configure MCU Debug
[14:52:36.994]        // -> [Write32(0xE0042004, 0x00000007)] (__dp=0, __ap=0)
[14:52:36.994]    </block>
[14:52:36.994]  </sequence>
[14:52:36.994]  
[14:57:24.855]  **********  Sequence "DebugDeviceUnlock"  (Context="Connect", Pname="", info="")
[14:57:24.855]  
[14:57:24.857]  <debugvars>
[14:57:24.857]    __protocol=0x00010002   (Protocol="SWD", SWJ-DP="True")
[14:57:24.857]    __connection=0x00000202   (Connection Type="Flash", Reset Type="System Reset")
[14:57:24.857]    __dp=0x00000000
[14:57:24.857]    __ap=0x00000000
[14:57:24.857]    __traceout=0x00000000   (Trace Disabled)
[14:57:24.857]    __errorcontrol=0x00000000   (Skip Errors="False")
[14:57:24.857]    __FlashAddr=0x00000000
[14:57:24.857]    __FlashLen=0x00000000
[14:57:24.857]    __FlashArg=0x00000000
[14:57:24.857]    __FlashOp=0x00000000
[14:57:24.857]    __Result=0x00000000
[14:57:24.857]    DbgMCU_CR=0x00000007
[14:57:24.857]  </debugvars>
[14:57:24.857]  
[14:57:24.857]  <sequence name="DebugDeviceUnlock" Pname="" disable="false" info="">
[14:57:24.857]    <block atomic="false" info="">
[14:57:24.858]      Sequence("CheckID");
[14:57:24.858]        <sequence name="CheckID" Pname="" disable="false" info="">
[14:57:24.858]          <block atomic="false" info="">
[14:57:24.858]            __var pidr1 = 0;
[14:57:24.858]              // -> [pidr1 <= 0x00000000]
[14:57:24.858]            __var pidr2 = 0;
[14:57:24.858]              // -> [pidr2 <= 0x00000000]
[14:57:24.858]            __var jep106id = 0;
[14:57:24.858]              // -> [jep106id <= 0x00000000]
[14:57:24.858]            __var ROMTableBase = 0;
[14:57:24.858]              // -> [ROMTableBase <= 0x00000000]
[14:57:24.858]            __ap = 0;      // AHB-AP
[14:57:24.858]              // -> [__ap <= 0x00000000]
[14:57:24.858]            ROMTableBase = ReadAP(0xF8) & ~0x3;
[14:57:24.860]              // -> [ReadAP(0x000000F8) => 0xE00FF003] (__dp=0, __ap=0)
[14:57:24.860]              // -> [ROMTableBase <= 0xE00FF000]
[14:57:24.860]            pidr1 = Read32(ROMTableBase + 0x0FE4);
[14:57:24.864]              // -> [Read32(0xE00FFFE4) => 0x00000004] (__dp=0, __ap=0)
[14:57:24.864]              // -> [pidr1 <= 0x00000004]
[14:57:24.864]            pidr2 = Read32(ROMTableBase + 0x0FE8);
[14:57:24.867]              // -> [Read32(0xE00FFFE8) => 0x0000000A] (__dp=0, __ap=0)
[14:57:24.867]              // -> [pidr2 <= 0x0000000A]
[14:57:24.867]            jep106id = ((pidr2 & 0x7) << 4 ) | ((pidr1 >> 4) & 0xF);
[14:57:24.867]              // -> [jep106id <= 0x00000020]
[14:57:24.867]          </block>
[14:57:24.867]          <control if="jep106id != 0x20" while="" timeout="0" info="">
[14:57:24.867]            // if-block "jep106id != 0x20"
[14:57:24.868]              // =>  FALSE
[14:57:24.868]            // skip if-block "jep106id != 0x20"
[14:57:24.868]          </control>
[14:57:24.868]        </sequence>
[14:57:24.868]    </block>
[14:57:24.868]  </sequence>
[14:57:24.868]  
[14:57:24.908]  **********  Sequence "DebugCoreStart"  (Context="Connect", Pname="", info="")
[14:57:24.908]  
[14:57:24.908]  <debugvars>
[14:57:24.908]    __protocol=0x00010002   (Protocol="SWD", SWJ-DP="True")
[14:57:24.908]    __connection=0x00000202   (Connection Type="Flash", Reset Type="System Reset")
[14:57:24.908]    __dp=0x00000000
[14:57:24.908]    __ap=0x00000000
[14:57:24.908]    __traceout=0x00000000   (Trace Disabled)
[14:57:24.908]    __errorcontrol=0x00000000   (Skip Errors="False")
[14:57:24.908]    __FlashAddr=0x00000000
[14:57:24.908]    __FlashLen=0x00000000
[14:57:24.908]    __FlashArg=0x00000000
[14:57:24.908]    __FlashOp=0x00000000
[14:57:24.908]    __Result=0x00000000
[14:57:24.908]    DbgMCU_CR=0x00000007
[14:57:24.908]  </debugvars>
[14:57:24.909]  
[14:57:24.909]  <sequence name="DebugCoreStart" Pname="" disable="false" info="">
[14:57:24.909]    <block atomic="false" info="">
[14:57:24.909]      Write32(0xE000EDF0, 0xA05F0001);                                        // Enable Core Debug via DHCSR
[14:57:24.911]        // -> [Write32(0xE000EDF0, 0xA05F0001)] (__dp=0, __ap=0)
[14:57:24.911]      Write32(0xE0042004, DbgMCU_CR);                                         // DBGMCU_CR: Configure MCU Debug
[14:57:24.914]        // -> [Write32(0xE0042004, 0x00000007)] (__dp=0, __ap=0)
[14:57:24.914]    </block>
[14:57:24.914]  </sequence>
[14:57:24.914]  
[14:58:25.934]  **********  Sequence "DebugDeviceUnlock"  (Context="Connect", Pname="", info="")
[14:58:25.934]  
[14:58:25.934]  <debugvars>
[14:58:25.935]    __protocol=0x00010002   (Protocol="SWD", SWJ-DP="True")
[14:58:25.935]    __connection=0x00000202   (Connection Type="Flash", Reset Type="System Reset")
[14:58:25.935]    __dp=0x00000000
[14:58:25.935]    __ap=0x00000000
[14:58:25.935]    __traceout=0x00000000   (Trace Disabled)
[14:58:25.935]    __errorcontrol=0x00000000   (Skip Errors="False")
[14:58:25.935]    __FlashAddr=0x00000000
[14:58:25.935]    __FlashLen=0x00000000
[14:58:25.935]    __FlashArg=0x00000000
[14:58:25.935]    __FlashOp=0x00000000
[14:58:25.935]    __Result=0x00000000
[14:58:25.935]    DbgMCU_CR=0x00000007
[14:58:25.935]  </debugvars>
[14:58:25.935]  
[14:58:25.935]  <sequence name="DebugDeviceUnlock" Pname="" disable="false" info="">
[14:58:25.935]    <block atomic="false" info="">
[14:58:25.935]      Sequence("CheckID");
[14:58:25.935]        <sequence name="CheckID" Pname="" disable="false" info="">
[14:58:25.935]          <block atomic="false" info="">
[14:58:25.935]            __var pidr1 = 0;
[14:58:25.935]              // -> [pidr1 <= 0x00000000]
[14:58:25.935]            __var pidr2 = 0;
[14:58:25.935]              // -> [pidr2 <= 0x00000000]
[14:58:25.935]            __var jep106id = 0;
[14:58:25.936]              // -> [jep106id <= 0x00000000]
[14:58:25.936]            __var ROMTableBase = 0;
[14:58:25.936]              // -> [ROMTableBase <= 0x00000000]
[14:58:25.936]            __ap = 0;      // AHB-AP
[14:58:25.936]              // -> [__ap <= 0x00000000]
[14:58:25.936]            ROMTableBase = ReadAP(0xF8) & ~0x3;
[14:58:25.938]              // -> [ReadAP(0x000000F8) => 0xE00FF003] (__dp=0, __ap=0)
[14:58:25.938]              // -> [ROMTableBase <= 0xE00FF000]
[14:58:25.939]            pidr1 = Read32(ROMTableBase + 0x0FE4);
[14:58:25.941]              // -> [Read32(0xE00FFFE4) => 0x00000004] (__dp=0, __ap=0)
[14:58:25.941]              // -> [pidr1 <= 0x00000004]
[14:58:25.942]            pidr2 = Read32(ROMTableBase + 0x0FE8);
[14:58:25.944]              // -> [Read32(0xE00FFFE8) => 0x0000000A] (__dp=0, __ap=0)
[14:58:25.944]              // -> [pidr2 <= 0x0000000A]
[14:58:25.944]            jep106id = ((pidr2 & 0x7) << 4 ) | ((pidr1 >> 4) & 0xF);
[14:58:25.944]              // -> [jep106id <= 0x00000020]
[14:58:25.944]          </block>
[14:58:25.944]          <control if="jep106id != 0x20" while="" timeout="0" info="">
[14:58:25.944]            // if-block "jep106id != 0x20"
[14:58:25.944]              // =>  FALSE
[14:58:25.944]            // skip if-block "jep106id != 0x20"
[14:58:25.945]          </control>
[14:58:25.945]        </sequence>
[14:58:25.945]    </block>
[14:58:25.945]  </sequence>
[14:58:25.945]  
[14:58:25.989]  **********  Sequence "DebugCoreStart"  (Context="Connect", Pname="", info="")
[14:58:25.989]  
[14:58:25.989]  <debugvars>
[14:58:25.989]    __protocol=0x00010002   (Protocol="SWD", SWJ-DP="True")
[14:58:25.989]    __connection=0x00000202   (Connection Type="Flash", Reset Type="System Reset")
[14:58:25.989]    __dp=0x00000000
[14:58:25.989]    __ap=0x00000000
[14:58:25.989]    __traceout=0x00000000   (Trace Disabled)
[14:58:25.989]    __errorcontrol=0x00000000   (Skip Errors="False")
[14:58:25.989]    __FlashAddr=0x00000000
[14:58:25.989]    __FlashLen=0x00000000
[14:58:25.989]    __FlashArg=0x00000000
[14:58:25.989]    __FlashOp=0x00000000
[14:58:25.989]    __Result=0x00000000
[14:58:25.989]    DbgMCU_CR=0x00000007
[14:58:25.989]  </debugvars>
[14:58:25.989]  
[14:58:25.989]  <sequence name="DebugCoreStart" Pname="" disable="false" info="">
[14:58:25.989]    <block atomic="false" info="">
[14:58:25.990]      Write32(0xE000EDF0, 0xA05F0001);                                        // Enable Core Debug via DHCSR
[14:58:25.992]        // -> [Write32(0xE000EDF0, 0xA05F0001)] (__dp=0, __ap=0)
[14:58:25.992]      Write32(0xE0042004, DbgMCU_CR);                                         // DBGMCU_CR: Configure MCU Debug
[14:58:25.995]        // -> [Write32(0xE0042004, 0x00000007)] (__dp=0, __ap=0)
[14:58:25.995]    </block>
[14:58:25.995]  </sequence>
[14:58:25.995]  
[15:00:12.915]  **********  Sequence "DebugDeviceUnlock"  (Context="Connect", Pname="", info="")
[15:00:12.915]  
[15:00:12.916]  <debugvars>
[15:00:12.916]    __protocol=0x00010002   (Protocol="SWD", SWJ-DP="True")
[15:00:12.916]    __connection=0x00000202   (Connection Type="Flash", Reset Type="System Reset")
[15:00:12.916]    __dp=0x00000000
[15:00:12.916]    __ap=0x00000000
[15:00:12.916]    __traceout=0x00000000   (Trace Disabled)
[15:00:12.917]    __errorcontrol=0x00000000   (Skip Errors="False")
[15:00:12.917]    __FlashAddr=0x00000000
[15:00:12.917]    __FlashLen=0x00000000
[15:00:12.917]    __FlashArg=0x00000000
[15:00:12.917]    __FlashOp=0x00000000
[15:00:12.917]    __Result=0x00000000
[15:00:12.917]    DbgMCU_CR=0x00000007
[15:00:12.917]  </debugvars>
[15:00:12.917]  
[15:00:12.917]  <sequence name="DebugDeviceUnlock" Pname="" disable="false" info="">
[15:00:12.917]    <block atomic="false" info="">
[15:00:12.917]      Sequence("CheckID");
[15:00:12.917]        <sequence name="CheckID" Pname="" disable="false" info="">
[15:00:12.917]          <block atomic="false" info="">
[15:00:12.917]            __var pidr1 = 0;
[15:00:12.917]              // -> [pidr1 <= 0x00000000]
[15:00:12.917]            __var pidr2 = 0;
[15:00:12.917]              // -> [pidr2 <= 0x00000000]
[15:00:12.917]            __var jep106id = 0;
[15:00:12.917]              // -> [jep106id <= 0x00000000]
[15:00:12.917]            __var ROMTableBase = 0;
[15:00:12.917]              // -> [ROMTableBase <= 0x00000000]
[15:00:12.917]            __ap = 0;      // AHB-AP
[15:00:12.918]              // -> [__ap <= 0x00000000]
[15:00:12.918]            ROMTableBase = ReadAP(0xF8) & ~0x3;
[15:00:12.920]              // -> [ReadAP(0x000000F8) => 0xE00FF003] (__dp=0, __ap=0)
[15:00:12.920]              // -> [ROMTableBase <= 0xE00FF000]
[15:00:12.920]            pidr1 = Read32(ROMTableBase + 0x0FE4);
[15:00:12.923]              // -> [Read32(0xE00FFFE4) => 0x00000004] (__dp=0, __ap=0)
[15:00:12.923]              // -> [pidr1 <= 0x00000004]
[15:00:12.923]            pidr2 = Read32(ROMTableBase + 0x0FE8);
[15:00:12.926]              // -> [Read32(0xE00FFFE8) => 0x0000000A] (__dp=0, __ap=0)
[15:00:12.926]              // -> [pidr2 <= 0x0000000A]
[15:00:12.926]            jep106id = ((pidr2 & 0x7) << 4 ) | ((pidr1 >> 4) & 0xF);
[15:00:12.926]              // -> [jep106id <= 0x00000020]
[15:00:12.926]          </block>
[15:00:12.926]          <control if="jep106id != 0x20" while="" timeout="0" info="">
[15:00:12.926]            // if-block "jep106id != 0x20"
[15:00:12.926]              // =>  FALSE
[15:00:12.926]            // skip if-block "jep106id != 0x20"
[15:00:12.926]          </control>
[15:00:12.926]        </sequence>
[15:00:12.926]    </block>
[15:00:12.926]  </sequence>
[15:00:12.927]  
[15:00:12.967]  **********  Sequence "DebugCoreStart"  (Context="Connect", Pname="", info="")
[15:00:12.967]  
[15:00:12.967]  <debugvars>
[15:00:12.967]    __protocol=0x00010002   (Protocol="SWD", SWJ-DP="True")
[15:00:12.967]    __connection=0x00000202   (Connection Type="Flash", Reset Type="System Reset")
[15:00:12.967]    __dp=0x00000000
[15:00:12.967]    __ap=0x00000000
[15:00:12.967]    __traceout=0x00000000   (Trace Disabled)
[15:00:12.967]    __errorcontrol=0x00000000   (Skip Errors="False")
[15:00:12.967]    __FlashAddr=0x00000000
[15:00:12.967]    __FlashLen=0x00000000
[15:00:12.967]    __FlashArg=0x00000000
[15:00:12.967]    __FlashOp=0x00000000
[15:00:12.967]    __Result=0x00000000
[15:00:12.967]    DbgMCU_CR=0x00000007
[15:00:12.967]  </debugvars>
[15:00:12.967]  
[15:00:12.968]  <sequence name="DebugCoreStart" Pname="" disable="false" info="">
[15:00:12.968]    <block atomic="false" info="">
[15:00:12.968]      Write32(0xE000EDF0, 0xA05F0001);                                        // Enable Core Debug via DHCSR
[15:00:12.970]        // -> [Write32(0xE000EDF0, 0xA05F0001)] (__dp=0, __ap=0)
[15:00:12.970]      Write32(0xE0042004, DbgMCU_CR);                                         // DBGMCU_CR: Configure MCU Debug
[15:00:12.973]        // -> [Write32(0xE0042004, 0x00000007)] (__dp=0, __ap=0)
[15:00:12.973]    </block>
[15:00:12.973]  </sequence>
[15:00:12.973]  
[15:02:56.770]  **********  Sequence "DebugDeviceUnlock"  (Context="Connect", Pname="", info="")
[15:02:56.770]  
[15:02:56.771]  <debugvars>
[15:02:56.771]    __protocol=0x00010002   (Protocol="SWD", SWJ-DP="True")
[15:02:56.771]    __connection=0x00000202   (Connection Type="Flash", Reset Type="System Reset")
[15:02:56.771]    __dp=0x00000000
[15:02:56.771]    __ap=0x00000000
[15:02:56.771]    __traceout=0x00000000   (Trace Disabled)
[15:02:56.771]    __errorcontrol=0x00000000   (Skip Errors="False")
[15:02:56.771]    __FlashAddr=0x00000000
[15:02:56.771]    __FlashLen=0x00000000
[15:02:56.771]    __FlashArg=0x00000000
[15:02:56.771]    __FlashOp=0x00000000
[15:02:56.771]    __Result=0x00000000
[15:02:56.772]    DbgMCU_CR=0x00000007
[15:02:56.772]  </debugvars>
[15:02:56.772]  
[15:02:56.772]  <sequence name="DebugDeviceUnlock" Pname="" disable="false" info="">
[15:02:56.772]    <block atomic="false" info="">
[15:02:56.772]      Sequence("CheckID");
[15:02:56.772]        <sequence name="CheckID" Pname="" disable="false" info="">
[15:02:56.772]          <block atomic="false" info="">
[15:02:56.772]            __var pidr1 = 0;
[15:02:56.772]              // -> [pidr1 <= 0x00000000]
[15:02:56.772]            __var pidr2 = 0;
[15:02:56.772]              // -> [pidr2 <= 0x00000000]
[15:02:56.772]            __var jep106id = 0;
[15:02:56.772]              // -> [jep106id <= 0x00000000]
[15:02:56.772]            __var ROMTableBase = 0;
[15:02:56.772]              // -> [ROMTableBase <= 0x00000000]
[15:02:56.772]            __ap = 0;      // AHB-AP
[15:02:56.772]              // -> [__ap <= 0x00000000]
[15:02:56.772]            ROMTableBase = ReadAP(0xF8) & ~0x3;
[15:02:56.774]              // -> [ReadAP(0x000000F8) => 0xE00FF003] (__dp=0, __ap=0)
[15:02:56.774]              // -> [ROMTableBase <= 0xE00FF000]
[15:02:56.774]            pidr1 = Read32(ROMTableBase + 0x0FE4);
[15:02:56.777]              // -> [Read32(0xE00FFFE4) => 0x00000004] (__dp=0, __ap=0)
[15:02:56.777]              // -> [pidr1 <= 0x00000004]
[15:02:56.777]            pidr2 = Read32(ROMTableBase + 0x0FE8);
[15:02:56.780]              // -> [Read32(0xE00FFFE8) => 0x0000000A] (__dp=0, __ap=0)
[15:02:56.780]              // -> [pidr2 <= 0x0000000A]
[15:02:56.780]            jep106id = ((pidr2 & 0x7) << 4 ) | ((pidr1 >> 4) & 0xF);
[15:02:56.780]              // -> [jep106id <= 0x00000020]
[15:02:56.780]          </block>
[15:02:56.780]          <control if="jep106id != 0x20" while="" timeout="0" info="">
[15:02:56.780]            // if-block "jep106id != 0x20"
[15:02:56.780]              // =>  FALSE
[15:02:56.780]            // skip if-block "jep106id != 0x20"
[15:02:56.780]          </control>
[15:02:56.780]        </sequence>
[15:02:56.780]    </block>
[15:02:56.780]  </sequence>
[15:02:56.780]  
[15:02:56.824]  **********  Sequence "DebugCoreStart"  (Context="Connect", Pname="", info="")
[15:02:56.824]  
[15:02:56.824]  <debugvars>
[15:02:56.824]    __protocol=0x00010002   (Protocol="SWD", SWJ-DP="True")
[15:02:56.824]    __connection=0x00000202   (Connection Type="Flash", Reset Type="System Reset")
[15:02:56.824]    __dp=0x00000000
[15:02:56.824]    __ap=0x00000000
[15:02:56.824]    __traceout=0x00000000   (Trace Disabled)
[15:02:56.824]    __errorcontrol=0x00000000   (Skip Errors="False")
[15:02:56.824]    __FlashAddr=0x00000000
[15:02:56.824]    __FlashLen=0x00000000
[15:02:56.824]    __FlashArg=0x00000000
[15:02:56.825]    __FlashOp=0x00000000
[15:02:56.825]    __Result=0x00000000
[15:02:56.825]    DbgMCU_CR=0x00000007
[15:02:56.825]  </debugvars>
[15:02:56.825]  
[15:02:56.825]  <sequence name="DebugCoreStart" Pname="" disable="false" info="">
[15:02:56.825]    <block atomic="false" info="">
[15:02:56.825]      Write32(0xE000EDF0, 0xA05F0001);                                        // Enable Core Debug via DHCSR
[15:02:56.827]        // -> [Write32(0xE000EDF0, 0xA05F0001)] (__dp=0, __ap=0)
[15:02:56.827]      Write32(0xE0042004, DbgMCU_CR);                                         // DBGMCU_CR: Configure MCU Debug
[15:02:56.830]        // -> [Write32(0xE0042004, 0x00000007)] (__dp=0, __ap=0)
[15:02:56.830]    </block>
[15:02:56.830]  </sequence>
[15:02:56.830]  
[15:03:37.388]  **********  Sequence "DebugDeviceUnlock"  (Context="Connect", Pname="", info="")
[15:03:37.388]  
[15:03:37.390]  <debugvars>
[15:03:37.390]    __protocol=0x00010002   (Protocol="SWD", SWJ-DP="True")
[15:03:37.390]    __connection=0x00000202   (Connection Type="Flash", Reset Type="System Reset")
[15:03:37.390]    __dp=0x00000000
[15:03:37.390]    __ap=0x00000000
[15:03:37.390]    __traceout=0x00000000   (Trace Disabled)
[15:03:37.391]    __errorcontrol=0x00000000   (Skip Errors="False")
[15:03:37.391]    __FlashAddr=0x00000000
[15:03:37.391]    __FlashLen=0x00000000
[15:03:37.391]    __FlashArg=0x00000000
[15:03:37.391]    __FlashOp=0x00000000
[15:03:37.391]    __Result=0x00000000
[15:03:37.391]    DbgMCU_CR=0x00000007
[15:03:37.391]  </debugvars>
[15:03:37.391]  
[15:03:37.391]  <sequence name="DebugDeviceUnlock" Pname="" disable="false" info="">
[15:03:37.391]    <block atomic="false" info="">
[15:03:37.391]      Sequence("CheckID");
[15:03:37.391]        <sequence name="CheckID" Pname="" disable="false" info="">
[15:03:37.391]          <block atomic="false" info="">
[15:03:37.391]            __var pidr1 = 0;
[15:03:37.392]              // -> [pidr1 <= 0x00000000]
[15:03:37.392]            __var pidr2 = 0;
[15:03:37.392]              // -> [pidr2 <= 0x00000000]
[15:03:37.392]            __var jep106id = 0;
[15:03:37.392]              // -> [jep106id <= 0x00000000]
[15:03:37.392]            __var ROMTableBase = 0;
[15:03:37.392]              // -> [ROMTableBase <= 0x00000000]
[15:03:37.392]            __ap = 0;      // AHB-AP
[15:03:37.392]              // -> [__ap <= 0x00000000]
[15:03:37.392]            ROMTableBase = ReadAP(0xF8) & ~0x3;
[15:03:37.394]              // -> [ReadAP(0x000000F8) => 0xE00FF003] (__dp=0, __ap=0)
[15:03:37.394]              // -> [ROMTableBase <= 0xE00FF000]
[15:03:37.394]            pidr1 = Read32(ROMTableBase + 0x0FE4);
[15:03:37.397]              // -> [Read32(0xE00FFFE4) => 0x00000004] (__dp=0, __ap=0)
[15:03:37.397]              // -> [pidr1 <= 0x00000004]
[15:03:37.397]            pidr2 = Read32(ROMTableBase + 0x0FE8);
[15:03:37.399]              // -> [Read32(0xE00FFFE8) => 0x0000000A] (__dp=0, __ap=0)
[15:03:37.399]              // -> [pidr2 <= 0x0000000A]
[15:03:37.399]            jep106id = ((pidr2 & 0x7) << 4 ) | ((pidr1 >> 4) & 0xF);
[15:03:37.399]              // -> [jep106id <= 0x00000020]
[15:03:37.399]          </block>
[15:03:37.399]          <control if="jep106id != 0x20" while="" timeout="0" info="">
[15:03:37.399]            // if-block "jep106id != 0x20"
[15:03:37.400]              // =>  FALSE
[15:03:37.400]            // skip if-block "jep106id != 0x20"
[15:03:37.400]          </control>
[15:03:37.400]        </sequence>
[15:03:37.400]    </block>
[15:03:37.400]  </sequence>
[15:03:37.400]  
[15:03:37.440]  **********  Sequence "DebugCoreStart"  (Context="Connect", Pname="", info="")
[15:03:37.440]  
[15:03:37.440]  <debugvars>
[15:03:37.440]    __protocol=0x00010002   (Protocol="SWD", SWJ-DP="True")
[15:03:37.440]    __connection=0x00000202   (Connection Type="Flash", Reset Type="System Reset")
[15:03:37.440]    __dp=0x00000000
[15:03:37.440]    __ap=0x00000000
[15:03:37.440]    __traceout=0x00000000   (Trace Disabled)
[15:03:37.441]    __errorcontrol=0x00000000   (Skip Errors="False")
[15:03:37.441]    __FlashAddr=0x00000000
[15:03:37.441]    __FlashLen=0x00000000
[15:03:37.441]    __FlashArg=0x00000000
[15:03:37.441]    __FlashOp=0x00000000
[15:03:37.441]    __Result=0x00000000
[15:03:37.441]    DbgMCU_CR=0x00000007
[15:03:37.441]  </debugvars>
[15:03:37.441]  
[15:03:37.441]  <sequence name="DebugCoreStart" Pname="" disable="false" info="">
[15:03:37.441]    <block atomic="false" info="">
[15:03:37.441]      Write32(0xE000EDF0, 0xA05F0001);                                        // Enable Core Debug via DHCSR
[15:03:37.444]        // -> [Write32(0xE000EDF0, 0xA05F0001)] (__dp=0, __ap=0)
[15:03:37.444]      Write32(0xE0042004, DbgMCU_CR);                                         // DBGMCU_CR: Configure MCU Debug
[15:03:37.446]        // -> [Write32(0xE0042004, 0x00000007)] (__dp=0, __ap=0)
[15:03:37.446]    </block>
[15:03:37.446]  </sequence>
[15:03:37.446]  
[15:20:33.650]  **********  Sequence "DebugDeviceUnlock"  (Context="Connect", Pname="", info="")
[15:20:33.650]  
[15:20:33.651]  <debugvars>
[15:20:33.651]    __protocol=0x00010002   (Protocol="SWD", SWJ-DP="True")
[15:20:33.651]    __connection=0x00000202   (Connection Type="Flash", Reset Type="System Reset")
[15:20:33.651]    __dp=0x00000000
[15:20:33.651]    __ap=0x00000000
[15:20:33.651]    __traceout=0x00000000   (Trace Disabled)
[15:20:33.651]    __errorcontrol=0x00000000   (Skip Errors="False")
[15:20:33.651]    __FlashAddr=0x00000000
[15:20:33.651]    __FlashLen=0x00000000
[15:20:33.651]    __FlashArg=0x00000000
[15:20:33.651]    __FlashOp=0x00000000
[15:20:33.651]    __Result=0x00000000
[15:20:33.651]    DbgMCU_CR=0x00000007
[15:20:33.651]  </debugvars>
[15:20:33.651]  
[15:20:33.651]  <sequence name="DebugDeviceUnlock" Pname="" disable="false" info="">
[15:20:33.651]    <block atomic="false" info="">
[15:20:33.652]      Sequence("CheckID");
[15:20:33.652]        <sequence name="CheckID" Pname="" disable="false" info="">
[15:20:33.652]          <block atomic="false" info="">
[15:20:33.652]            __var pidr1 = 0;
[15:20:33.652]              // -> [pidr1 <= 0x00000000]
[15:20:33.652]            __var pidr2 = 0;
[15:20:33.652]              // -> [pidr2 <= 0x00000000]
[15:20:33.652]            __var jep106id = 0;
[15:20:33.652]              // -> [jep106id <= 0x00000000]
[15:20:33.652]            __var ROMTableBase = 0;
[15:20:33.652]              // -> [ROMTableBase <= 0x00000000]
[15:20:33.652]            __ap = 0;      // AHB-AP
[15:20:33.652]              // -> [__ap <= 0x00000000]
[15:20:33.652]            ROMTableBase = ReadAP(0xF8) & ~0x3;
[15:20:33.653]              // -> [ReadAP(0x000000F8) => 0xE00FF003] (__dp=0, __ap=0)
[15:20:33.653]              // -> [ROMTableBase <= 0xE00FF000]
[15:20:33.654]            pidr1 = Read32(ROMTableBase + 0x0FE4);
[15:20:33.657]              // -> [Read32(0xE00FFFE4) => 0x00000004] (__dp=0, __ap=0)
[15:20:33.657]              // -> [pidr1 <= 0x00000004]
[15:20:33.657]            pidr2 = Read32(ROMTableBase + 0x0FE8);
[15:20:33.660]              // -> [Read32(0xE00FFFE8) => 0x0000000A] (__dp=0, __ap=0)
[15:20:33.660]              // -> [pidr2 <= 0x0000000A]
[15:20:33.660]            jep106id = ((pidr2 & 0x7) << 4 ) | ((pidr1 >> 4) & 0xF);
[15:20:33.660]              // -> [jep106id <= 0x00000020]
[15:20:33.660]          </block>
[15:20:33.660]          <control if="jep106id != 0x20" while="" timeout="0" info="">
[15:20:33.660]            // if-block "jep106id != 0x20"
[15:20:33.660]              // =>  FALSE
[15:20:33.660]            // skip if-block "jep106id != 0x20"
[15:20:33.660]          </control>
[15:20:33.660]        </sequence>
[15:20:33.660]    </block>
[15:20:33.660]  </sequence>
[15:20:33.660]  
[15:20:33.703]  **********  Sequence "DebugCoreStart"  (Context="Connect", Pname="", info="")
[15:20:33.703]  
[15:20:33.703]  <debugvars>
[15:20:33.703]    __protocol=0x00010002   (Protocol="SWD", SWJ-DP="True")
[15:20:33.703]    __connection=0x00000202   (Connection Type="Flash", Reset Type="System Reset")
[15:20:33.703]    __dp=0x00000000
[15:20:33.703]    __ap=0x00000000
[15:20:33.703]    __traceout=0x00000000   (Trace Disabled)
[15:20:33.704]    __errorcontrol=0x00000000   (Skip Errors="False")
[15:20:33.704]    __FlashAddr=0x00000000
[15:20:33.704]    __FlashLen=0x00000000
[15:20:33.704]    __FlashArg=0x00000000
[15:20:33.704]    __FlashOp=0x00000000
[15:20:33.704]    __Result=0x00000000
[15:20:33.704]    DbgMCU_CR=0x00000007
[15:20:33.704]  </debugvars>
[15:20:33.704]  
[15:20:33.704]  <sequence name="DebugCoreStart" Pname="" disable="false" info="">
[15:20:33.704]    <block atomic="false" info="">
[15:20:33.704]      Write32(0xE000EDF0, 0xA05F0001);                                        // Enable Core Debug via DHCSR
[15:20:33.706]        // -> [Write32(0xE000EDF0, 0xA05F0001)] (__dp=0, __ap=0)
[15:20:33.707]      Write32(0xE0042004, DbgMCU_CR);                                         // DBGMCU_CR: Configure MCU Debug
[15:20:33.709]        // -> [Write32(0xE0042004, 0x00000007)] (__dp=0, __ap=0)
[15:20:33.710]    </block>
[15:20:33.710]  </sequence>
[15:20:33.710]  
[16:25:50.098]  **********  Sequence "DebugDeviceUnlock"  (Context="Connect", Pname="", info="")
[16:25:50.098]  
[16:25:50.098]  <debugvars>
[16:25:50.098]    __protocol=0x00010002   (Protocol="SWD", SWJ-DP="True")
[16:25:50.099]    __connection=0x00000202   (Connection Type="Flash", Reset Type="System Reset")
[16:25:50.099]    __dp=0x00000000
[16:25:50.099]    __ap=0x00000000
[16:25:50.099]    __traceout=0x00000000   (Trace Disabled)
[16:25:50.099]    __errorcontrol=0x00000000   (Skip Errors="False")
[16:25:50.099]    __FlashAddr=0x00000000
[16:25:50.099]    __FlashLen=0x00000000
[16:25:50.099]    __FlashArg=0x00000000
[16:25:50.099]    __FlashOp=0x00000000
[16:25:50.099]    __Result=0x00000000
[16:25:50.099]    DbgMCU_CR=0x00000007
[16:25:50.099]  </debugvars>
[16:25:50.099]  
[16:25:50.099]  <sequence name="DebugDeviceUnlock" Pname="" disable="false" info="">
[16:25:50.099]    <block atomic="false" info="">
[16:25:50.099]      Sequence("CheckID");
[16:25:50.099]        <sequence name="CheckID" Pname="" disable="false" info="">
[16:25:50.099]          <block atomic="false" info="">
[16:25:50.099]            __var pidr1 = 0;
[16:25:50.099]              // -> [pidr1 <= 0x00000000]
[16:25:50.099]            __var pidr2 = 0;
[16:25:50.100]              // -> [pidr2 <= 0x00000000]
[16:25:50.100]            __var jep106id = 0;
[16:25:50.100]              // -> [jep106id <= 0x00000000]
[16:25:50.100]            __var ROMTableBase = 0;
[16:25:50.100]              // -> [ROMTableBase <= 0x00000000]
[16:25:50.100]            __ap = 0;      // AHB-AP
[16:25:50.100]              // -> [__ap <= 0x00000000]
[16:25:50.100]            ROMTableBase = ReadAP(0xF8) & ~0x3;
[16:25:50.101]              // -> [ReadAP(0x000000F8) => 0xE00FF003] (__dp=0, __ap=0)
[16:25:50.102]              // -> [ROMTableBase <= 0xE00FF000]
[16:25:50.102]            pidr1 = Read32(ROMTableBase + 0x0FE4);
[16:25:50.105]              // -> [Read32(0xE00FFFE4) => 0x00000004] (__dp=0, __ap=0)
[16:25:50.105]              // -> [pidr1 <= 0x00000004]
[16:25:50.105]            pidr2 = Read32(ROMTableBase + 0x0FE8);
[16:25:50.108]              // -> [Read32(0xE00FFFE8) => 0x0000000A] (__dp=0, __ap=0)
[16:25:50.108]              // -> [pidr2 <= 0x0000000A]
[16:25:50.108]            jep106id = ((pidr2 & 0x7) << 4 ) | ((pidr1 >> 4) & 0xF);
[16:25:50.108]              // -> [jep106id <= 0x00000020]
[16:25:50.108]          </block>
[16:25:50.108]          <control if="jep106id != 0x20" while="" timeout="0" info="">
[16:25:50.108]            // if-block "jep106id != 0x20"
[16:25:50.108]              // =>  FALSE
[16:25:50.108]            // skip if-block "jep106id != 0x20"
[16:25:50.108]          </control>
[16:25:50.108]        </sequence>
[16:25:50.108]    </block>
[16:25:50.108]  </sequence>
[16:25:50.108]  
[16:25:50.149]  **********  Sequence "DebugCoreStart"  (Context="Connect", Pname="", info="")
[16:25:50.149]  
[16:25:50.149]  <debugvars>
[16:25:50.149]    __protocol=0x00010002   (Protocol="SWD", SWJ-DP="True")
[16:25:50.149]    __connection=0x00000202   (Connection Type="Flash", Reset Type="System Reset")
[16:25:50.149]    __dp=0x00000000
[16:25:50.149]    __ap=0x00000000
[16:25:50.149]    __traceout=0x00000000   (Trace Disabled)
[16:25:50.149]    __errorcontrol=0x00000000   (Skip Errors="False")
[16:25:50.149]    __FlashAddr=0x00000000
[16:25:50.149]    __FlashLen=0x00000000
[16:25:50.149]    __FlashArg=0x00000000
[16:25:50.149]    __FlashOp=0x00000000
[16:25:50.149]    __Result=0x00000000
[16:25:50.149]    DbgMCU_CR=0x00000007
[16:25:50.149]  </debugvars>
[16:25:50.149]  
[16:25:50.149]  <sequence name="DebugCoreStart" Pname="" disable="false" info="">
[16:25:50.149]    <block atomic="false" info="">
[16:25:50.149]      Write32(0xE000EDF0, 0xA05F0001);                                        // Enable Core Debug via DHCSR
[16:25:50.152]        // -> [Write32(0xE000EDF0, 0xA05F0001)] (__dp=0, __ap=0)
[16:25:50.152]      Write32(0xE0042004, DbgMCU_CR);                                         // DBGMCU_CR: Configure MCU Debug
[16:25:50.154]        // -> [Write32(0xE0042004, 0x00000007)] (__dp=0, __ap=0)
[16:25:50.154]    </block>
[16:25:50.155]  </sequence>
[16:25:50.155]  
[16:26:20.737]  **********  Sequence "DebugDeviceUnlock"  (Context="Connect", Pname="", info="")
[16:26:20.737]  
[16:26:20.738]  <debugvars>
[16:26:20.738]    __protocol=0x00010002   (Protocol="SWD", SWJ-DP="True")
[16:26:20.738]    __connection=0x00000202   (Connection Type="Flash", Reset Type="System Reset")
[16:26:20.738]    __dp=0x00000000
[16:26:20.738]    __ap=0x00000000
[16:26:20.738]    __traceout=0x00000000   (Trace Disabled)
[16:26:20.738]    __errorcontrol=0x00000000   (Skip Errors="False")
[16:26:20.738]    __FlashAddr=0x00000000
[16:26:20.738]    __FlashLen=0x00000000
[16:26:20.738]    __FlashArg=0x00000000
[16:26:20.738]    __FlashOp=0x00000000
[16:26:20.738]    __Result=0x00000000
[16:26:20.738]    DbgMCU_CR=0x00000007
[16:26:20.738]  </debugvars>
[16:26:20.739]  
[16:26:20.739]  <sequence name="DebugDeviceUnlock" Pname="" disable="false" info="">
[16:26:20.739]    <block atomic="false" info="">
[16:26:20.739]      Sequence("CheckID");
[16:26:20.739]        <sequence name="CheckID" Pname="" disable="false" info="">
[16:26:20.739]          <block atomic="false" info="">
[16:26:20.739]            __var pidr1 = 0;
[16:26:20.739]              // -> [pidr1 <= 0x00000000]
[16:26:20.739]            __var pidr2 = 0;
[16:26:20.739]              // -> [pidr2 <= 0x00000000]
[16:26:20.739]            __var jep106id = 0;
[16:26:20.739]              // -> [jep106id <= 0x00000000]
[16:26:20.739]            __var ROMTableBase = 0;
[16:26:20.739]              // -> [ROMTableBase <= 0x00000000]
[16:26:20.739]            __ap = 0;      // AHB-AP
[16:26:20.739]              // -> [__ap <= 0x00000000]
[16:26:20.739]            ROMTableBase = ReadAP(0xF8) & ~0x3;
[16:26:20.741]              // -> [ReadAP(0x000000F8) => 0xE00FF003] (__dp=0, __ap=0)
[16:26:20.741]              // -> [ROMTableBase <= 0xE00FF000]
[16:26:20.741]            pidr1 = Read32(ROMTableBase + 0x0FE4);
[16:26:20.744]              // -> [Read32(0xE00FFFE4) => 0x00000004] (__dp=0, __ap=0)
[16:26:20.744]              // -> [pidr1 <= 0x00000004]
[16:26:20.744]            pidr2 = Read32(ROMTableBase + 0x0FE8);
[16:26:20.747]              // -> [Read32(0xE00FFFE8) => 0x0000000A] (__dp=0, __ap=0)
[16:26:20.747]              // -> [pidr2 <= 0x0000000A]
[16:26:20.747]            jep106id = ((pidr2 & 0x7) << 4 ) | ((pidr1 >> 4) & 0xF);
[16:26:20.747]              // -> [jep106id <= 0x00000020]
[16:26:20.747]          </block>
[16:26:20.747]          <control if="jep106id != 0x20" while="" timeout="0" info="">
[16:26:20.747]            // if-block "jep106id != 0x20"
[16:26:20.747]              // =>  FALSE
[16:26:20.747]            // skip if-block "jep106id != 0x20"
[16:26:20.747]          </control>
[16:26:20.747]        </sequence>
[16:26:20.747]    </block>
[16:26:20.747]  </sequence>
[16:26:20.747]  
[16:26:20.789]  **********  Sequence "DebugCoreStart"  (Context="Connect", Pname="", info="")
[16:26:20.789]  
[16:26:20.789]  <debugvars>
[16:26:20.789]    __protocol=0x00010002   (Protocol="SWD", SWJ-DP="True")
[16:26:20.789]    __connection=0x00000202   (Connection Type="Flash", Reset Type="System Reset")
[16:26:20.789]    __dp=0x00000000
[16:26:20.789]    __ap=0x00000000
[16:26:20.789]    __traceout=0x00000000   (Trace Disabled)
[16:26:20.789]    __errorcontrol=0x00000000   (Skip Errors="False")
[16:26:20.789]    __FlashAddr=0x00000000
[16:26:20.789]    __FlashLen=0x00000000
[16:26:20.789]    __FlashArg=0x00000000
[16:26:20.789]    __FlashOp=0x00000000
[16:26:20.789]    __Result=0x00000000
[16:26:20.789]    DbgMCU_CR=0x00000007
[16:26:20.790]  </debugvars>
[16:26:20.790]  
[16:26:20.790]  <sequence name="DebugCoreStart" Pname="" disable="false" info="">
[16:26:20.790]    <block atomic="false" info="">
[16:26:20.790]      Write32(0xE000EDF0, 0xA05F0001);                                        // Enable Core Debug via DHCSR
[16:26:20.792]        // -> [Write32(0xE000EDF0, 0xA05F0001)] (__dp=0, __ap=0)
[16:26:20.792]      Write32(0xE0042004, DbgMCU_CR);                                         // DBGMCU_CR: Configure MCU Debug
[16:26:20.795]        // -> [Write32(0xE0042004, 0x00000007)] (__dp=0, __ap=0)
[16:26:20.795]    </block>
[16:26:20.795]  </sequence>
[16:26:20.795]  
[16:26:48.024]  **********  Sequence "DebugDeviceUnlock"  (Context="Connect", Pname="", info="")
[16:26:48.024]  
[16:26:48.025]  <debugvars>
[16:26:48.025]    __protocol=0x00010002   (Protocol="SWD", SWJ-DP="True")
[16:26:48.025]    __connection=0x00000202   (Connection Type="Flash", Reset Type="System Reset")
[16:26:48.025]    __dp=0x00000000
[16:26:48.025]    __ap=0x00000000
[16:26:48.025]    __traceout=0x00000000   (Trace Disabled)
[16:26:48.025]    __errorcontrol=0x00000000   (Skip Errors="False")
[16:26:48.025]    __FlashAddr=0x00000000
[16:26:48.025]    __FlashLen=0x00000000
[16:26:48.025]    __FlashArg=0x00000000
[16:26:48.025]    __FlashOp=0x00000000
[16:26:48.025]    __Result=0x00000000
[16:26:48.025]    DbgMCU_CR=0x00000007
[16:26:48.025]  </debugvars>
[16:26:48.026]  
[16:26:48.026]  <sequence name="DebugDeviceUnlock" Pname="" disable="false" info="">
[16:26:48.026]    <block atomic="false" info="">
[16:26:48.026]      Sequence("CheckID");
[16:26:48.026]        <sequence name="CheckID" Pname="" disable="false" info="">
[16:26:48.026]          <block atomic="false" info="">
[16:26:48.026]            __var pidr1 = 0;
[16:26:48.026]              // -> [pidr1 <= 0x00000000]
[16:26:48.026]            __var pidr2 = 0;
[16:26:48.026]              // -> [pidr2 <= 0x00000000]
[16:26:48.026]            __var jep106id = 0;
[16:26:48.026]              // -> [jep106id <= 0x00000000]
[16:26:48.026]            __var ROMTableBase = 0;
[16:26:48.026]              // -> [ROMTableBase <= 0x00000000]
[16:26:48.026]            __ap = 0;      // AHB-AP
[16:26:48.026]              // -> [__ap <= 0x00000000]
[16:26:48.026]            ROMTableBase = ReadAP(0xF8) & ~0x3;
[16:26:48.028]              // -> [ReadAP(0x000000F8) => 0xE00FF003] (__dp=0, __ap=0)
[16:26:48.028]              // -> [ROMTableBase <= 0xE00FF000]
[16:26:48.028]            pidr1 = Read32(ROMTableBase + 0x0FE4);
[16:26:48.031]              // -> [Read32(0xE00FFFE4) => 0x00000004] (__dp=0, __ap=0)
[16:26:48.031]              // -> [pidr1 <= 0x00000004]
[16:26:48.031]            pidr2 = Read32(ROMTableBase + 0x0FE8);
[16:26:48.033]              // -> [Read32(0xE00FFFE8) => 0x0000000A] (__dp=0, __ap=0)
[16:26:48.033]              // -> [pidr2 <= 0x0000000A]
[16:26:48.034]            jep106id = ((pidr2 & 0x7) << 4 ) | ((pidr1 >> 4) & 0xF);
[16:26:48.034]              // -> [jep106id <= 0x00000020]
[16:26:48.034]          </block>
[16:26:48.034]          <control if="jep106id != 0x20" while="" timeout="0" info="">
[16:26:48.034]            // if-block "jep106id != 0x20"
[16:26:48.034]              // =>  FALSE
[16:26:48.034]            // skip if-block "jep106id != 0x20"
[16:26:48.034]          </control>
[16:26:48.034]        </sequence>
[16:26:48.034]    </block>
[16:26:48.034]  </sequence>
[16:26:48.035]  
[16:26:48.075]  **********  Sequence "DebugCoreStart"  (Context="Connect", Pname="", info="")
[16:26:48.075]  
[16:26:48.076]  <debugvars>
[16:26:48.076]    __protocol=0x00010002   (Protocol="SWD", SWJ-DP="True")
[16:26:48.076]    __connection=0x00000202   (Connection Type="Flash", Reset Type="System Reset")
[16:26:48.076]    __dp=0x00000000
[16:26:48.076]    __ap=0x00000000
[16:26:48.076]    __traceout=0x00000000   (Trace Disabled)
[16:26:48.076]    __errorcontrol=0x00000000   (Skip Errors="False")
[16:26:48.076]    __FlashAddr=0x00000000
[16:26:48.076]    __FlashLen=0x00000000
[16:26:48.076]    __FlashArg=0x00000000
[16:26:48.076]    __FlashOp=0x00000000
[16:26:48.076]    __Result=0x00000000
[16:26:48.076]    DbgMCU_CR=0x00000007
[16:26:48.076]  </debugvars>
[16:26:48.076]  
[16:26:48.076]  <sequence name="DebugCoreStart" Pname="" disable="false" info="">
[16:26:48.076]    <block atomic="false" info="">
[16:26:48.076]      Write32(0xE000EDF0, 0xA05F0001);                                        // Enable Core Debug via DHCSR
[16:26:48.079]        // -> [Write32(0xE000EDF0, 0xA05F0001)] (__dp=0, __ap=0)
[16:26:48.079]      Write32(0xE0042004, DbgMCU_CR);                                         // DBGMCU_CR: Configure MCU Debug
[16:26:48.082]        // -> [Write32(0xE0042004, 0x00000007)] (__dp=0, __ap=0)
[16:26:48.082]    </block>
[16:26:48.082]  </sequence>
[16:26:48.082]  
[16:27:38.726]  **********  Sequence "DebugDeviceUnlock"  (Context="Connect", Pname="", info="")
[16:27:38.726]  
[16:27:38.726]  <debugvars>
[16:27:38.726]    __protocol=0x00010002   (Protocol="SWD", SWJ-DP="True")
[16:27:38.726]    __connection=0x00000202   (Connection Type="Flash", Reset Type="System Reset")
[16:27:38.727]    __dp=0x00000000
[16:27:38.727]    __ap=0x00000000
[16:27:38.727]    __traceout=0x00000000   (Trace Disabled)
[16:27:38.727]    __errorcontrol=0x00000000   (Skip Errors="False")
[16:27:38.727]    __FlashAddr=0x00000000
[16:27:38.727]    __FlashLen=0x00000000
[16:27:38.727]    __FlashArg=0x00000000
[16:27:38.727]    __FlashOp=0x00000000
[16:27:38.727]    __Result=0x00000000
[16:27:38.727]    DbgMCU_CR=0x00000007
[16:27:38.727]  </debugvars>
[16:27:38.727]  
[16:27:38.727]  <sequence name="DebugDeviceUnlock" Pname="" disable="false" info="">
[16:27:38.727]    <block atomic="false" info="">
[16:27:38.727]      Sequence("CheckID");
[16:27:38.727]        <sequence name="CheckID" Pname="" disable="false" info="">
[16:27:38.727]          <block atomic="false" info="">
[16:27:38.727]            __var pidr1 = 0;
[16:27:38.727]              // -> [pidr1 <= 0x00000000]
[16:27:38.727]            __var pidr2 = 0;
[16:27:38.729]              // -> [pidr2 <= 0x00000000]
[16:27:38.729]            __var jep106id = 0;
[16:27:38.729]              // -> [jep106id <= 0x00000000]
[16:27:38.729]            __var ROMTableBase = 0;
[16:27:38.729]              // -> [ROMTableBase <= 0x00000000]
[16:27:38.729]            __ap = 0;      // AHB-AP
[16:27:38.729]              // -> [__ap <= 0x00000000]
[16:27:38.729]            ROMTableBase = ReadAP(0xF8) & ~0x3;
[16:27:38.731]              // -> [ReadAP(0x000000F8) => 0xE00FF003] (__dp=0, __ap=0)
[16:27:38.731]              // -> [ROMTableBase <= 0xE00FF000]
[16:27:38.731]            pidr1 = Read32(ROMTableBase + 0x0FE4);
[16:27:38.735]              // -> [Read32(0xE00FFFE4) => 0x00000004] (__dp=0, __ap=0)
[16:27:38.735]              // -> [pidr1 <= 0x00000004]
[16:27:38.735]            pidr2 = Read32(ROMTableBase + 0x0FE8);
[16:27:38.737]              // -> [Read32(0xE00FFFE8) => 0x0000000A] (__dp=0, __ap=0)
[16:27:38.737]              // -> [pidr2 <= 0x0000000A]
[16:27:38.737]            jep106id = ((pidr2 & 0x7) << 4 ) | ((pidr1 >> 4) & 0xF);
[16:27:38.738]              // -> [jep106id <= 0x00000020]
[16:27:38.738]          </block>
[16:27:38.738]          <control if="jep106id != 0x20" while="" timeout="0" info="">
[16:27:38.738]            // if-block "jep106id != 0x20"
[16:27:38.738]              // =>  FALSE
[16:27:38.738]            // skip if-block "jep106id != 0x20"
[16:27:38.738]          </control>
[16:27:38.738]        </sequence>
[16:27:38.738]    </block>
[16:27:38.738]  </sequence>
[16:27:38.738]  
[16:27:38.778]  **********  Sequence "DebugCoreStart"  (Context="Connect", Pname="", info="")
[16:27:38.778]  
[16:27:38.779]  <debugvars>
[16:27:38.779]    __protocol=0x00010002   (Protocol="SWD", SWJ-DP="True")
[16:27:38.779]    __connection=0x00000202   (Connection Type="Flash", Reset Type="System Reset")
[16:27:38.779]    __dp=0x00000000
[16:27:38.779]    __ap=0x00000000
[16:27:38.779]    __traceout=0x00000000   (Trace Disabled)
[16:27:38.779]    __errorcontrol=0x00000000   (Skip Errors="False")
[16:27:38.779]    __FlashAddr=0x00000000
[16:27:38.779]    __FlashLen=0x00000000
[16:27:38.779]    __FlashArg=0x00000000
[16:27:38.779]    __FlashOp=0x00000000
[16:27:38.779]    __Result=0x00000000
[16:27:38.779]    DbgMCU_CR=0x00000007
[16:27:38.779]  </debugvars>
[16:27:38.779]  
[16:27:38.779]  <sequence name="DebugCoreStart" Pname="" disable="false" info="">
[16:27:38.779]    <block atomic="false" info="">
[16:27:38.779]      Write32(0xE000EDF0, 0xA05F0001);                                        // Enable Core Debug via DHCSR
[16:27:38.782]        // -> [Write32(0xE000EDF0, 0xA05F0001)] (__dp=0, __ap=0)
[16:27:38.782]      Write32(0xE0042004, DbgMCU_CR);                                         // DBGMCU_CR: Configure MCU Debug
[16:27:38.784]        // -> [Write32(0xE0042004, 0x00000007)] (__dp=0, __ap=0)
[16:27:38.784]    </block>
[16:27:38.784]  </sequence>
[16:27:38.784]  
[16:28:09.473]  **********  Sequence "DebugDeviceUnlock"  (Context="Connect", Pname="", info="")
[16:28:09.473]  
[16:28:09.474]  <debugvars>
[16:28:09.474]    __protocol=0x00010002   (Protocol="SWD", SWJ-DP="True")
[16:28:09.474]    __connection=0x00000202   (Connection Type="Flash", Reset Type="System Reset")
[16:28:09.474]    __dp=0x00000000
[16:28:09.474]    __ap=0x00000000
[16:28:09.474]    __traceout=0x00000000   (Trace Disabled)
[16:28:09.474]    __errorcontrol=0x00000000   (Skip Errors="False")
[16:28:09.474]    __FlashAddr=0x00000000
[16:28:09.474]    __FlashLen=0x00000000
[16:28:09.474]    __FlashArg=0x00000000
[16:28:09.474]    __FlashOp=0x00000000
[16:28:09.474]    __Result=0x00000000
[16:28:09.474]    DbgMCU_CR=0x00000007
[16:28:09.474]  </debugvars>
[16:28:09.474]  
[16:28:09.474]  <sequence name="DebugDeviceUnlock" Pname="" disable="false" info="">
[16:28:09.474]    <block atomic="false" info="">
[16:28:09.474]      Sequence("CheckID");
[16:28:09.474]        <sequence name="CheckID" Pname="" disable="false" info="">
[16:28:09.474]          <block atomic="false" info="">
[16:28:09.474]            __var pidr1 = 0;
[16:28:09.474]              // -> [pidr1 <= 0x00000000]
[16:28:09.475]            __var pidr2 = 0;
[16:28:09.475]              // -> [pidr2 <= 0x00000000]
[16:28:09.475]            __var jep106id = 0;
[16:28:09.475]              // -> [jep106id <= 0x00000000]
[16:28:09.475]            __var ROMTableBase = 0;
[16:28:09.475]              // -> [ROMTableBase <= 0x00000000]
[16:28:09.475]            __ap = 0;      // AHB-AP
[16:28:09.475]              // -> [__ap <= 0x00000000]
[16:28:09.475]            ROMTableBase = ReadAP(0xF8) & ~0x3;
[16:28:09.477]              // -> [ReadAP(0x000000F8) => 0xE00FF003] (__dp=0, __ap=0)
[16:28:09.477]              // -> [ROMTableBase <= 0xE00FF000]
[16:28:09.477]            pidr1 = Read32(ROMTableBase + 0x0FE4);
[16:28:09.481]              // -> [Read32(0xE00FFFE4) => 0x00000004] (__dp=0, __ap=0)
[16:28:09.481]              // -> [pidr1 <= 0x00000004]
[16:28:09.481]            pidr2 = Read32(ROMTableBase + 0x0FE8);
[16:28:09.484]              // -> [Read32(0xE00FFFE8) => 0x0000000A] (__dp=0, __ap=0)
[16:28:09.484]              // -> [pidr2 <= 0x0000000A]
[16:28:09.484]            jep106id = ((pidr2 & 0x7) << 4 ) | ((pidr1 >> 4) & 0xF);
[16:28:09.484]              // -> [jep106id <= 0x00000020]
[16:28:09.484]          </block>
[16:28:09.484]          <control if="jep106id != 0x20" while="" timeout="0" info="">
[16:28:09.484]            // if-block "jep106id != 0x20"
[16:28:09.484]              // =>  FALSE
[16:28:09.484]            // skip if-block "jep106id != 0x20"
[16:28:09.484]          </control>
[16:28:09.484]        </sequence>
[16:28:09.484]    </block>
[16:28:09.484]  </sequence>
[16:28:09.485]  
[16:28:09.525]  **********  Sequence "DebugCoreStart"  (Context="Connect", Pname="", info="")
[16:28:09.525]  
[16:28:09.525]  <debugvars>
[16:28:09.525]    __protocol=0x00010002   (Protocol="SWD", SWJ-DP="True")
[16:28:09.525]    __connection=0x00000202   (Connection Type="Flash", Reset Type="System Reset")
[16:28:09.525]    __dp=0x00000000
[16:28:09.526]    __ap=0x00000000
[16:28:09.526]    __traceout=0x00000000   (Trace Disabled)
[16:28:09.526]    __errorcontrol=0x00000000   (Skip Errors="False")
[16:28:09.526]    __FlashAddr=0x00000000
[16:28:09.526]    __FlashLen=0x00000000
[16:28:09.526]    __FlashArg=0x00000000
[16:28:09.526]    __FlashOp=0x00000000
[16:28:09.526]    __Result=0x00000000
[16:28:09.526]    DbgMCU_CR=0x00000007
[16:28:09.526]  </debugvars>
[16:28:09.526]  
[16:28:09.526]  <sequence name="DebugCoreStart" Pname="" disable="false" info="">
[16:28:09.526]    <block atomic="false" info="">
[16:28:09.526]      Write32(0xE000EDF0, 0xA05F0001);                                        // Enable Core Debug via DHCSR
[16:28:09.529]        // -> [Write32(0xE000EDF0, 0xA05F0001)] (__dp=0, __ap=0)
[16:28:09.529]      Write32(0xE0042004, DbgMCU_CR);                                         // DBGMCU_CR: Configure MCU Debug
[16:28:09.531]        // -> [Write32(0xE0042004, 0x00000007)] (__dp=0, __ap=0)
[16:28:09.531]    </block>
[16:28:09.531]  </sequence>
[16:28:09.531]  
[17:02:27.966]  **********  Sequence "DebugDeviceUnlock"  (Context="Connect", Pname="", info="")
[17:02:27.966]  
[17:02:27.966]  <debugvars>
[17:02:27.967]    __protocol=0x00010002   (Protocol="SWD", SWJ-DP="True")
[17:02:27.967]    __connection=0x00000202   (Connection Type="Flash", Reset Type="System Reset")
[17:02:27.967]    __dp=0x00000000
[17:02:27.967]    __ap=0x00000000
[17:02:27.967]    __traceout=0x00000000   (Trace Disabled)
[17:02:27.967]    __errorcontrol=0x00000000   (Skip Errors="False")
[17:02:27.967]    __FlashAddr=0x00000000
[17:02:27.967]    __FlashLen=0x00000000
[17:02:27.967]    __FlashArg=0x00000000
[17:02:27.967]    __FlashOp=0x00000000
[17:02:27.967]    __Result=0x00000000
[17:02:27.967]    DbgMCU_CR=0x00000007
[17:02:27.967]  </debugvars>
[17:02:27.967]  
[17:02:27.967]  <sequence name="DebugDeviceUnlock" Pname="" disable="false" info="">
[17:02:27.967]    <block atomic="false" info="">
[17:02:27.967]      Sequence("CheckID");
[17:02:27.967]        <sequence name="CheckID" Pname="" disable="false" info="">
[17:02:27.967]          <block atomic="false" info="">
[17:02:27.967]            __var pidr1 = 0;
[17:02:27.967]              // -> [pidr1 <= 0x00000000]
[17:02:27.967]            __var pidr2 = 0;
[17:02:27.967]              // -> [pidr2 <= 0x00000000]
[17:02:27.967]            __var jep106id = 0;
[17:02:27.968]              // -> [jep106id <= 0x00000000]
[17:02:27.968]            __var ROMTableBase = 0;
[17:02:27.968]              // -> [ROMTableBase <= 0x00000000]
[17:02:27.968]            __ap = 0;      // AHB-AP
[17:02:27.968]              // -> [__ap <= 0x00000000]
[17:02:27.968]            ROMTableBase = ReadAP(0xF8) & ~0x3;
[17:02:27.969]              // -> [ReadAP(0x000000F8) => 0xE00FF003] (__dp=0, __ap=0)
[17:02:27.969]              // -> [ROMTableBase <= 0xE00FF000]
[17:02:27.969]            pidr1 = Read32(ROMTableBase + 0x0FE4);
[17:02:27.972]              // -> [Read32(0xE00FFFE4) => 0x00000004] (__dp=0, __ap=0)
[17:02:27.972]              // -> [pidr1 <= 0x00000004]
[17:02:27.972]            pidr2 = Read32(ROMTableBase + 0x0FE8);
[17:02:27.975]              // -> [Read32(0xE00FFFE8) => 0x0000000A] (__dp=0, __ap=0)
[17:02:27.975]              // -> [pidr2 <= 0x0000000A]
[17:02:27.975]            jep106id = ((pidr2 & 0x7) << 4 ) | ((pidr1 >> 4) & 0xF);
[17:02:27.975]              // -> [jep106id <= 0x00000020]
[17:02:27.975]          </block>
[17:02:27.975]          <control if="jep106id != 0x20" while="" timeout="0" info="">
[17:02:27.975]            // if-block "jep106id != 0x20"
[17:02:27.975]              // =>  FALSE
[17:02:27.975]            // skip if-block "jep106id != 0x20"
[17:02:27.976]          </control>
[17:02:27.976]        </sequence>
[17:02:27.976]    </block>
[17:02:27.976]  </sequence>
[17:02:27.976]  
[17:02:28.016]  **********  Sequence "DebugCoreStart"  (Context="Connect", Pname="", info="")
[17:02:28.016]  
[17:02:28.016]  <debugvars>
[17:02:28.016]    __protocol=0x00010002   (Protocol="SWD", SWJ-DP="True")
[17:02:28.016]    __connection=0x00000202   (Connection Type="Flash", Reset Type="System Reset")
[17:02:28.016]    __dp=0x00000000
[17:02:28.016]    __ap=0x00000000
[17:02:28.016]    __traceout=0x00000000   (Trace Disabled)
[17:02:28.016]    __errorcontrol=0x00000000   (Skip Errors="False")
[17:02:28.016]    __FlashAddr=0x00000000
[17:02:28.016]    __FlashLen=0x00000000
[17:02:28.016]    __FlashArg=0x00000000
[17:02:28.016]    __FlashOp=0x00000000
[17:02:28.016]    __Result=0x00000000
[17:02:28.016]    DbgMCU_CR=0x00000007
[17:02:28.016]  </debugvars>
[17:02:28.017]  
[17:02:28.017]  <sequence name="DebugCoreStart" Pname="" disable="false" info="">
[17:02:28.017]    <block atomic="false" info="">
[17:02:28.017]      Write32(0xE000EDF0, 0xA05F0001);                                        // Enable Core Debug via DHCSR
[17:02:28.019]        // -> [Write32(0xE000EDF0, 0xA05F0001)] (__dp=0, __ap=0)
[17:02:28.019]      Write32(0xE0042004, DbgMCU_CR);                                         // DBGMCU_CR: Configure MCU Debug
[17:02:28.022]        // -> [Write32(0xE0042004, 0x00000007)] (__dp=0, __ap=0)
[17:02:28.022]    </block>
[17:02:28.022]  </sequence>
[17:02:28.022]  
[17:02:31.693]  **********  Sequence "DebugDeviceUnlock"  (Context="Connect", Pname="", info="")
[17:02:31.693]  
[17:02:31.694]  <debugvars>
[17:02:31.694]    __protocol=0x00010002   (Protocol="SWD", SWJ-DP="True")
[17:02:31.694]    __connection=0x00000201   (Connection Type="Debug", Reset Type="System Reset")
[17:02:31.694]    __dp=0x00000000
[17:02:31.694]    __ap=0x00000000
[17:02:31.694]    __traceout=0x00000000   (Trace Disabled)
[17:02:31.694]    __errorcontrol=0x00000000   (Skip Errors="False")
[17:02:31.694]    __FlashAddr=0x00000000
[17:02:31.694]    __FlashLen=0x00000000
[17:02:31.694]    __FlashArg=0x00000000
[17:02:31.694]    __FlashOp=0x00000000
[17:02:31.694]    __Result=0x00000000
[17:02:31.694]    DbgMCU_CR=0x00000007
[17:02:31.694]  </debugvars>
[17:02:31.694]  
[17:02:31.694]  <sequence name="DebugDeviceUnlock" Pname="" disable="false" info="">
[17:02:31.694]    <block atomic="false" info="">
[17:02:31.694]      Sequence("CheckID");
[17:02:31.694]        <sequence name="CheckID" Pname="" disable="false" info="">
[17:02:31.694]          <block atomic="false" info="">
[17:02:31.694]            __var pidr1 = 0;
[17:02:31.694]              // -> [pidr1 <= 0x00000000]
[17:02:31.695]            __var pidr2 = 0;
[17:02:31.695]              // -> [pidr2 <= 0x00000000]
[17:02:31.695]            __var jep106id = 0;
[17:02:31.695]              // -> [jep106id <= 0x00000000]
[17:02:31.695]            __var ROMTableBase = 0;
[17:02:31.695]              // -> [ROMTableBase <= 0x00000000]
[17:02:31.695]            __ap = 0;      // AHB-AP
[17:02:31.695]              // -> [__ap <= 0x00000000]
[17:02:31.695]            ROMTableBase = ReadAP(0xF8) & ~0x3;
[17:02:31.696]              // -> [ReadAP(0x000000F8) => 0xE00FF003] (__dp=0, __ap=0)
[17:02:31.697]              // -> [ROMTableBase <= 0xE00FF000]
[17:02:31.697]            pidr1 = Read32(ROMTableBase + 0x0FE4);
[17:02:31.700]              // -> [Read32(0xE00FFFE4) => 0x00000004] (__dp=0, __ap=0)
[17:02:31.700]              // -> [pidr1 <= 0x00000004]
[17:02:31.700]            pidr2 = Read32(ROMTableBase + 0x0FE8);
[17:02:31.703]              // -> [Read32(0xE00FFFE8) => 0x0000000A] (__dp=0, __ap=0)
[17:02:31.703]              // -> [pidr2 <= 0x0000000A]
[17:02:31.703]            jep106id = ((pidr2 & 0x7) << 4 ) | ((pidr1 >> 4) & 0xF);
[17:02:31.703]              // -> [jep106id <= 0x00000020]
[17:02:31.703]          </block>
[17:02:31.703]          <control if="jep106id != 0x20" while="" timeout="0" info="">
[17:02:31.703]            // if-block "jep106id != 0x20"
[17:02:31.703]              // =>  FALSE
[17:02:31.703]            // skip if-block "jep106id != 0x20"
[17:02:31.703]          </control>
[17:02:31.703]        </sequence>
[17:02:31.703]    </block>
[17:02:31.703]  </sequence>
[17:02:31.703]  
[17:02:31.744]  **********  Sequence "DebugCoreStart"  (Context="Connect", Pname="", info="")
[17:02:31.744]  
[17:02:31.744]  <debugvars>
[17:02:31.744]    __protocol=0x00010002   (Protocol="SWD", SWJ-DP="True")
[17:02:31.744]    __connection=0x00000201   (Connection Type="Debug", Reset Type="System Reset")
[17:02:31.744]    __dp=0x00000000
[17:02:31.744]    __ap=0x00000000
[17:02:31.744]    __traceout=0x00000000   (Trace Disabled)
[17:02:31.745]    __errorcontrol=0x00000000   (Skip Errors="False")
[17:02:31.745]    __FlashAddr=0x00000000
[17:02:31.745]    __FlashLen=0x00000000
[17:02:31.745]    __FlashArg=0x00000000
[17:02:31.745]    __FlashOp=0x00000000
[17:02:31.745]    __Result=0x00000000
[17:02:31.745]    DbgMCU_CR=0x00000007
[17:02:31.745]  </debugvars>
[17:02:31.745]  
[17:02:31.745]  <sequence name="DebugCoreStart" Pname="" disable="false" info="">
[17:02:31.745]    <block atomic="false" info="">
[17:02:31.745]      Write32(0xE000EDF0, 0xA05F0001);                                        // Enable Core Debug via DHCSR
[17:02:31.747]        // -> [Write32(0xE000EDF0, 0xA05F0001)] (__dp=0, __ap=0)
[17:02:31.747]      Write32(0xE0042004, DbgMCU_CR);                                         // DBGMCU_CR: Configure MCU Debug
[17:02:31.750]        // -> [Write32(0xE0042004, 0x00000007)] (__dp=0, __ap=0)
[17:02:31.750]    </block>
[17:02:31.750]  </sequence>
[17:02:31.750]  
[17:07:19.081]  **********  Sequence "DebugDeviceUnlock"  (Context="Connect", Pname="", info="")
[17:07:19.081]  
[17:07:19.082]  <debugvars>
[17:07:19.082]    __protocol=0x00010002   (Protocol="SWD", SWJ-DP="True")
[17:07:19.082]    __connection=0x00000202   (Connection Type="Flash", Reset Type="System Reset")
[17:07:19.082]    __dp=0x00000000
[17:07:19.082]    __ap=0x00000000
[17:07:19.082]    __traceout=0x00000000   (Trace Disabled)
[17:07:19.082]    __errorcontrol=0x00000000   (Skip Errors="False")
[17:07:19.082]    __FlashAddr=0x00000000
[17:07:19.082]    __FlashLen=0x00000000
[17:07:19.082]    __FlashArg=0x00000000
[17:07:19.082]    __FlashOp=0x00000000
[17:07:19.082]    __Result=0x00000000
[17:07:19.082]    DbgMCU_CR=0x00000007
[17:07:19.082]  </debugvars>
[17:07:19.082]  
[17:07:19.082]  <sequence name="DebugDeviceUnlock" Pname="" disable="false" info="">
[17:07:19.083]    <block atomic="false" info="">
[17:07:19.083]      Sequence("CheckID");
[17:07:19.083]        <sequence name="CheckID" Pname="" disable="false" info="">
[17:07:19.083]          <block atomic="false" info="">
[17:07:19.083]            __var pidr1 = 0;
[17:07:19.083]              // -> [pidr1 <= 0x00000000]
[17:07:19.083]            __var pidr2 = 0;
[17:07:19.083]              // -> [pidr2 <= 0x00000000]
[17:07:19.083]            __var jep106id = 0;
[17:07:19.083]              // -> [jep106id <= 0x00000000]
[17:07:19.083]            __var ROMTableBase = 0;
[17:07:19.083]              // -> [ROMTableBase <= 0x00000000]
[17:07:19.083]            __ap = 0;      // AHB-AP
[17:07:19.084]              // -> [__ap <= 0x00000000]
[17:07:19.084]            ROMTableBase = ReadAP(0xF8) & ~0x3;
[17:07:19.085]              // -> [ReadAP(0x000000F8) => 0xE00FF003] (__dp=0, __ap=0)
[17:07:19.085]              // -> [ROMTableBase <= 0xE00FF000]
[17:07:19.085]            pidr1 = Read32(ROMTableBase + 0x0FE4);
[17:07:19.089]              // -> [Read32(0xE00FFFE4) => 0x00000004] (__dp=0, __ap=0)
[17:07:19.089]              // -> [pidr1 <= 0x00000004]
[17:07:19.089]            pidr2 = Read32(ROMTableBase + 0x0FE8);
[17:07:19.091]              // -> [Read32(0xE00FFFE8) => 0x0000000A] (__dp=0, __ap=0)
[17:07:19.091]              // -> [pidr2 <= 0x0000000A]
[17:07:19.091]            jep106id = ((pidr2 & 0x7) << 4 ) | ((pidr1 >> 4) & 0xF);
[17:07:19.091]              // -> [jep106id <= 0x00000020]
[17:07:19.091]          </block>
[17:07:19.091]          <control if="jep106id != 0x20" while="" timeout="0" info="">
[17:07:19.091]            // if-block "jep106id != 0x20"
[17:07:19.091]              // =>  FALSE
[17:07:19.091]            // skip if-block "jep106id != 0x20"
[17:07:19.091]          </control>
[17:07:19.091]        </sequence>
[17:07:19.092]    </block>
[17:07:19.092]  </sequence>
[17:07:19.092]  
[17:07:19.132]  **********  Sequence "DebugCoreStart"  (Context="Connect", Pname="", info="")
[17:07:19.132]  
[17:07:19.133]  <debugvars>
[17:07:19.133]    __protocol=0x00010002   (Protocol="SWD", SWJ-DP="True")
[17:07:19.133]    __connection=0x00000202   (Connection Type="Flash", Reset Type="System Reset")
[17:07:19.133]    __dp=0x00000000
[17:07:19.133]    __ap=0x00000000
[17:07:19.133]    __traceout=0x00000000   (Trace Disabled)
[17:07:19.133]    __errorcontrol=0x00000000   (Skip Errors="False")
[17:07:19.133]    __FlashAddr=0x00000000
[17:07:19.133]    __FlashLen=0x00000000
[17:07:19.133]    __FlashArg=0x00000000
[17:07:19.133]    __FlashOp=0x00000000
[17:07:19.133]    __Result=0x00000000
[17:07:19.133]    DbgMCU_CR=0x00000007
[17:07:19.133]  </debugvars>
[17:07:19.133]  
[17:07:19.133]  <sequence name="DebugCoreStart" Pname="" disable="false" info="">
[17:07:19.133]    <block atomic="false" info="">
[17:07:19.133]      Write32(0xE000EDF0, 0xA05F0001);                                        // Enable Core Debug via DHCSR
[17:07:19.136]        // -> [Write32(0xE000EDF0, 0xA05F0001)] (__dp=0, __ap=0)
[17:07:19.136]      Write32(0xE0042004, DbgMCU_CR);                                         // DBGMCU_CR: Configure MCU Debug
[17:07:19.139]        // -> [Write32(0xE0042004, 0x00000007)] (__dp=0, __ap=0)
[17:07:19.139]    </block>
[17:07:19.139]  </sequence>
[17:07:19.140]  
[17:08:00.067]  **********  Sequence "DebugDeviceUnlock"  (Context="Connect", Pname="", info="")
[17:08:00.067]  
[17:08:00.068]  <debugvars>
[17:08:00.068]    __protocol=0x00010002   (Protocol="SWD", SWJ-DP="True")
[17:08:00.068]    __connection=0x00000202   (Connection Type="Flash", Reset Type="System Reset")
[17:08:00.068]    __dp=0x00000000
[17:08:00.068]    __ap=0x00000000
[17:08:00.068]    __traceout=0x00000000   (Trace Disabled)
[17:08:00.068]    __errorcontrol=0x00000000   (Skip Errors="False")
[17:08:00.068]    __FlashAddr=0x00000000
[17:08:00.068]    __FlashLen=0x00000000
[17:08:00.068]    __FlashArg=0x00000000
[17:08:00.068]    __FlashOp=0x00000000
[17:08:00.068]    __Result=0x00000000
[17:08:00.068]    DbgMCU_CR=0x00000007
[17:08:00.068]  </debugvars>
[17:08:00.068]  
[17:08:00.068]  <sequence name="DebugDeviceUnlock" Pname="" disable="false" info="">
[17:08:00.068]    <block atomic="false" info="">
[17:08:00.069]      Sequence("CheckID");
[17:08:00.069]        <sequence name="CheckID" Pname="" disable="false" info="">
[17:08:00.069]          <block atomic="false" info="">
[17:08:00.069]            __var pidr1 = 0;
[17:08:00.069]              // -> [pidr1 <= 0x00000000]
[17:08:00.069]            __var pidr2 = 0;
[17:08:00.069]              // -> [pidr2 <= 0x00000000]
[17:08:00.069]            __var jep106id = 0;
[17:08:00.069]              // -> [jep106id <= 0x00000000]
[17:08:00.069]            __var ROMTableBase = 0;
[17:08:00.069]              // -> [ROMTableBase <= 0x00000000]
[17:08:00.069]            __ap = 0;      // AHB-AP
[17:08:00.069]              // -> [__ap <= 0x00000000]
[17:08:00.069]            ROMTableBase = ReadAP(0xF8) & ~0x3;
[17:08:00.071]              // -> [ReadAP(0x000000F8) => 0xE00FF003] (__dp=0, __ap=0)
[17:08:00.071]              // -> [ROMTableBase <= 0xE00FF000]
[17:08:00.071]            pidr1 = Read32(ROMTableBase + 0x0FE4);
[17:08:00.075]              // -> [Read32(0xE00FFFE4) => 0x00000004] (__dp=0, __ap=0)
[17:08:00.075]              // -> [pidr1 <= 0x00000004]
[17:08:00.075]            pidr2 = Read32(ROMTableBase + 0x0FE8);
[17:08:00.077]              // -> [Read32(0xE00FFFE8) => 0x0000000A] (__dp=0, __ap=0)
[17:08:00.077]              // -> [pidr2 <= 0x0000000A]
[17:08:00.077]            jep106id = ((pidr2 & 0x7) << 4 ) | ((pidr1 >> 4) & 0xF);
[17:08:00.077]              // -> [jep106id <= 0x00000020]
[17:08:00.078]          </block>
[17:08:00.078]          <control if="jep106id != 0x20" while="" timeout="0" info="">
[17:08:00.078]            // if-block "jep106id != 0x20"
[17:08:00.078]              // =>  FALSE
[17:08:00.078]            // skip if-block "jep106id != 0x20"
[17:08:00.078]          </control>
[17:08:00.078]        </sequence>
[17:08:00.078]    </block>
[17:08:00.078]  </sequence>
[17:08:00.078]  
[17:08:00.119]  **********  Sequence "DebugCoreStart"  (Context="Connect", Pname="", info="")
[17:08:00.119]  
[17:08:00.119]  <debugvars>
[17:08:00.119]    __protocol=0x00010002   (Protocol="SWD", SWJ-DP="True")
[17:08:00.119]    __connection=0x00000202   (Connection Type="Flash", Reset Type="System Reset")
[17:08:00.119]    __dp=0x00000000
[17:08:00.119]    __ap=0x00000000
[17:08:00.119]    __traceout=0x00000000   (Trace Disabled)
[17:08:00.119]    __errorcontrol=0x00000000   (Skip Errors="False")
[17:08:00.119]    __FlashAddr=0x00000000
[17:08:00.119]    __FlashLen=0x00000000
[17:08:00.119]    __FlashArg=0x00000000
[17:08:00.119]    __FlashOp=0x00000000
[17:08:00.119]    __Result=0x00000000
[17:08:00.120]    DbgMCU_CR=0x00000007
[17:08:00.120]  </debugvars>
[17:08:00.120]  
[17:08:00.120]  <sequence name="DebugCoreStart" Pname="" disable="false" info="">
[17:08:00.120]    <block atomic="false" info="">
[17:08:00.120]      Write32(0xE000EDF0, 0xA05F0001);                                        // Enable Core Debug via DHCSR
[17:08:00.122]        // -> [Write32(0xE000EDF0, 0xA05F0001)] (__dp=0, __ap=0)
[17:08:00.122]      Write32(0xE0042004, DbgMCU_CR);                                         // DBGMCU_CR: Configure MCU Debug
[17:08:00.125]        // -> [Write32(0xE0042004, 0x00000007)] (__dp=0, __ap=0)
[17:08:00.125]    </block>
[17:08:00.125]  </sequence>
[17:08:00.125]  
[17:11:03.263]  **********  Sequence "DebugDeviceUnlock"  (Context="Connect", Pname="", info="")
[17:11:03.263]  
[17:11:03.264]  <debugvars>
[17:11:03.264]    __protocol=0x00010002   (Protocol="SWD", SWJ-DP="True")
[17:11:03.264]    __connection=0x00000202   (Connection Type="Flash", Reset Type="System Reset")
[17:11:03.264]    __dp=0x00000000
[17:11:03.264]    __ap=0x00000000
[17:11:03.264]    __traceout=0x00000000   (Trace Disabled)
[17:11:03.264]    __errorcontrol=0x00000000   (Skip Errors="False")
[17:11:03.264]    __FlashAddr=0x00000000
[17:11:03.264]    __FlashLen=0x00000000
[17:11:03.264]    __FlashArg=0x00000000
[17:11:03.264]    __FlashOp=0x00000000
[17:11:03.264]    __Result=0x00000000
[17:11:03.265]    DbgMCU_CR=0x00000007
[17:11:03.265]  </debugvars>
[17:11:03.265]  
[17:11:03.265]  <sequence name="DebugDeviceUnlock" Pname="" disable="false" info="">
[17:11:03.265]    <block atomic="false" info="">
[17:11:03.265]      Sequence("CheckID");
[17:11:03.265]        <sequence name="CheckID" Pname="" disable="false" info="">
[17:11:03.265]          <block atomic="false" info="">
[17:11:03.265]            __var pidr1 = 0;
[17:11:03.265]              // -> [pidr1 <= 0x00000000]
[17:11:03.265]            __var pidr2 = 0;
[17:11:03.265]              // -> [pidr2 <= 0x00000000]
[17:11:03.265]            __var jep106id = 0;
[17:11:03.265]              // -> [jep106id <= 0x00000000]
[17:11:03.265]            __var ROMTableBase = 0;
[17:11:03.265]              // -> [ROMTableBase <= 0x00000000]
[17:11:03.265]            __ap = 0;      // AHB-AP
[17:11:03.265]              // -> [__ap <= 0x00000000]
[17:11:03.266]            ROMTableBase = ReadAP(0xF8) & ~0x3;
[17:11:03.267]              // -> [ReadAP(0x000000F8) => 0xE00FF003] (__dp=0, __ap=0)
[17:11:03.267]              // -> [ROMTableBase <= 0xE00FF000]
[17:11:03.267]            pidr1 = Read32(ROMTableBase + 0x0FE4);
[17:11:03.271]              // -> [Read32(0xE00FFFE4) => 0x00000004] (__dp=0, __ap=0)
[17:11:03.271]              // -> [pidr1 <= 0x00000004]
[17:11:03.271]            pidr2 = Read32(ROMTableBase + 0x0FE8);
[17:11:03.273]              // -> [Read32(0xE00FFFE8) => 0x0000000A] (__dp=0, __ap=0)
[17:11:03.273]              // -> [pidr2 <= 0x0000000A]
[17:11:03.273]            jep106id = ((pidr2 & 0x7) << 4 ) | ((pidr1 >> 4) & 0xF);
[17:11:03.274]              // -> [jep106id <= 0x00000020]
[17:11:03.274]          </block>
[17:11:03.274]          <control if="jep106id != 0x20" while="" timeout="0" info="">
[17:11:03.274]            // if-block "jep106id != 0x20"
[17:11:03.274]              // =>  FALSE
[17:11:03.274]            // skip if-block "jep106id != 0x20"
[17:11:03.274]          </control>
[17:11:03.274]        </sequence>
[17:11:03.274]    </block>
[17:11:03.274]  </sequence>
[17:11:03.274]  
[17:11:03.315]  **********  Sequence "DebugCoreStart"  (Context="Connect", Pname="", info="")
[17:11:03.315]  
[17:11:03.315]  <debugvars>
[17:11:03.315]    __protocol=0x00010002   (Protocol="SWD", SWJ-DP="True")
[17:11:03.315]    __connection=0x00000202   (Connection Type="Flash", Reset Type="System Reset")
[17:11:03.315]    __dp=0x00000000
[17:11:03.315]    __ap=0x00000000
[17:11:03.315]    __traceout=0x00000000   (Trace Disabled)
[17:11:03.315]    __errorcontrol=0x00000000   (Skip Errors="False")
[17:11:03.315]    __FlashAddr=0x00000000
[17:11:03.315]    __FlashLen=0x00000000
[17:11:03.315]    __FlashArg=0x00000000
[17:11:03.315]    __FlashOp=0x00000000
[17:11:03.315]    __Result=0x00000000
[17:11:03.315]    DbgMCU_CR=0x00000007
[17:11:03.315]  </debugvars>
[17:11:03.315]  
[17:11:03.315]  <sequence name="DebugCoreStart" Pname="" disable="false" info="">
[17:11:03.316]    <block atomic="false" info="">
[17:11:03.316]      Write32(0xE000EDF0, 0xA05F0001);                                        // Enable Core Debug via DHCSR
[17:11:03.318]        // -> [Write32(0xE000EDF0, 0xA05F0001)] (__dp=0, __ap=0)
[17:11:03.318]      Write32(0xE0042004, DbgMCU_CR);                                         // DBGMCU_CR: Configure MCU Debug
[17:11:03.321]        // -> [Write32(0xE0042004, 0x00000007)] (__dp=0, __ap=0)
[17:11:03.321]    </block>
[17:11:03.321]  </sequence>
[17:11:03.321]  
[18:48:48.266]  **********  Sequence "DebugDeviceUnlock"  (Context="Connect", Pname="", info="")
[18:48:48.266]  
[18:48:48.267]  <debugvars>
[18:48:48.267]    __protocol=0x00010002   (Protocol="SWD", SWJ-DP="True")
[18:48:48.267]    __connection=0x00000202   (Connection Type="Flash", Reset Type="System Reset")
[18:48:48.267]    __dp=0x00000000
[18:48:48.267]    __ap=0x00000000
[18:48:48.267]    __traceout=0x00000000   (Trace Disabled)
[18:48:48.267]    __errorcontrol=0x00000000   (Skip Errors="False")
[18:48:48.267]    __FlashAddr=0x00000000
[18:48:48.267]    __FlashLen=0x00000000
[18:48:48.267]    __FlashArg=0x00000000
[18:48:48.267]    __FlashOp=0x00000000
[18:48:48.267]    __Result=0x00000000
[18:48:48.267]    DbgMCU_CR=0x00000007
[18:48:48.267]  </debugvars>
[18:48:48.268]  
[18:48:48.268]  <sequence name="DebugDeviceUnlock" Pname="" disable="false" info="">
[18:48:48.268]    <block atomic="false" info="">
[18:48:48.268]      Sequence("CheckID");
[18:48:48.268]        <sequence name="CheckID" Pname="" disable="false" info="">
[18:48:48.268]          <block atomic="false" info="">
[18:48:48.268]            __var pidr1 = 0;
[18:48:48.268]              // -> [pidr1 <= 0x00000000]
[18:48:48.268]            __var pidr2 = 0;
[18:48:48.268]              // -> [pidr2 <= 0x00000000]
[18:48:48.268]            __var jep106id = 0;
[18:48:48.268]              // -> [jep106id <= 0x00000000]
[18:48:48.268]            __var ROMTableBase = 0;
[18:48:48.268]              // -> [ROMTableBase <= 0x00000000]
[18:48:48.268]            __ap = 0;      // AHB-AP
[18:48:48.268]              // -> [__ap <= 0x00000000]
[18:48:48.268]            ROMTableBase = ReadAP(0xF8) & ~0x3;
[18:48:48.270]              // -> [ReadAP(0x000000F8) => 0xE00FF003] (__dp=0, __ap=0)
[18:48:48.270]              // -> [ROMTableBase <= 0xE00FF000]
[18:48:48.270]            pidr1 = Read32(ROMTableBase + 0x0FE4);
[18:48:48.273]              // -> [Read32(0xE00FFFE4) => 0x00000004] (__dp=0, __ap=0)
[18:48:48.273]              // -> [pidr1 <= 0x00000004]
[18:48:48.273]            pidr2 = Read32(ROMTableBase + 0x0FE8);
[18:48:48.276]              // -> [Read32(0xE00FFFE8) => 0x0000000A] (__dp=0, __ap=0)
[18:48:48.276]              // -> [pidr2 <= 0x0000000A]
[18:48:48.276]            jep106id = ((pidr2 & 0x7) << 4 ) | ((pidr1 >> 4) & 0xF);
[18:48:48.276]              // -> [jep106id <= 0x00000020]
[18:48:48.276]          </block>
[18:48:48.276]          <control if="jep106id != 0x20" while="" timeout="0" info="">
[18:48:48.276]            // if-block "jep106id != 0x20"
[18:48:48.276]              // =>  FALSE
[18:48:48.276]            // skip if-block "jep106id != 0x20"
[18:48:48.276]          </control>
[18:48:48.276]        </sequence>
[18:48:48.276]    </block>
[18:48:48.276]  </sequence>
[18:48:48.276]  
[18:48:48.319]  **********  Sequence "DebugCoreStart"  (Context="Connect", Pname="", info="")
[18:48:48.319]  
[18:48:48.319]  <debugvars>
[18:48:48.319]    __protocol=0x00010002   (Protocol="SWD", SWJ-DP="True")
[18:48:48.319]    __connection=0x00000202   (Connection Type="Flash", Reset Type="System Reset")
[18:48:48.319]    __dp=0x00000000
[18:48:48.319]    __ap=0x00000000
[18:48:48.319]    __traceout=0x00000000   (Trace Disabled)
[18:48:48.319]    __errorcontrol=0x00000000   (Skip Errors="False")
[18:48:48.319]    __FlashAddr=0x00000000
[18:48:48.319]    __FlashLen=0x00000000
[18:48:48.319]    __FlashArg=0x00000000
[18:48:48.319]    __FlashOp=0x00000000
[18:48:48.319]    __Result=0x00000000
[18:48:48.319]    DbgMCU_CR=0x00000007
[18:48:48.319]  </debugvars>
[18:48:48.319]  
[18:48:48.320]  <sequence name="DebugCoreStart" Pname="" disable="false" info="">
[18:48:48.320]    <block atomic="false" info="">
[18:48:48.320]      Write32(0xE000EDF0, 0xA05F0001);                                        // Enable Core Debug via DHCSR
[18:48:48.322]        // -> [Write32(0xE000EDF0, 0xA05F0001)] (__dp=0, __ap=0)
[18:48:48.322]      Write32(0xE0042004, DbgMCU_CR);                                         // DBGMCU_CR: Configure MCU Debug
[18:48:48.325]        // -> [Write32(0xE0042004, 0x00000007)] (__dp=0, __ap=0)
[18:48:48.325]    </block>
[18:48:48.325]  </sequence>
[18:48:48.325]  
[18:50:38.391]  **********  Sequence "DebugDeviceUnlock"  (Context="Connect", Pname="", info="")
[18:50:38.391]  
[18:50:38.391]  <debugvars>
[18:50:38.392]    __protocol=0x00010002   (Protocol="SWD", SWJ-DP="True")
[18:50:38.392]    __connection=0x00000202   (Connection Type="Flash", Reset Type="System Reset")
[18:50:38.392]    __dp=0x00000000
[18:50:38.392]    __ap=0x00000000
[18:50:38.392]    __traceout=0x00000000   (Trace Disabled)
[18:50:38.392]    __errorcontrol=0x00000000   (Skip Errors="False")
[18:50:38.392]    __FlashAddr=0x00000000
[18:50:38.392]    __FlashLen=0x00000000
[18:50:38.392]    __FlashArg=0x00000000
[18:50:38.392]    __FlashOp=0x00000000
[18:50:38.392]    __Result=0x00000000
[18:50:38.392]    DbgMCU_CR=0x00000007
[18:50:38.392]  </debugvars>
[18:50:38.392]  
[18:50:38.392]  <sequence name="DebugDeviceUnlock" Pname="" disable="false" info="">
[18:50:38.392]    <block atomic="false" info="">
[18:50:38.392]      Sequence("CheckID");
[18:50:38.392]        <sequence name="CheckID" Pname="" disable="false" info="">
[18:50:38.392]          <block atomic="false" info="">
[18:50:38.392]            __var pidr1 = 0;
[18:50:38.392]              // -> [pidr1 <= 0x00000000]
[18:50:38.392]            __var pidr2 = 0;
[18:50:38.393]              // -> [pidr2 <= 0x00000000]
[18:50:38.393]            __var jep106id = 0;
[18:50:38.393]              // -> [jep106id <= 0x00000000]
[18:50:38.393]            __var ROMTableBase = 0;
[18:50:38.393]              // -> [ROMTableBase <= 0x00000000]
[18:50:38.393]            __ap = 0;      // AHB-AP
[18:50:38.393]              // -> [__ap <= 0x00000000]
[18:50:38.393]            ROMTableBase = ReadAP(0xF8) & ~0x3;
[18:50:38.395]              // -> [ReadAP(0x000000F8) => 0xE00FF003] (__dp=0, __ap=0)
[18:50:38.395]              // -> [ROMTableBase <= 0xE00FF000]
[18:50:38.395]            pidr1 = Read32(ROMTableBase + 0x0FE4);
[18:50:38.398]              // -> [Read32(0xE00FFFE4) => 0x00000004] (__dp=0, __ap=0)
[18:50:38.398]              // -> [pidr1 <= 0x00000004]
[18:50:38.398]            pidr2 = Read32(ROMTableBase + 0x0FE8);
[18:50:38.401]              // -> [Read32(0xE00FFFE8) => 0x0000000A] (__dp=0, __ap=0)
[18:50:38.401]              // -> [pidr2 <= 0x0000000A]
[18:50:38.401]            jep106id = ((pidr2 & 0x7) << 4 ) | ((pidr1 >> 4) & 0xF);
[18:50:38.401]              // -> [jep106id <= 0x00000020]
[18:50:38.401]          </block>
[18:50:38.401]          <control if="jep106id != 0x20" while="" timeout="0" info="">
[18:50:38.401]            // if-block "jep106id != 0x20"
[18:50:38.401]              // =>  FALSE
[18:50:38.401]            // skip if-block "jep106id != 0x20"
[18:50:38.401]          </control>
[18:50:38.401]        </sequence>
[18:50:38.401]    </block>
[18:50:38.401]  </sequence>
[18:50:38.401]  
[18:50:38.443]  **********  Sequence "DebugCoreStart"  (Context="Connect", Pname="", info="")
[18:50:38.443]  
[18:50:38.443]  <debugvars>
[18:50:38.443]    __protocol=0x00010002   (Protocol="SWD", SWJ-DP="True")
[18:50:38.443]    __connection=0x00000202   (Connection Type="Flash", Reset Type="System Reset")
[18:50:38.443]    __dp=0x00000000
[18:50:38.443]    __ap=0x00000000
[18:50:38.443]    __traceout=0x00000000   (Trace Disabled)
[18:50:38.443]    __errorcontrol=0x00000000   (Skip Errors="False")
[18:50:38.443]    __FlashAddr=0x00000000
[18:50:38.443]    __FlashLen=0x00000000
[18:50:38.444]    __FlashArg=0x00000000
[18:50:38.444]    __FlashOp=0x00000000
[18:50:38.444]    __Result=0x00000000
[18:50:38.444]    DbgMCU_CR=0x00000007
[18:50:38.444]  </debugvars>
[18:50:38.444]  
[18:50:38.444]  <sequence name="DebugCoreStart" Pname="" disable="false" info="">
[18:50:38.444]    <block atomic="false" info="">
[18:50:38.444]      Write32(0xE000EDF0, 0xA05F0001);                                        // Enable Core Debug via DHCSR
[18:50:38.447]        // -> [Write32(0xE000EDF0, 0xA05F0001)] (__dp=0, __ap=0)
[18:50:38.447]      Write32(0xE0042004, DbgMCU_CR);                                         // DBGMCU_CR: Configure MCU Debug
[18:50:38.449]        // -> [Write32(0xE0042004, 0x00000007)] (__dp=0, __ap=0)
[18:50:38.449]    </block>
[18:50:38.450]  </sequence>
[18:50:38.450]  
[18:50:43.103]  **********  Sequence "DebugDeviceUnlock"  (Context="Connect", Pname="", info="")
[18:50:43.103]  
[18:50:43.103]  <debugvars>
[18:50:43.103]    __protocol=0x00010002   (Protocol="SWD", SWJ-DP="True")
[18:50:43.103]    __connection=0x00000201   (Connection Type="Debug", Reset Type="System Reset")
[18:50:43.103]    __dp=0x00000000
[18:50:43.103]    __ap=0x00000000
[18:50:43.103]    __traceout=0x00000000   (Trace Disabled)
[18:50:43.103]    __errorcontrol=0x00000000   (Skip Errors="False")
[18:50:43.103]    __FlashAddr=0x00000000
[18:50:43.103]    __FlashLen=0x00000000
[18:50:43.103]    __FlashArg=0x00000000
[18:50:43.104]    __FlashOp=0x00000000
[18:50:43.104]    __Result=0x00000000
[18:50:43.104]    DbgMCU_CR=0x00000007
[18:50:43.104]  </debugvars>
[18:50:43.104]  
[18:50:43.104]  <sequence name="DebugDeviceUnlock" Pname="" disable="false" info="">
[18:50:43.104]    <block atomic="false" info="">
[18:50:43.104]      Sequence("CheckID");
[18:50:43.104]        <sequence name="CheckID" Pname="" disable="false" info="">
[18:50:43.104]          <block atomic="false" info="">
[18:50:43.104]            __var pidr1 = 0;
[18:50:43.104]              // -> [pidr1 <= 0x00000000]
[18:50:43.104]            __var pidr2 = 0;
[18:50:43.104]              // -> [pidr2 <= 0x00000000]
[18:50:43.104]            __var jep106id = 0;
[18:50:43.104]              // -> [jep106id <= 0x00000000]
[18:50:43.104]            __var ROMTableBase = 0;
[18:50:43.104]              // -> [ROMTableBase <= 0x00000000]
[18:50:43.104]            __ap = 0;      // AHB-AP
[18:50:43.104]              // -> [__ap <= 0x00000000]
[18:50:43.104]            ROMTableBase = ReadAP(0xF8) & ~0x3;
[18:50:43.106]              // -> [ReadAP(0x000000F8) => 0xE00FF003] (__dp=0, __ap=0)
[18:50:43.106]              // -> [ROMTableBase <= 0xE00FF000]
[18:50:43.106]            pidr1 = Read32(ROMTableBase + 0x0FE4);
[18:50:43.110]              // -> [Read32(0xE00FFFE4) => 0x00000004] (__dp=0, __ap=0)
[18:50:43.110]              // -> [pidr1 <= 0x00000004]
[18:50:43.110]            pidr2 = Read32(ROMTableBase + 0x0FE8);
[18:50:43.112]              // -> [Read32(0xE00FFFE8) => 0x0000000A] (__dp=0, __ap=0)
[18:50:43.113]              // -> [pidr2 <= 0x0000000A]
[18:50:43.113]            jep106id = ((pidr2 & 0x7) << 4 ) | ((pidr1 >> 4) & 0xF);
[18:50:43.113]              // -> [jep106id <= 0x00000020]
[18:50:43.113]          </block>
[18:50:43.113]          <control if="jep106id != 0x20" while="" timeout="0" info="">
[18:50:43.113]            // if-block "jep106id != 0x20"
[18:50:43.113]              // =>  FALSE
[18:50:43.113]            // skip if-block "jep106id != 0x20"
[18:50:43.113]          </control>
[18:50:43.113]        </sequence>
[18:50:43.113]    </block>
[18:50:43.113]  </sequence>
[18:50:43.113]  
[18:50:43.153]  **********  Sequence "DebugCoreStart"  (Context="Connect", Pname="", info="")
[18:50:43.153]  
[18:50:43.153]  <debugvars>
[18:50:43.154]    __protocol=0x00010002   (Protocol="SWD", SWJ-DP="True")
[18:50:43.154]    __connection=0x00000201   (Connection Type="Debug", Reset Type="System Reset")
[18:50:43.154]    __dp=0x00000000
[18:50:43.154]    __ap=0x00000000
[18:50:43.154]    __traceout=0x00000000   (Trace Disabled)
[18:50:43.154]    __errorcontrol=0x00000000   (Skip Errors="False")
[18:50:43.154]    __FlashAddr=0x00000000
[18:50:43.154]    __FlashLen=0x00000000
[18:50:43.154]    __FlashArg=0x00000000
[18:50:43.154]    __FlashOp=0x00000000
[18:50:43.154]    __Result=0x00000000
[18:50:43.154]    DbgMCU_CR=0x00000007
[18:50:43.154]  </debugvars>
[18:50:43.154]  
[18:50:43.154]  <sequence name="DebugCoreStart" Pname="" disable="false" info="">
[18:50:43.154]    <block atomic="false" info="">
[18:50:43.154]      Write32(0xE000EDF0, 0xA05F0001);                                        // Enable Core Debug via DHCSR
[18:50:43.157]        // -> [Write32(0xE000EDF0, 0xA05F0001)] (__dp=0, __ap=0)
[18:50:43.157]      Write32(0xE0042004, DbgMCU_CR);                                         // DBGMCU_CR: Configure MCU Debug
[18:50:43.159]        // -> [Write32(0xE0042004, 0x00000007)] (__dp=0, __ap=0)
[18:50:43.159]    </block>
[18:50:43.159]  </sequence>
[18:50:43.159]  
[18:51:47.026]  **********  Sequence "DebugDeviceUnlock"  (Context="Connect", Pname="", info="")
[18:51:47.026]  
[18:51:47.026]  <debugvars>
[18:51:47.026]    __protocol=0x00010002   (Protocol="SWD", SWJ-DP="True")
[18:51:47.027]    __connection=0x00000202   (Connection Type="Flash", Reset Type="System Reset")
[18:51:47.027]    __dp=0x00000000
[18:51:47.027]    __ap=0x00000000
[18:51:47.027]    __traceout=0x00000000   (Trace Disabled)
[18:51:47.027]    __errorcontrol=0x00000000   (Skip Errors="False")
[18:51:47.027]    __FlashAddr=0x00000000
[18:51:47.027]    __FlashLen=0x00000000
[18:51:47.027]    __FlashArg=0x00000000
[18:51:47.027]    __FlashOp=0x00000000
[18:51:47.027]    __Result=0x00000000
[18:51:47.027]    DbgMCU_CR=0x00000007
[18:51:47.027]  </debugvars>
[18:51:47.027]  
[18:51:47.027]  <sequence name="DebugDeviceUnlock" Pname="" disable="false" info="">
[18:51:47.027]    <block atomic="false" info="">
[18:51:47.027]      Sequence("CheckID");
[18:51:47.027]        <sequence name="CheckID" Pname="" disable="false" info="">
[18:51:47.027]          <block atomic="false" info="">
[18:51:47.027]            __var pidr1 = 0;
[18:51:47.027]              // -> [pidr1 <= 0x00000000]
[18:51:47.027]            __var pidr2 = 0;
[18:51:47.027]              // -> [pidr2 <= 0x00000000]
[18:51:47.027]            __var jep106id = 0;
[18:51:47.027]              // -> [jep106id <= 0x00000000]
[18:51:47.027]            __var ROMTableBase = 0;
[18:51:47.027]              // -> [ROMTableBase <= 0x00000000]
[18:51:47.027]            __ap = 0;      // AHB-AP
[18:51:47.028]              // -> [__ap <= 0x00000000]
[18:51:47.028]            ROMTableBase = ReadAP(0xF8) & ~0x3;
[18:51:47.029]              // -> [ReadAP(0x000000F8) => 0xE00FF003] (__dp=0, __ap=0)
[18:51:47.029]              // -> [ROMTableBase <= 0xE00FF000]
[18:51:47.029]            pidr1 = Read32(ROMTableBase + 0x0FE4);
[18:51:47.033]              // -> [Read32(0xE00FFFE4) => 0x00000004] (__dp=0, __ap=0)
[18:51:47.033]              // -> [pidr1 <= 0x00000004]
[18:51:47.033]            pidr2 = Read32(ROMTableBase + 0x0FE8);
[18:51:47.036]              // -> [Read32(0xE00FFFE8) => 0x0000000A] (__dp=0, __ap=0)
[18:51:47.036]              // -> [pidr2 <= 0x0000000A]
[18:51:47.036]            jep106id = ((pidr2 & 0x7) << 4 ) | ((pidr1 >> 4) & 0xF);
[18:51:47.036]              // -> [jep106id <= 0x00000020]
[18:51:47.036]          </block>
[18:51:47.036]          <control if="jep106id != 0x20" while="" timeout="0" info="">
[18:51:47.036]            // if-block "jep106id != 0x20"
[18:51:47.036]              // =>  FALSE
[18:51:47.036]            // skip if-block "jep106id != 0x20"
[18:51:47.036]          </control>
[18:51:47.036]        </sequence>
[18:51:47.036]    </block>
[18:51:47.036]  </sequence>
[18:51:47.036]  
[18:51:47.079]  **********  Sequence "DebugCoreStart"  (Context="Connect", Pname="", info="")
[18:51:47.079]  
[18:51:47.080]  <debugvars>
[18:51:47.080]    __protocol=0x00010002   (Protocol="SWD", SWJ-DP="True")
[18:51:47.080]    __connection=0x00000202   (Connection Type="Flash", Reset Type="System Reset")
[18:51:47.080]    __dp=0x00000000
[18:51:47.080]    __ap=0x00000000
[18:51:47.080]    __traceout=0x00000000   (Trace Disabled)
[18:51:47.080]    __errorcontrol=0x00000000   (Skip Errors="False")
[18:51:47.080]    __FlashAddr=0x00000000
[18:51:47.080]    __FlashLen=0x00000000
[18:51:47.080]    __FlashArg=0x00000000
[18:51:47.080]    __FlashOp=0x00000000
[18:51:47.080]    __Result=0x00000000
[18:51:47.080]    DbgMCU_CR=0x00000007
[18:51:47.080]  </debugvars>
[18:51:47.080]  
[18:51:47.080]  <sequence name="DebugCoreStart" Pname="" disable="false" info="">
[18:51:47.080]    <block atomic="false" info="">
[18:51:47.080]      Write32(0xE000EDF0, 0xA05F0001);                                        // Enable Core Debug via DHCSR
[18:51:47.083]        // -> [Write32(0xE000EDF0, 0xA05F0001)] (__dp=0, __ap=0)
[18:51:47.083]      Write32(0xE0042004, DbgMCU_CR);                                         // DBGMCU_CR: Configure MCU Debug
[18:51:47.085]        // -> [Write32(0xE0042004, 0x00000007)] (__dp=0, __ap=0)
[18:51:47.085]    </block>
[18:51:47.085]  </sequence>
[18:51:47.085]  
[18:51:56.034]  **********  Sequence "DebugDeviceUnlock"  (Context="Connect", Pname="", info="")
[18:51:56.034]  
[18:51:56.035]  <debugvars>
[18:51:56.035]    __protocol=0x00010002   (Protocol="SWD", SWJ-DP="True")
[18:51:56.035]    __connection=0x00000202   (Connection Type="Flash", Reset Type="System Reset")
[18:51:56.035]    __dp=0x00000000
[18:51:56.035]    __ap=0x00000000
[18:51:56.035]    __traceout=0x00000000   (Trace Disabled)
[18:51:56.035]    __errorcontrol=0x00000000   (Skip Errors="False")
[18:51:56.035]    __FlashAddr=0x00000000
[18:51:56.035]    __FlashLen=0x00000000
[18:51:56.035]    __FlashArg=0x00000000
[18:51:56.035]    __FlashOp=0x00000000
[18:51:56.036]    __Result=0x00000000
[18:51:56.036]    DbgMCU_CR=0x00000007
[18:51:56.036]  </debugvars>
[18:51:56.036]  
[18:51:56.036]  <sequence name="DebugDeviceUnlock" Pname="" disable="false" info="">
[18:51:56.036]    <block atomic="false" info="">
[18:51:56.036]      Sequence("CheckID");
[18:51:56.036]        <sequence name="CheckID" Pname="" disable="false" info="">
[18:51:56.036]          <block atomic="false" info="">
[18:51:56.036]            __var pidr1 = 0;
[18:51:56.036]              // -> [pidr1 <= 0x00000000]
[18:51:56.036]            __var pidr2 = 0;
[18:51:56.036]              // -> [pidr2 <= 0x00000000]
[18:51:56.036]            __var jep106id = 0;
[18:51:56.036]              // -> [jep106id <= 0x00000000]
[18:51:56.036]            __var ROMTableBase = 0;
[18:51:56.036]              // -> [ROMTableBase <= 0x00000000]
[18:51:56.036]            __ap = 0;      // AHB-AP
[18:51:56.036]              // -> [__ap <= 0x00000000]
[18:51:56.036]            ROMTableBase = ReadAP(0xF8) & ~0x3;
[18:51:56.038]              // -> [ReadAP(0x000000F8) => 0xE00FF003] (__dp=0, __ap=0)
[18:51:56.038]              // -> [ROMTableBase <= 0xE00FF000]
[18:51:56.038]            pidr1 = Read32(ROMTableBase + 0x0FE4);
[18:51:56.041]              // -> [Read32(0xE00FFFE4) => 0x00000004] (__dp=0, __ap=0)
[18:51:56.041]              // -> [pidr1 <= 0x00000004]
[18:51:56.041]            pidr2 = Read32(ROMTableBase + 0x0FE8);
[18:51:56.043]              // -> [Read32(0xE00FFFE8) => 0x0000000A] (__dp=0, __ap=0)
[18:51:56.043]              // -> [pidr2 <= 0x0000000A]
[18:51:56.043]            jep106id = ((pidr2 & 0x7) << 4 ) | ((pidr1 >> 4) & 0xF);
[18:51:56.043]              // -> [jep106id <= 0x00000020]
[18:51:56.043]          </block>
[18:51:56.043]          <control if="jep106id != 0x20" while="" timeout="0" info="">
[18:51:56.043]            // if-block "jep106id != 0x20"
[18:51:56.043]              // =>  FALSE
[18:51:56.043]            // skip if-block "jep106id != 0x20"
[18:51:56.044]          </control>
[18:51:56.044]        </sequence>
[18:51:56.044]    </block>
[18:51:56.044]  </sequence>
[18:51:56.044]  
[18:51:56.084]  **********  Sequence "DebugCoreStart"  (Context="Connect", Pname="", info="")
[18:51:56.084]  
[18:51:56.084]  <debugvars>
[18:51:56.084]    __protocol=0x00010002   (Protocol="SWD", SWJ-DP="True")
[18:51:56.084]    __connection=0x00000202   (Connection Type="Flash", Reset Type="System Reset")
[18:51:56.084]    __dp=0x00000000
[18:51:56.084]    __ap=0x00000000
[18:51:56.084]    __traceout=0x00000000   (Trace Disabled)
[18:51:56.084]    __errorcontrol=0x00000000   (Skip Errors="False")
[18:51:56.084]    __FlashAddr=0x00000000
[18:51:56.085]    __FlashLen=0x00000000
[18:51:56.085]    __FlashArg=0x00000000
[18:51:56.085]    __FlashOp=0x00000000
[18:51:56.085]    __Result=0x00000000
[18:51:56.085]    DbgMCU_CR=0x00000007
[18:51:56.085]  </debugvars>
[18:51:56.085]  
[18:51:56.085]  <sequence name="DebugCoreStart" Pname="" disable="false" info="">
[18:51:56.085]    <block atomic="false" info="">
[18:51:56.085]      Write32(0xE000EDF0, 0xA05F0001);                                        // Enable Core Debug via DHCSR
[18:51:56.088]        // -> [Write32(0xE000EDF0, 0xA05F0001)] (__dp=0, __ap=0)
[18:51:56.088]      Write32(0xE0042004, DbgMCU_CR);                                         // DBGMCU_CR: Configure MCU Debug
[18:51:56.090]        // -> [Write32(0xE0042004, 0x00000007)] (__dp=0, __ap=0)
[18:51:56.090]    </block>
[18:51:56.090]  </sequence>
[18:51:56.090]  
[18:53:42.973]  **********  Sequence "DebugDeviceUnlock"  (Context="Connect", Pname="", info="")
[18:53:42.973]  
[18:53:42.973]  <debugvars>
[18:53:42.974]    __protocol=0x00010002   (Protocol="SWD", SWJ-DP="True")
[18:53:42.974]    __connection=0x00000202   (Connection Type="Flash", Reset Type="System Reset")
[18:53:42.974]    __dp=0x00000000
[18:53:42.974]    __ap=0x00000000
[18:53:42.974]    __traceout=0x00000000   (Trace Disabled)
[18:53:42.974]    __errorcontrol=0x00000000   (Skip Errors="False")
[18:53:42.974]    __FlashAddr=0x00000000
[18:53:42.974]    __FlashLen=0x00000000
[18:53:42.974]    __FlashArg=0x00000000
[18:53:42.974]    __FlashOp=0x00000000
[18:53:42.974]    __Result=0x00000000
[18:53:42.974]    DbgMCU_CR=0x00000007
[18:53:42.974]  </debugvars>
[18:53:42.974]  
[18:53:42.974]  <sequence name="DebugDeviceUnlock" Pname="" disable="false" info="">
[18:53:42.974]    <block atomic="false" info="">
[18:53:42.974]      Sequence("CheckID");
[18:53:42.974]        <sequence name="CheckID" Pname="" disable="false" info="">
[18:53:42.974]          <block atomic="false" info="">
[18:53:42.974]            __var pidr1 = 0;
[18:53:42.974]              // -> [pidr1 <= 0x00000000]
[18:53:42.974]            __var pidr2 = 0;
[18:53:42.975]              // -> [pidr2 <= 0x00000000]
[18:53:42.975]            __var jep106id = 0;
[18:53:42.975]              // -> [jep106id <= 0x00000000]
[18:53:42.975]            __var ROMTableBase = 0;
[18:53:42.975]              // -> [ROMTableBase <= 0x00000000]
[18:53:42.975]            __ap = 0;      // AHB-AP
[18:53:42.975]              // -> [__ap <= 0x00000000]
[18:53:42.975]            ROMTableBase = ReadAP(0xF8) & ~0x3;
[18:53:42.976]              // -> [ReadAP(0x000000F8) => 0xE00FF003] (__dp=0, __ap=0)
[18:53:42.977]              // -> [ROMTableBase <= 0xE00FF000]
[18:53:42.977]            pidr1 = Read32(ROMTableBase + 0x0FE4);
[18:53:42.981]              // -> [Read32(0xE00FFFE4) => 0x00000004] (__dp=0, __ap=0)
[18:53:42.981]              // -> [pidr1 <= 0x00000004]
[18:53:42.981]            pidr2 = Read32(ROMTableBase + 0x0FE8);
[18:53:42.983]              // -> [Read32(0xE00FFFE8) => 0x0000000A] (__dp=0, __ap=0)
[18:53:42.983]              // -> [pidr2 <= 0x0000000A]
[18:53:42.983]            jep106id = ((pidr2 & 0x7) << 4 ) | ((pidr1 >> 4) & 0xF);
[18:53:42.983]              // -> [jep106id <= 0x00000020]
[18:53:42.983]          </block>
[18:53:42.984]          <control if="jep106id != 0x20" while="" timeout="0" info="">
[18:53:42.984]            // if-block "jep106id != 0x20"
[18:53:42.984]              // =>  FALSE
[18:53:42.984]            // skip if-block "jep106id != 0x20"
[18:53:42.984]          </control>
[18:53:42.984]        </sequence>
[18:53:42.984]    </block>
[18:53:42.984]  </sequence>
[18:53:42.984]  
[18:53:43.025]  **********  Sequence "DebugCoreStart"  (Context="Connect", Pname="", info="")
[18:53:43.025]  
[18:53:43.025]  <debugvars>
[18:53:43.025]    __protocol=0x00010002   (Protocol="SWD", SWJ-DP="True")
[18:53:43.025]    __connection=0x00000202   (Connection Type="Flash", Reset Type="System Reset")
[18:53:43.025]    __dp=0x00000000
[18:53:43.025]    __ap=0x00000000
[18:53:43.025]    __traceout=0x00000000   (Trace Disabled)
[18:53:43.025]    __errorcontrol=0x00000000   (Skip Errors="False")
[18:53:43.025]    __FlashAddr=0x00000000
[18:53:43.025]    __FlashLen=0x00000000
[18:53:43.025]    __FlashArg=0x00000000
[18:53:43.025]    __FlashOp=0x00000000
[18:53:43.025]    __Result=0x00000000
[18:53:43.025]    DbgMCU_CR=0x00000007
[18:53:43.025]  </debugvars>
[18:53:43.025]  
[18:53:43.025]  <sequence name="DebugCoreStart" Pname="" disable="false" info="">
[18:53:43.025]    <block atomic="false" info="">
[18:53:43.025]      Write32(0xE000EDF0, 0xA05F0001);                                        // Enable Core Debug via DHCSR
[18:53:43.028]        // -> [Write32(0xE000EDF0, 0xA05F0001)] (__dp=0, __ap=0)
[18:53:43.028]      Write32(0xE0042004, DbgMCU_CR);                                         // DBGMCU_CR: Configure MCU Debug
[18:53:43.030]        // -> [Write32(0xE0042004, 0x00000007)] (__dp=0, __ap=0)
[18:53:43.031]    </block>
[18:53:43.031]  </sequence>
[18:53:43.031]  
[18:54:25.396]  **********  Sequence "DebugDeviceUnlock"  (Context="Connect", Pname="", info="")
[18:54:25.396]  
[18:54:25.396]  <debugvars>
[18:54:25.396]    __protocol=0x00010002   (Protocol="SWD", SWJ-DP="True")
[18:54:25.396]    __connection=0x00000202   (Connection Type="Flash", Reset Type="System Reset")
[18:54:25.396]    __dp=0x00000000
[18:54:25.397]    __ap=0x00000000
[18:54:25.397]    __traceout=0x00000000   (Trace Disabled)
[18:54:25.397]    __errorcontrol=0x00000000   (Skip Errors="False")
[18:54:25.397]    __FlashAddr=0x00000000
[18:54:25.397]    __FlashLen=0x00000000
[18:54:25.397]    __FlashArg=0x00000000
[18:54:25.397]    __FlashOp=0x00000000
[18:54:25.397]    __Result=0x00000000
[18:54:25.397]    DbgMCU_CR=0x00000007
[18:54:25.397]  </debugvars>
[18:54:25.397]  
[18:54:25.397]  <sequence name="DebugDeviceUnlock" Pname="" disable="false" info="">
[18:54:25.397]    <block atomic="false" info="">
[18:54:25.397]      Sequence("CheckID");
[18:54:25.397]        <sequence name="CheckID" Pname="" disable="false" info="">
[18:54:25.397]          <block atomic="false" info="">
[18:54:25.397]            __var pidr1 = 0;
[18:54:25.397]              // -> [pidr1 <= 0x00000000]
[18:54:25.397]            __var pidr2 = 0;
[18:54:25.397]              // -> [pidr2 <= 0x00000000]
[18:54:25.397]            __var jep106id = 0;
[18:54:25.398]              // -> [jep106id <= 0x00000000]
[18:54:25.398]            __var ROMTableBase = 0;
[18:54:25.398]              // -> [ROMTableBase <= 0x00000000]
[18:54:25.398]            __ap = 0;      // AHB-AP
[18:54:25.398]              // -> [__ap <= 0x00000000]
[18:54:25.398]            ROMTableBase = ReadAP(0xF8) & ~0x3;
[18:54:25.400]              // -> [ReadAP(0x000000F8) => 0xE00FF003] (__dp=0, __ap=0)
[18:54:25.400]              // -> [ROMTableBase <= 0xE00FF000]
[18:54:25.400]            pidr1 = Read32(ROMTableBase + 0x0FE4);
[18:54:25.403]              // -> [Read32(0xE00FFFE4) => 0x00000004] (__dp=0, __ap=0)
[18:54:25.403]              // -> [pidr1 <= 0x00000004]
[18:54:25.403]            pidr2 = Read32(ROMTableBase + 0x0FE8);
[18:54:25.405]              // -> [Read32(0xE00FFFE8) => 0x0000000A] (__dp=0, __ap=0)
[18:54:25.405]              // -> [pidr2 <= 0x0000000A]
[18:54:25.405]            jep106id = ((pidr2 & 0x7) << 4 ) | ((pidr1 >> 4) & 0xF);
[18:54:25.405]              // -> [jep106id <= 0x00000020]
[18:54:25.405]          </block>
[18:54:25.405]          <control if="jep106id != 0x20" while="" timeout="0" info="">
[18:54:25.405]            // if-block "jep106id != 0x20"
[18:54:25.406]              // =>  FALSE
[18:54:25.406]            // skip if-block "jep106id != 0x20"
[18:54:25.406]          </control>
[18:54:25.406]        </sequence>
[18:54:25.406]    </block>
[18:54:25.406]  </sequence>
[18:54:25.406]  
[18:54:25.446]  **********  Sequence "DebugCoreStart"  (Context="Connect", Pname="", info="")
[18:54:25.446]  
[18:54:25.446]  <debugvars>
[18:54:25.446]    __protocol=0x00010002   (Protocol="SWD", SWJ-DP="True")
[18:54:25.447]    __connection=0x00000202   (Connection Type="Flash", Reset Type="System Reset")
[18:54:25.447]    __dp=0x00000000
[18:54:25.447]    __ap=0x00000000
[18:54:25.447]    __traceout=0x00000000   (Trace Disabled)
[18:54:25.447]    __errorcontrol=0x00000000   (Skip Errors="False")
[18:54:25.447]    __FlashAddr=0x00000000
[18:54:25.447]    __FlashLen=0x00000000
[18:54:25.447]    __FlashArg=0x00000000
[18:54:25.447]    __FlashOp=0x00000000
[18:54:25.447]    __Result=0x00000000
[18:54:25.447]    DbgMCU_CR=0x00000007
[18:54:25.447]  </debugvars>
[18:54:25.447]  
[18:54:25.447]  <sequence name="DebugCoreStart" Pname="" disable="false" info="">
[18:54:25.447]    <block atomic="false" info="">
[18:54:25.447]      Write32(0xE000EDF0, 0xA05F0001);                                        // Enable Core Debug via DHCSR
[18:54:25.449]        // -> [Write32(0xE000EDF0, 0xA05F0001)] (__dp=0, __ap=0)
[18:54:25.450]      Write32(0xE0042004, DbgMCU_CR);                                         // DBGMCU_CR: Configure MCU Debug
[18:54:25.452]        // -> [Write32(0xE0042004, 0x00000007)] (__dp=0, __ap=0)
[18:54:25.452]    </block>
[18:54:25.452]  </sequence>
[18:54:25.452]  
[18:54:47.171]  **********  Sequence "DebugDeviceUnlock"  (Context="Connect", Pname="", info="")
[18:54:47.171]  
[18:54:47.171]  <debugvars>
[18:54:47.171]    __protocol=0x00010002   (Protocol="SWD", SWJ-DP="True")
[18:54:47.171]    __connection=0x00000202   (Connection Type="Flash", Reset Type="System Reset")
[18:54:47.171]    __dp=0x00000000
[18:54:47.171]    __ap=0x00000000
[18:54:47.171]    __traceout=0x00000000   (Trace Disabled)
[18:54:47.171]    __errorcontrol=0x00000000   (Skip Errors="False")
[18:54:47.171]    __FlashAddr=0x00000000
[18:54:47.171]    __FlashLen=0x00000000
[18:54:47.172]    __FlashArg=0x00000000
[18:54:47.172]    __FlashOp=0x00000000
[18:54:47.172]    __Result=0x00000000
[18:54:47.172]    DbgMCU_CR=0x00000007
[18:54:47.172]  </debugvars>
[18:54:47.172]  
[18:54:47.172]  <sequence name="DebugDeviceUnlock" Pname="" disable="false" info="">
[18:54:47.172]    <block atomic="false" info="">
[18:54:47.172]      Sequence("CheckID");
[18:54:47.172]        <sequence name="CheckID" Pname="" disable="false" info="">
[18:54:47.172]          <block atomic="false" info="">
[18:54:47.172]            __var pidr1 = 0;
[18:54:47.172]              // -> [pidr1 <= 0x00000000]
[18:54:47.172]            __var pidr2 = 0;
[18:54:47.172]              // -> [pidr2 <= 0x00000000]
[18:54:47.172]            __var jep106id = 0;
[18:54:47.172]              // -> [jep106id <= 0x00000000]
[18:54:47.172]            __var ROMTableBase = 0;
[18:54:47.172]              // -> [ROMTableBase <= 0x00000000]
[18:54:47.172]            __ap = 0;      // AHB-AP
[18:54:47.173]              // -> [__ap <= 0x00000000]
[18:54:47.173]            ROMTableBase = ReadAP(0xF8) & ~0x3;
[18:54:47.174]              // -> [ReadAP(0x000000F8) => 0xE00FF003] (__dp=0, __ap=0)
[18:54:47.174]              // -> [ROMTableBase <= 0xE00FF000]
[18:54:47.174]            pidr1 = Read32(ROMTableBase + 0x0FE4);
[18:54:47.178]              // -> [Read32(0xE00FFFE4) => 0x00000004] (__dp=0, __ap=0)
[18:54:47.178]              // -> [pidr1 <= 0x00000004]
[18:54:47.178]            pidr2 = Read32(ROMTableBase + 0x0FE8);
[18:54:47.181]              // -> [Read32(0xE00FFFE8) => 0x0000000A] (__dp=0, __ap=0)
[18:54:47.181]              // -> [pidr2 <= 0x0000000A]
[18:54:47.181]            jep106id = ((pidr2 & 0x7) << 4 ) | ((pidr1 >> 4) & 0xF);
[18:54:47.181]              // -> [jep106id <= 0x00000020]
[18:54:47.181]          </block>
[18:54:47.181]          <control if="jep106id != 0x20" while="" timeout="0" info="">
[18:54:47.181]            // if-block "jep106id != 0x20"
[18:54:47.181]              // =>  FALSE
[18:54:47.181]            // skip if-block "jep106id != 0x20"
[18:54:47.181]          </control>
[18:54:47.181]        </sequence>
[18:54:47.181]    </block>
[18:54:47.181]  </sequence>
[18:54:47.181]  
[18:54:47.223]  **********  Sequence "DebugCoreStart"  (Context="Connect", Pname="", info="")
[18:54:47.223]  
[18:54:47.223]  <debugvars>
[18:54:47.223]    __protocol=0x00010002   (Protocol="SWD", SWJ-DP="True")
[18:54:47.223]    __connection=0x00000202   (Connection Type="Flash", Reset Type="System Reset")
[18:54:47.223]    __dp=0x00000000
[18:54:47.223]    __ap=0x00000000
[18:54:47.223]    __traceout=0x00000000   (Trace Disabled)
[18:54:47.223]    __errorcontrol=0x00000000   (Skip Errors="False")
[18:54:47.223]    __FlashAddr=0x00000000
[18:54:47.223]    __FlashLen=0x00000000
[18:54:47.223]    __FlashArg=0x00000000
[18:54:47.224]    __FlashOp=0x00000000
[18:54:47.224]    __Result=0x00000000
[18:54:47.224]    DbgMCU_CR=0x00000007
[18:54:47.224]  </debugvars>
[18:54:47.224]  
[18:54:47.224]  <sequence name="DebugCoreStart" Pname="" disable="false" info="">
[18:54:47.224]    <block atomic="false" info="">
[18:54:47.224]      Write32(0xE000EDF0, 0xA05F0001);                                        // Enable Core Debug via DHCSR
[18:54:47.226]        // -> [Write32(0xE000EDF0, 0xA05F0001)] (__dp=0, __ap=0)
[18:54:47.226]      Write32(0xE0042004, DbgMCU_CR);                                         // DBGMCU_CR: Configure MCU Debug
[18:54:47.229]        // -> [Write32(0xE0042004, 0x00000007)] (__dp=0, __ap=0)
[18:54:47.229]    </block>
[18:54:47.229]  </sequence>
[18:54:47.229]  
[18:57:46.496]  **********  Sequence "DebugDeviceUnlock"  (Context="Connect", Pname="", info="")
[18:57:46.496]  
[18:57:46.497]  <debugvars>
[18:57:46.497]    __protocol=0x00010002   (Protocol="SWD", SWJ-DP="True")
[18:57:46.497]    __connection=0x00000202   (Connection Type="Flash", Reset Type="System Reset")
[18:57:46.497]    __dp=0x00000000
[18:57:46.497]    __ap=0x00000000
[18:57:46.497]    __traceout=0x00000000   (Trace Disabled)
[18:57:46.497]    __errorcontrol=0x00000000   (Skip Errors="False")
[18:57:46.497]    __FlashAddr=0x00000000
[18:57:46.497]    __FlashLen=0x00000000
[18:57:46.497]    __FlashArg=0x00000000
[18:57:46.497]    __FlashOp=0x00000000
[18:57:46.497]    __Result=0x00000000
[18:57:46.497]    DbgMCU_CR=0x00000007
[18:57:46.497]  </debugvars>
[18:57:46.497]  
[18:57:46.497]  <sequence name="DebugDeviceUnlock" Pname="" disable="false" info="">
[18:57:46.497]    <block atomic="false" info="">
[18:57:46.497]      Sequence("CheckID");
[18:57:46.497]        <sequence name="CheckID" Pname="" disable="false" info="">
[18:57:46.497]          <block atomic="false" info="">
[18:57:46.497]            __var pidr1 = 0;
[18:57:46.498]              // -> [pidr1 <= 0x00000000]
[18:57:46.498]            __var pidr2 = 0;
[18:57:46.498]              // -> [pidr2 <= 0x00000000]
[18:57:46.498]            __var jep106id = 0;
[18:57:46.498]              // -> [jep106id <= 0x00000000]
[18:57:46.498]            __var ROMTableBase = 0;
[18:57:46.498]              // -> [ROMTableBase <= 0x00000000]
[18:57:46.498]            __ap = 0;      // AHB-AP
[18:57:46.498]              // -> [__ap <= 0x00000000]
[18:57:46.498]            ROMTableBase = ReadAP(0xF8) & ~0x3;
[18:57:46.500]              // -> [ReadAP(0x000000F8) => 0xE00FF003] (__dp=0, __ap=0)
[18:57:46.500]              // -> [ROMTableBase <= 0xE00FF000]
[18:57:46.500]            pidr1 = Read32(ROMTableBase + 0x0FE4);
[18:57:46.503]              // -> [Read32(0xE00FFFE4) => 0x00000004] (__dp=0, __ap=0)
[18:57:46.503]              // -> [pidr1 <= 0x00000004]
[18:57:46.503]            pidr2 = Read32(ROMTableBase + 0x0FE8);
[18:57:46.506]              // -> [Read32(0xE00FFFE8) => 0x0000000A] (__dp=0, __ap=0)
[18:57:46.506]              // -> [pidr2 <= 0x0000000A]
[18:57:46.506]            jep106id = ((pidr2 & 0x7) << 4 ) | ((pidr1 >> 4) & 0xF);
[18:57:46.506]              // -> [jep106id <= 0x00000020]
[18:57:46.506]          </block>
[18:57:46.506]          <control if="jep106id != 0x20" while="" timeout="0" info="">
[18:57:46.506]            // if-block "jep106id != 0x20"
[18:57:46.506]              // =>  FALSE
[18:57:46.506]            // skip if-block "jep106id != 0x20"
[18:57:46.506]          </control>
[18:57:46.506]        </sequence>
[18:57:46.506]    </block>
[18:57:46.506]  </sequence>
[18:57:46.506]  
[18:57:46.551]  **********  Sequence "DebugCoreStart"  (Context="Connect", Pname="", info="")
[18:57:46.551]  
[18:57:46.551]  <debugvars>
[18:57:46.551]    __protocol=0x00010002   (Protocol="SWD", SWJ-DP="True")
[18:57:46.551]    __connection=0x00000202   (Connection Type="Flash", Reset Type="System Reset")
[18:57:46.551]    __dp=0x00000000
[18:57:46.551]    __ap=0x00000000
[18:57:46.551]    __traceout=0x00000000   (Trace Disabled)
[18:57:46.551]    __errorcontrol=0x00000000   (Skip Errors="False")
[18:57:46.551]    __FlashAddr=0x00000000
[18:57:46.551]    __FlashLen=0x00000000
[18:57:46.551]    __FlashArg=0x00000000
[18:57:46.551]    __FlashOp=0x00000000
[18:57:46.551]    __Result=0x00000000
[18:57:46.551]    DbgMCU_CR=0x00000007
[18:57:46.551]  </debugvars>
[18:57:46.551]  
[18:57:46.551]  <sequence name="DebugCoreStart" Pname="" disable="false" info="">
[18:57:46.551]    <block atomic="false" info="">
[18:57:46.551]      Write32(0xE000EDF0, 0xA05F0001);                                        // Enable Core Debug via DHCSR
[18:57:46.554]        // -> [Write32(0xE000EDF0, 0xA05F0001)] (__dp=0, __ap=0)
[18:57:46.554]      Write32(0xE0042004, DbgMCU_CR);                                         // DBGMCU_CR: Configure MCU Debug
[18:57:46.556]        // -> [Write32(0xE0042004, 0x00000007)] (__dp=0, __ap=0)
[18:57:46.556]    </block>
[18:57:46.556]  </sequence>
[18:57:46.556]  
[18:58:35.391]  **********  Sequence "DebugDeviceUnlock"  (Context="Connect", Pname="", info="")
[18:58:35.391]  
[18:58:35.391]  <debugvars>
[18:58:35.391]    __protocol=0x00010002   (Protocol="SWD", SWJ-DP="True")
[18:58:35.391]    __connection=0x00000202   (Connection Type="Flash", Reset Type="System Reset")
[18:58:35.391]    __dp=0x00000000
[18:58:35.392]    __ap=0x00000000
[18:58:35.392]    __traceout=0x00000000   (Trace Disabled)
[18:58:35.392]    __errorcontrol=0x00000000   (Skip Errors="False")
[18:58:35.392]    __FlashAddr=0x00000000
[18:58:35.392]    __FlashLen=0x00000000
[18:58:35.392]    __FlashArg=0x00000000
[18:58:35.392]    __FlashOp=0x00000000
[18:58:35.392]    __Result=0x00000000
[18:58:35.392]    DbgMCU_CR=0x00000007
[18:58:35.392]  </debugvars>
[18:58:35.392]  
[18:58:35.392]  <sequence name="DebugDeviceUnlock" Pname="" disable="false" info="">
[18:58:35.392]    <block atomic="false" info="">
[18:58:35.392]      Sequence("CheckID");
[18:58:35.392]        <sequence name="CheckID" Pname="" disable="false" info="">
[18:58:35.392]          <block atomic="false" info="">
[18:58:35.392]            __var pidr1 = 0;
[18:58:35.392]              // -> [pidr1 <= 0x00000000]
[18:58:35.393]            __var pidr2 = 0;
[18:58:35.393]              // -> [pidr2 <= 0x00000000]
[18:58:35.393]            __var jep106id = 0;
[18:58:35.393]              // -> [jep106id <= 0x00000000]
[18:58:35.393]            __var ROMTableBase = 0;
[18:58:35.393]              // -> [ROMTableBase <= 0x00000000]
[18:58:35.393]            __ap = 0;      // AHB-AP
[18:58:35.393]              // -> [__ap <= 0x00000000]
[18:58:35.393]            ROMTableBase = ReadAP(0xF8) & ~0x3;
[18:58:35.395]              // -> [ReadAP(0x000000F8) => 0xE00FF003] (__dp=0, __ap=0)
[18:58:35.395]              // -> [ROMTableBase <= 0xE00FF000]
[18:58:35.395]            pidr1 = Read32(ROMTableBase + 0x0FE4);
[18:58:35.399]              // -> [Read32(0xE00FFFE4) => 0x00000004] (__dp=0, __ap=0)
[18:58:35.399]              // -> [pidr1 <= 0x00000004]
[18:58:35.399]            pidr2 = Read32(ROMTableBase + 0x0FE8);
[18:58:35.401]              // -> [Read32(0xE00FFFE8) => 0x0000000A] (__dp=0, __ap=0)
[18:58:35.401]              // -> [pidr2 <= 0x0000000A]
[18:58:35.402]            jep106id = ((pidr2 & 0x7) << 4 ) | ((pidr1 >> 4) & 0xF);
[18:58:35.402]              // -> [jep106id <= 0x00000020]
[18:58:35.402]          </block>
[18:58:35.402]          <control if="jep106id != 0x20" while="" timeout="0" info="">
[18:58:35.402]            // if-block "jep106id != 0x20"
[18:58:35.402]              // =>  FALSE
[18:58:35.402]            // skip if-block "jep106id != 0x20"
[18:58:35.402]          </control>
[18:58:35.402]        </sequence>
[18:58:35.402]    </block>
[18:58:35.402]  </sequence>
[18:58:35.402]  
[18:58:35.444]  **********  Sequence "DebugCoreStart"  (Context="Connect", Pname="", info="")
[18:58:35.444]  
[18:58:35.444]  <debugvars>
[18:58:35.444]    __protocol=0x00010002   (Protocol="SWD", SWJ-DP="True")
[18:58:35.444]    __connection=0x00000202   (Connection Type="Flash", Reset Type="System Reset")
[18:58:35.444]    __dp=0x00000000
[18:58:35.444]    __ap=0x00000000
[18:58:35.444]    __traceout=0x00000000   (Trace Disabled)
[18:58:35.444]    __errorcontrol=0x00000000   (Skip Errors="False")
[18:58:35.444]    __FlashAddr=0x00000000
[18:58:35.445]    __FlashLen=0x00000000
[18:58:35.445]    __FlashArg=0x00000000
[18:58:35.445]    __FlashOp=0x00000000
[18:58:35.445]    __Result=0x00000000
[18:58:35.445]    DbgMCU_CR=0x00000007
[18:58:35.445]  </debugvars>
[18:58:35.445]  
[18:58:35.445]  <sequence name="DebugCoreStart" Pname="" disable="false" info="">
[18:58:35.445]    <block atomic="false" info="">
[18:58:35.445]      Write32(0xE000EDF0, 0xA05F0001);                                        // Enable Core Debug via DHCSR
[18:58:35.447]        // -> [Write32(0xE000EDF0, 0xA05F0001)] (__dp=0, __ap=0)
[18:58:35.447]      Write32(0xE0042004, DbgMCU_CR);                                         // DBGMCU_CR: Configure MCU Debug
[18:58:35.450]        // -> [Write32(0xE0042004, 0x00000007)] (__dp=0, __ap=0)
[18:58:35.450]    </block>
[18:58:35.450]  </sequence>
[18:58:35.450]  
[18:58:57.427]  **********  Sequence "DebugDeviceUnlock"  (Context="Connect", Pname="", info="")
[18:58:57.427]  
[18:58:57.428]  <debugvars>
[18:58:57.428]    __protocol=0x00010002   (Protocol="SWD", SWJ-DP="True")
[18:58:57.428]    __connection=0x00000202   (Connection Type="Flash", Reset Type="System Reset")
[18:58:57.428]    __dp=0x00000000
[18:58:57.428]    __ap=0x00000000
[18:58:57.428]    __traceout=0x00000000   (Trace Disabled)
[18:58:57.428]    __errorcontrol=0x00000000   (Skip Errors="False")
[18:58:57.428]    __FlashAddr=0x00000000
[18:58:57.428]    __FlashLen=0x00000000
[18:58:57.428]    __FlashArg=0x00000000
[18:58:57.428]    __FlashOp=0x00000000
[18:58:57.428]    __Result=0x00000000
[18:58:57.428]    DbgMCU_CR=0x00000007
[18:58:57.428]  </debugvars>
[18:58:57.429]  
[18:58:57.429]  <sequence name="DebugDeviceUnlock" Pname="" disable="false" info="">
[18:58:57.429]    <block atomic="false" info="">
[18:58:57.429]      Sequence("CheckID");
[18:58:57.429]        <sequence name="CheckID" Pname="" disable="false" info="">
[18:58:57.429]          <block atomic="false" info="">
[18:58:57.429]            __var pidr1 = 0;
[18:58:57.429]              // -> [pidr1 <= 0x00000000]
[18:58:57.429]            __var pidr2 = 0;
[18:58:57.429]              // -> [pidr2 <= 0x00000000]
[18:58:57.429]            __var jep106id = 0;
[18:58:57.429]              // -> [jep106id <= 0x00000000]
[18:58:57.429]            __var ROMTableBase = 0;
[18:58:57.429]              // -> [ROMTableBase <= 0x00000000]
[18:58:57.429]            __ap = 0;      // AHB-AP
[18:58:57.429]              // -> [__ap <= 0x00000000]
[18:58:57.429]            ROMTableBase = ReadAP(0xF8) & ~0x3;
[18:58:57.431]              // -> [ReadAP(0x000000F8) => 0xE00FF003] (__dp=0, __ap=0)
[18:58:57.431]              // -> [ROMTableBase <= 0xE00FF000]
[18:58:57.431]            pidr1 = Read32(ROMTableBase + 0x0FE4);
[18:58:57.434]              // -> [Read32(0xE00FFFE4) => 0x00000004] (__dp=0, __ap=0)
[18:58:57.435]              // -> [pidr1 <= 0x00000004]
[18:58:57.435]            pidr2 = Read32(ROMTableBase + 0x0FE8);
[18:58:57.437]              // -> [Read32(0xE00FFFE8) => 0x0000000A] (__dp=0, __ap=0)
[18:58:57.437]              // -> [pidr2 <= 0x0000000A]
[18:58:57.437]            jep106id = ((pidr2 & 0x7) << 4 ) | ((pidr1 >> 4) & 0xF);
[18:58:57.437]              // -> [jep106id <= 0x00000020]
[18:58:57.437]          </block>
[18:58:57.437]          <control if="jep106id != 0x20" while="" timeout="0" info="">
[18:58:57.437]            // if-block "jep106id != 0x20"
[18:58:57.437]              // =>  FALSE
[18:58:57.437]            // skip if-block "jep106id != 0x20"
[18:58:57.437]          </control>
[18:58:57.437]        </sequence>
[18:58:57.437]    </block>
[18:58:57.437]  </sequence>
[18:58:57.437]  
[18:58:57.481]  **********  Sequence "DebugCoreStart"  (Context="Connect", Pname="", info="")
[18:58:57.481]  
[18:58:57.481]  <debugvars>
[18:58:57.481]    __protocol=0x00010002   (Protocol="SWD", SWJ-DP="True")
[18:58:57.481]    __connection=0x00000202   (Connection Type="Flash", Reset Type="System Reset")
[18:58:57.481]    __dp=0x00000000
[18:58:57.481]    __ap=0x00000000
[18:58:57.481]    __traceout=0x00000000   (Trace Disabled)
[18:58:57.482]    __errorcontrol=0x00000000   (Skip Errors="False")
[18:58:57.482]    __FlashAddr=0x00000000
[18:58:57.482]    __FlashLen=0x00000000
[18:58:57.482]    __FlashArg=0x00000000
[18:58:57.482]    __FlashOp=0x00000000
[18:58:57.482]    __Result=0x00000000
[18:58:57.482]    DbgMCU_CR=0x00000007
[18:58:57.482]  </debugvars>
[18:58:57.482]  
[18:58:57.482]  <sequence name="DebugCoreStart" Pname="" disable="false" info="">
[18:58:57.482]    <block atomic="false" info="">
[18:58:57.482]      Write32(0xE000EDF0, 0xA05F0001);                                        // Enable Core Debug via DHCSR
[18:58:57.484]        // -> [Write32(0xE000EDF0, 0xA05F0001)] (__dp=0, __ap=0)
[18:58:57.484]      Write32(0xE0042004, DbgMCU_CR);                                         // DBGMCU_CR: Configure MCU Debug
[18:58:57.487]        // -> [Write32(0xE0042004, 0x00000007)] (__dp=0, __ap=0)
[18:58:57.487]    </block>
[18:58:57.487]  </sequence>
[18:58:57.487]  
[18:59:23.916]  **********  Sequence "DebugDeviceUnlock"  (Context="Connect", Pname="", info="")
[18:59:23.916]  
[18:59:23.917]  <debugvars>
[18:59:23.917]    __protocol=0x00010002   (Protocol="SWD", SWJ-DP="True")
[18:59:23.917]    __connection=0x00000202   (Connection Type="Flash", Reset Type="System Reset")
[18:59:23.917]    __dp=0x00000000
[18:59:23.917]    __ap=0x00000000
[18:59:23.917]    __traceout=0x00000000   (Trace Disabled)
[18:59:23.917]    __errorcontrol=0x00000000   (Skip Errors="False")
[18:59:23.917]    __FlashAddr=0x00000000
[18:59:23.917]    __FlashLen=0x00000000
[18:59:23.918]    __FlashArg=0x00000000
[18:59:23.918]    __FlashOp=0x00000000
[18:59:23.918]    __Result=0x00000000
[18:59:23.918]    DbgMCU_CR=0x00000007
[18:59:23.918]  </debugvars>
[18:59:23.918]  
[18:59:23.918]  <sequence name="DebugDeviceUnlock" Pname="" disable="false" info="">
[18:59:23.918]    <block atomic="false" info="">
[18:59:23.918]      Sequence("CheckID");
[18:59:23.918]        <sequence name="CheckID" Pname="" disable="false" info="">
[18:59:23.918]          <block atomic="false" info="">
[18:59:23.918]            __var pidr1 = 0;
[18:59:23.918]              // -> [pidr1 <= 0x00000000]
[18:59:23.918]            __var pidr2 = 0;
[18:59:23.918]              // -> [pidr2 <= 0x00000000]
[18:59:23.918]            __var jep106id = 0;
[18:59:23.918]              // -> [jep106id <= 0x00000000]
[18:59:23.918]            __var ROMTableBase = 0;
[18:59:23.918]              // -> [ROMTableBase <= 0x00000000]
[18:59:23.919]            __ap = 0;      // AHB-AP
[18:59:23.919]              // -> [__ap <= 0x00000000]
[18:59:23.919]            ROMTableBase = ReadAP(0xF8) & ~0x3;
[18:59:23.920]              // -> [ReadAP(0x000000F8) => 0xE00FF003] (__dp=0, __ap=0)
[18:59:23.920]              // -> [ROMTableBase <= 0xE00FF000]
[18:59:23.920]            pidr1 = Read32(ROMTableBase + 0x0FE4);
[18:59:23.924]              // -> [Read32(0xE00FFFE4) => 0x00000004] (__dp=0, __ap=0)
[18:59:23.924]              // -> [pidr1 <= 0x00000004]
[18:59:23.924]            pidr2 = Read32(ROMTableBase + 0x0FE8);
[18:59:23.927]              // -> [Read32(0xE00FFFE8) => 0x0000000A] (__dp=0, __ap=0)
[18:59:23.927]              // -> [pidr2 <= 0x0000000A]
[18:59:23.927]            jep106id = ((pidr2 & 0x7) << 4 ) | ((pidr1 >> 4) & 0xF);
[18:59:23.927]              // -> [jep106id <= 0x00000020]
[18:59:23.927]          </block>
[18:59:23.927]          <control if="jep106id != 0x20" while="" timeout="0" info="">
[18:59:23.927]            // if-block "jep106id != 0x20"
[18:59:23.927]              // =>  FALSE
[18:59:23.927]            // skip if-block "jep106id != 0x20"
[18:59:23.927]          </control>
[18:59:23.927]        </sequence>
[18:59:23.927]    </block>
[18:59:23.927]  </sequence>
[18:59:23.928]  
[18:59:23.968]  **********  Sequence "DebugCoreStart"  (Context="Connect", Pname="", info="")
[18:59:23.968]  
[18:59:23.968]  <debugvars>
[18:59:23.968]    __protocol=0x00010002   (Protocol="SWD", SWJ-DP="True")
[18:59:23.968]    __connection=0x00000202   (Connection Type="Flash", Reset Type="System Reset")
[18:59:23.968]    __dp=0x00000000
[18:59:23.969]    __ap=0x00000000
[18:59:23.969]    __traceout=0x00000000   (Trace Disabled)
[18:59:23.969]    __errorcontrol=0x00000000   (Skip Errors="False")
[18:59:23.969]    __FlashAddr=0x00000000
[18:59:23.969]    __FlashLen=0x00000000
[18:59:23.969]    __FlashArg=0x00000000
[18:59:23.969]    __FlashOp=0x00000000
[18:59:23.969]    __Result=0x00000000
[18:59:23.969]    DbgMCU_CR=0x00000007
[18:59:23.969]  </debugvars>
[18:59:23.969]  
[18:59:23.969]  <sequence name="DebugCoreStart" Pname="" disable="false" info="">
[18:59:23.969]    <block atomic="false" info="">
[18:59:23.969]      Write32(0xE000EDF0, 0xA05F0001);                                        // Enable Core Debug via DHCSR
[18:59:23.972]        // -> [Write32(0xE000EDF0, 0xA05F0001)] (__dp=0, __ap=0)
[18:59:23.972]      Write32(0xE0042004, DbgMCU_CR);                                         // DBGMCU_CR: Configure MCU Debug
[18:59:23.974]        // -> [Write32(0xE0042004, 0x00000007)] (__dp=0, __ap=0)
[18:59:23.974]    </block>
[18:59:23.975]  </sequence>
[18:59:23.975]  
[19:00:24.139]  **********  Sequence "DebugDeviceUnlock"  (Context="Connect", Pname="", info="")
[19:00:24.139]  
[19:00:24.140]  <debugvars>
[19:00:24.140]    __protocol=0x00010002   (Protocol="SWD", SWJ-DP="True")
[19:00:24.140]    __connection=0x00000202   (Connection Type="Flash", Reset Type="System Reset")
[19:00:24.140]    __dp=0x00000000
[19:00:24.141]    __ap=0x00000000
[19:00:24.141]    __traceout=0x00000000   (Trace Disabled)
[19:00:24.141]    __errorcontrol=0x00000000   (Skip Errors="False")
[19:00:24.141]    __FlashAddr=0x00000000
[19:00:24.141]    __FlashLen=0x00000000
[19:00:24.141]    __FlashArg=0x00000000
[19:00:24.141]    __FlashOp=0x00000000
[19:00:24.141]    __Result=0x00000000
[19:00:24.141]    DbgMCU_CR=0x00000007
[19:00:24.141]  </debugvars>
[19:00:24.141]  
[19:00:24.141]  <sequence name="DebugDeviceUnlock" Pname="" disable="false" info="">
[19:00:24.141]    <block atomic="false" info="">
[19:00:24.141]      Sequence("CheckID");
[19:00:24.141]        <sequence name="CheckID" Pname="" disable="false" info="">
[19:00:24.141]          <block atomic="false" info="">
[19:00:24.142]            __var pidr1 = 0;
[19:00:24.142]              // -> [pidr1 <= 0x00000000]
[19:00:24.142]            __var pidr2 = 0;
[19:00:24.142]              // -> [pidr2 <= 0x00000000]
[19:00:24.142]            __var jep106id = 0;
[19:00:24.142]              // -> [jep106id <= 0x00000000]
[19:00:24.142]            __var ROMTableBase = 0;
[19:00:24.142]              // -> [ROMTableBase <= 0x00000000]
[19:00:24.142]            __ap = 0;      // AHB-AP
[19:00:24.142]              // -> [__ap <= 0x00000000]
[19:00:24.142]            ROMTableBase = ReadAP(0xF8) & ~0x3;
[19:00:24.144]              // -> [ReadAP(0x000000F8) => 0xE00FF003] (__dp=0, __ap=0)
[19:00:24.144]              // -> [ROMTableBase <= 0xE00FF000]
[19:00:24.144]            pidr1 = Read32(ROMTableBase + 0x0FE4);
[19:00:24.147]              // -> [Read32(0xE00FFFE4) => 0x00000004] (__dp=0, __ap=0)
[19:00:24.148]              // -> [pidr1 <= 0x00000004]
[19:00:24.149]            pidr2 = Read32(ROMTableBase + 0x0FE8);
[19:00:24.151]              // -> [Read32(0xE00FFFE8) => 0x0000000A] (__dp=0, __ap=0)
[19:00:24.151]              // -> [pidr2 <= 0x0000000A]
[19:00:24.151]            jep106id = ((pidr2 & 0x7) << 4 ) | ((pidr1 >> 4) & 0xF);
[19:00:24.151]              // -> [jep106id <= 0x00000020]
[19:00:24.151]          </block>
[19:00:24.151]          <control if="jep106id != 0x20" while="" timeout="0" info="">
[19:00:24.151]            // if-block "jep106id != 0x20"
[19:00:24.151]              // =>  FALSE
[19:00:24.151]            // skip if-block "jep106id != 0x20"
[19:00:24.151]          </control>
[19:00:24.151]        </sequence>
[19:00:24.151]    </block>
[19:00:24.151]  </sequence>
[19:00:24.151]  
[19:00:24.192]  **********  Sequence "DebugCoreStart"  (Context="Connect", Pname="", info="")
[19:00:24.192]  
[19:00:24.192]  <debugvars>
[19:00:24.192]    __protocol=0x00010002   (Protocol="SWD", SWJ-DP="True")
[19:00:24.192]    __connection=0x00000202   (Connection Type="Flash", Reset Type="System Reset")
[19:00:24.192]    __dp=0x00000000
[19:00:24.192]    __ap=0x00000000
[19:00:24.193]    __traceout=0x00000000   (Trace Disabled)
[19:00:24.193]    __errorcontrol=0x00000000   (Skip Errors="False")
[19:00:24.193]    __FlashAddr=0x00000000
[19:00:24.193]    __FlashLen=0x00000000
[19:00:24.193]    __FlashArg=0x00000000
[19:00:24.193]    __FlashOp=0x00000000
[19:00:24.193]    __Result=0x00000000
[19:00:24.193]    DbgMCU_CR=0x00000007
[19:00:24.193]  </debugvars>
[19:00:24.193]  
[19:00:24.193]  <sequence name="DebugCoreStart" Pname="" disable="false" info="">
[19:00:24.193]    <block atomic="false" info="">
[19:00:24.193]      Write32(0xE000EDF0, 0xA05F0001);                                        // Enable Core Debug via DHCSR
[19:00:24.196]        // -> [Write32(0xE000EDF0, 0xA05F0001)] (__dp=0, __ap=0)
[19:00:24.196]      Write32(0xE0042004, DbgMCU_CR);                                         // DBGMCU_CR: Configure MCU Debug
[19:00:24.199]        // -> [Write32(0xE0042004, 0x00000007)] (__dp=0, __ap=0)
[19:00:24.199]    </block>
[19:00:24.199]  </sequence>
[19:00:24.199]  
[19:00:49.000]  **********  Sequence "DebugDeviceUnlock"  (Context="Connect", Pname="", info="")
[19:00:49.000]  
[19:00:49.000]  <debugvars>
[19:00:49.000]    __protocol=0x00010002   (Protocol="SWD", SWJ-DP="True")
[19:00:49.000]    __connection=0x00000202   (Connection Type="Flash", Reset Type="System Reset")
[19:00:49.000]    __dp=0x00000000
[19:00:49.000]    __ap=0x00000000
[19:00:49.001]    __traceout=0x00000000   (Trace Disabled)
[19:00:49.001]    __errorcontrol=0x00000000   (Skip Errors="False")
[19:00:49.001]    __FlashAddr=0x00000000
[19:00:49.001]    __FlashLen=0x00000000
[19:00:49.001]    __FlashArg=0x00000000
[19:00:49.001]    __FlashOp=0x00000000
[19:00:49.001]    __Result=0x00000000
[19:00:49.001]    DbgMCU_CR=0x00000007
[19:00:49.001]  </debugvars>
[19:00:49.001]  
[19:00:49.001]  <sequence name="DebugDeviceUnlock" Pname="" disable="false" info="">
[19:00:49.001]    <block atomic="false" info="">
[19:00:49.001]      Sequence("CheckID");
[19:00:49.001]        <sequence name="CheckID" Pname="" disable="false" info="">
[19:00:49.001]          <block atomic="false" info="">
[19:00:49.001]            __var pidr1 = 0;
[19:00:49.001]              // -> [pidr1 <= 0x00000000]
[19:00:49.001]            __var pidr2 = 0;
[19:00:49.001]              // -> [pidr2 <= 0x00000000]
[19:00:49.001]            __var jep106id = 0;
[19:00:49.001]              // -> [jep106id <= 0x00000000]
[19:00:49.001]            __var ROMTableBase = 0;
[19:00:49.001]              // -> [ROMTableBase <= 0x00000000]
[19:00:49.002]            __ap = 0;      // AHB-AP
[19:00:49.002]              // -> [__ap <= 0x00000000]
[19:00:49.002]            ROMTableBase = ReadAP(0xF8) & ~0x3;
[19:00:49.003]              // -> [ReadAP(0x000000F8) => 0xE00FF003] (__dp=0, __ap=0)
[19:00:49.003]              // -> [ROMTableBase <= 0xE00FF000]
[19:00:49.003]            pidr1 = Read32(ROMTableBase + 0x0FE4);
[19:00:49.007]              // -> [Read32(0xE00FFFE4) => 0x00000004] (__dp=0, __ap=0)
[19:00:49.007]              // -> [pidr1 <= 0x00000004]
[19:00:49.007]            pidr2 = Read32(ROMTableBase + 0x0FE8);
[19:00:49.010]              // -> [Read32(0xE00FFFE8) => 0x0000000A] (__dp=0, __ap=0)
[19:00:49.010]              // -> [pidr2 <= 0x0000000A]
[19:00:49.010]            jep106id = ((pidr2 & 0x7) << 4 ) | ((pidr1 >> 4) & 0xF);
[19:00:49.010]              // -> [jep106id <= 0x00000020]
[19:00:49.010]          </block>
[19:00:49.010]          <control if="jep106id != 0x20" while="" timeout="0" info="">
[19:00:49.010]            // if-block "jep106id != 0x20"
[19:00:49.010]              // =>  FALSE
[19:00:49.010]            // skip if-block "jep106id != 0x20"
[19:00:49.010]          </control>
[19:00:49.010]        </sequence>
[19:00:49.010]    </block>
[19:00:49.010]  </sequence>
[19:00:49.010]  
[19:00:49.052]  **********  Sequence "DebugCoreStart"  (Context="Connect", Pname="", info="")
[19:00:49.052]  
[19:00:49.053]  <debugvars>
[19:00:49.053]    __protocol=0x00010002   (Protocol="SWD", SWJ-DP="True")
[19:00:49.053]    __connection=0x00000202   (Connection Type="Flash", Reset Type="System Reset")
[19:00:49.053]    __dp=0x00000000
[19:00:49.053]    __ap=0x00000000
[19:00:49.053]    __traceout=0x00000000   (Trace Disabled)
[19:00:49.053]    __errorcontrol=0x00000000   (Skip Errors="False")
[19:00:49.053]    __FlashAddr=0x00000000
[19:00:49.053]    __FlashLen=0x00000000
[19:00:49.053]    __FlashArg=0x00000000
[19:00:49.053]    __FlashOp=0x00000000
[19:00:49.053]    __Result=0x00000000
[19:00:49.053]    DbgMCU_CR=0x00000007
[19:00:49.053]  </debugvars>
[19:00:49.053]  
[19:00:49.053]  <sequence name="DebugCoreStart" Pname="" disable="false" info="">
[19:00:49.053]    <block atomic="false" info="">
[19:00:49.053]      Write32(0xE000EDF0, 0xA05F0001);                                        // Enable Core Debug via DHCSR
[19:00:49.056]        // -> [Write32(0xE000EDF0, 0xA05F0001)] (__dp=0, __ap=0)
[19:00:49.056]      Write32(0xE0042004, DbgMCU_CR);                                         // DBGMCU_CR: Configure MCU Debug
[19:00:49.059]        // -> [Write32(0xE0042004, 0x00000007)] (__dp=0, __ap=0)
[19:00:49.059]    </block>
[19:00:49.059]  </sequence>
[19:00:49.059]  
[19:01:36.237]  **********  Sequence "DebugDeviceUnlock"  (Context="Connect", Pname="", info="")
[19:01:36.237]  
[19:01:36.238]  <debugvars>
[19:01:36.238]    __protocol=0x00010002   (Protocol="SWD", SWJ-DP="True")
[19:01:36.238]    __connection=0x00000202   (Connection Type="Flash", Reset Type="System Reset")
[19:01:36.238]    __dp=0x00000000
[19:01:36.238]    __ap=0x00000000
[19:01:36.238]    __traceout=0x00000000   (Trace Disabled)
[19:01:36.238]    __errorcontrol=0x00000000   (Skip Errors="False")
[19:01:36.238]    __FlashAddr=0x00000000
[19:01:36.238]    __FlashLen=0x00000000
[19:01:36.238]    __FlashArg=0x00000000
[19:01:36.239]    __FlashOp=0x00000000
[19:01:36.239]    __Result=0x00000000
[19:01:36.239]    DbgMCU_CR=0x00000007
[19:01:36.239]  </debugvars>
[19:01:36.239]  
[19:01:36.239]  <sequence name="DebugDeviceUnlock" Pname="" disable="false" info="">
[19:01:36.239]    <block atomic="false" info="">
[19:01:36.239]      Sequence("CheckID");
[19:01:36.239]        <sequence name="CheckID" Pname="" disable="false" info="">
[19:01:36.239]          <block atomic="false" info="">
[19:01:36.239]            __var pidr1 = 0;
[19:01:36.239]              // -> [pidr1 <= 0x00000000]
[19:01:36.239]            __var pidr2 = 0;
[19:01:36.239]              // -> [pidr2 <= 0x00000000]
[19:01:36.239]            __var jep106id = 0;
[19:01:36.240]              // -> [jep106id <= 0x00000000]
[19:01:36.240]            __var ROMTableBase = 0;
[19:01:36.240]              // -> [ROMTableBase <= 0x00000000]
[19:01:36.240]            __ap = 0;      // AHB-AP
[19:01:36.240]              // -> [__ap <= 0x00000000]
[19:01:36.240]            ROMTableBase = ReadAP(0xF8) & ~0x3;
[19:01:36.243]              // -> [ReadAP(0x000000F8) => 0xE00FF003] (__dp=0, __ap=0)
[19:01:36.243]              // -> [ROMTableBase <= 0xE00FF000]
[19:01:36.243]            pidr1 = Read32(ROMTableBase + 0x0FE4);
[19:01:36.245]              // -> [Read32(0xE00FFFE4) => 0x00000004] (__dp=0, __ap=0)
[19:01:36.246]              // -> [pidr1 <= 0x00000004]
[19:01:36.246]            pidr2 = Read32(ROMTableBase + 0x0FE8);
[19:01:36.249]              // -> [Read32(0xE00FFFE8) => 0x0000000A] (__dp=0, __ap=0)
[19:01:36.249]              // -> [pidr2 <= 0x0000000A]
[19:01:36.249]            jep106id = ((pidr2 & 0x7) << 4 ) | ((pidr1 >> 4) & 0xF);
[19:01:36.249]              // -> [jep106id <= 0x00000020]
[19:01:36.249]          </block>
[19:01:36.249]          <control if="jep106id != 0x20" while="" timeout="0" info="">
[19:01:36.249]            // if-block "jep106id != 0x20"
[19:01:36.249]              // =>  FALSE
[19:01:36.249]            // skip if-block "jep106id != 0x20"
[19:01:36.249]          </control>
[19:01:36.249]        </sequence>
[19:01:36.249]    </block>
[19:01:36.249]  </sequence>
[19:01:36.249]  
[19:01:36.289]  **********  Sequence "DebugCoreStart"  (Context="Connect", Pname="", info="")
[19:01:36.289]  
[19:01:36.289]  <debugvars>
[19:01:36.289]    __protocol=0x00010002   (Protocol="SWD", SWJ-DP="True")
[19:01:36.289]    __connection=0x00000202   (Connection Type="Flash", Reset Type="System Reset")
[19:01:36.289]    __dp=0x00000000
[19:01:36.289]    __ap=0x00000000
[19:01:36.289]    __traceout=0x00000000   (Trace Disabled)
[19:01:36.290]    __errorcontrol=0x00000000   (Skip Errors="False")
[19:01:36.290]    __FlashAddr=0x00000000
[19:01:36.290]    __FlashLen=0x00000000
[19:01:36.290]    __FlashArg=0x00000000
[19:01:36.290]    __FlashOp=0x00000000
[19:01:36.290]    __Result=0x00000000
[19:01:36.290]    DbgMCU_CR=0x00000007
[19:01:36.290]  </debugvars>
[19:01:36.290]  
[19:01:36.290]  <sequence name="DebugCoreStart" Pname="" disable="false" info="">
[19:01:36.290]    <block atomic="false" info="">
[19:01:36.290]      Write32(0xE000EDF0, 0xA05F0001);                                        // Enable Core Debug via DHCSR
[19:01:36.293]        // -> [Write32(0xE000EDF0, 0xA05F0001)] (__dp=0, __ap=0)
[19:01:36.294]      Write32(0xE0042004, DbgMCU_CR);                                         // DBGMCU_CR: Configure MCU Debug
[19:01:36.296]        // -> [Write32(0xE0042004, 0x00000007)] (__dp=0, __ap=0)
[19:01:36.296]    </block>
[19:01:36.296]  </sequence>
[19:01:36.296]  
[19:02:18.690]  **********  Sequence "DebugDeviceUnlock"  (Context="Connect", Pname="", info="")
[19:02:18.690]  
[19:02:18.691]  <debugvars>
[19:02:18.691]    __protocol=0x00010002   (Protocol="SWD", SWJ-DP="True")
[19:02:18.691]    __connection=0x00000202   (Connection Type="Flash", Reset Type="System Reset")
[19:02:18.691]    __dp=0x00000000
[19:02:18.691]    __ap=0x00000000
[19:02:18.691]    __traceout=0x00000000   (Trace Disabled)
[19:02:18.691]    __errorcontrol=0x00000000   (Skip Errors="False")
[19:02:18.691]    __FlashAddr=0x00000000
[19:02:18.691]    __FlashLen=0x00000000
[19:02:18.691]    __FlashArg=0x00000000
[19:02:18.691]    __FlashOp=0x00000000
[19:02:18.691]    __Result=0x00000000
[19:02:18.691]    DbgMCU_CR=0x00000007
[19:02:18.691]  </debugvars>
[19:02:18.691]  
[19:02:18.691]  <sequence name="DebugDeviceUnlock" Pname="" disable="false" info="">
[19:02:18.691]    <block atomic="false" info="">
[19:02:18.691]      Sequence("CheckID");
[19:02:18.691]        <sequence name="CheckID" Pname="" disable="false" info="">
[19:02:18.691]          <block atomic="false" info="">
[19:02:18.691]            __var pidr1 = 0;
[19:02:18.691]              // -> [pidr1 <= 0x00000000]
[19:02:18.691]            __var pidr2 = 0;
[19:02:18.692]              // -> [pidr2 <= 0x00000000]
[19:02:18.692]            __var jep106id = 0;
[19:02:18.692]              // -> [jep106id <= 0x00000000]
[19:02:18.692]            __var ROMTableBase = 0;
[19:02:18.692]              // -> [ROMTableBase <= 0x00000000]
[19:02:18.692]            __ap = 0;      // AHB-AP
[19:02:18.692]              // -> [__ap <= 0x00000000]
[19:02:18.692]            ROMTableBase = ReadAP(0xF8) & ~0x3;
[19:02:18.693]              // -> [ReadAP(0x000000F8) => 0xE00FF003] (__dp=0, __ap=0)
[19:02:18.693]              // -> [ROMTableBase <= 0xE00FF000]
[19:02:18.694]            pidr1 = Read32(ROMTableBase + 0x0FE4);
[19:02:18.697]              // -> [Read32(0xE00FFFE4) => 0x00000004] (__dp=0, __ap=0)
[19:02:18.697]              // -> [pidr1 <= 0x00000004]
[19:02:18.697]            pidr2 = Read32(ROMTableBase + 0x0FE8);
[19:02:18.700]              // -> [Read32(0xE00FFFE8) => 0x0000000A] (__dp=0, __ap=0)
[19:02:18.700]              // -> [pidr2 <= 0x0000000A]
[19:02:18.700]            jep106id = ((pidr2 & 0x7) << 4 ) | ((pidr1 >> 4) & 0xF);
[19:02:18.700]              // -> [jep106id <= 0x00000020]
[19:02:18.700]          </block>
[19:02:18.700]          <control if="jep106id != 0x20" while="" timeout="0" info="">
[19:02:18.700]            // if-block "jep106id != 0x20"
[19:02:18.700]              // =>  FALSE
[19:02:18.700]            // skip if-block "jep106id != 0x20"
[19:02:18.700]          </control>
[19:02:18.700]        </sequence>
[19:02:18.700]    </block>
[19:02:18.700]  </sequence>
[19:02:18.700]  
[19:02:18.741]  **********  Sequence "DebugCoreStart"  (Context="Connect", Pname="", info="")
[19:02:18.741]  
[19:02:18.741]  <debugvars>
[19:02:18.741]    __protocol=0x00010002   (Protocol="SWD", SWJ-DP="True")
[19:02:18.741]    __connection=0x00000202   (Connection Type="Flash", Reset Type="System Reset")
[19:02:18.741]    __dp=0x00000000
[19:02:18.741]    __ap=0x00000000
[19:02:18.741]    __traceout=0x00000000   (Trace Disabled)
[19:02:18.741]    __errorcontrol=0x00000000   (Skip Errors="False")
[19:02:18.741]    __FlashAddr=0x00000000
[19:02:18.741]    __FlashLen=0x00000000
[19:02:18.741]    __FlashArg=0x00000000
[19:02:18.741]    __FlashOp=0x00000000
[19:02:18.742]    __Result=0x00000000
[19:02:18.742]    DbgMCU_CR=0x00000007
[19:02:18.742]  </debugvars>
[19:02:18.742]  
[19:02:18.742]  <sequence name="DebugCoreStart" Pname="" disable="false" info="">
[19:02:18.742]    <block atomic="false" info="">
[19:02:18.742]      Write32(0xE000EDF0, 0xA05F0001);                                        // Enable Core Debug via DHCSR
[19:02:18.744]        // -> [Write32(0xE000EDF0, 0xA05F0001)] (__dp=0, __ap=0)
[19:02:18.744]      Write32(0xE0042004, DbgMCU_CR);                                         // DBGMCU_CR: Configure MCU Debug
[19:02:18.747]        // -> [Write32(0xE0042004, 0x00000007)] (__dp=0, __ap=0)
[19:02:18.747]    </block>
[19:02:18.747]  </sequence>
[19:02:18.747]  
[19:07:24.538]  **********  Sequence "DebugDeviceUnlock"  (Context="Connect", Pname="", info="")
[19:07:24.538]  
[19:07:24.539]  <debugvars>
[19:07:24.539]    __protocol=0x00010002   (Protocol="SWD", SWJ-DP="True")
[19:07:24.539]    __connection=0x00000202   (Connection Type="Flash", Reset Type="System Reset")
[19:07:24.539]    __dp=0x00000000
[19:07:24.539]    __ap=0x00000000
[19:07:24.539]    __traceout=0x00000000   (Trace Disabled)
[19:07:24.539]    __errorcontrol=0x00000000   (Skip Errors="False")
[19:07:24.539]    __FlashAddr=0x00000000
[19:07:24.540]    __FlashLen=0x00000000
[19:07:24.540]    __FlashArg=0x00000000
[19:07:24.540]    __FlashOp=0x00000000
[19:07:24.540]    __Result=0x00000000
[19:07:24.540]    DbgMCU_CR=0x00000007
[19:07:24.540]  </debugvars>
[19:07:24.540]  
[19:07:24.540]  <sequence name="DebugDeviceUnlock" Pname="" disable="false" info="">
[19:07:24.540]    <block atomic="false" info="">
[19:07:24.540]      Sequence("CheckID");
[19:07:24.540]        <sequence name="CheckID" Pname="" disable="false" info="">
[19:07:24.540]          <block atomic="false" info="">
[19:07:24.540]            __var pidr1 = 0;
[19:07:24.540]              // -> [pidr1 <= 0x00000000]
[19:07:24.540]            __var pidr2 = 0;
[19:07:24.540]              // -> [pidr2 <= 0x00000000]
[19:07:24.540]            __var jep106id = 0;
[19:07:24.540]              // -> [jep106id <= 0x00000000]
[19:07:24.540]            __var ROMTableBase = 0;
[19:07:24.540]              // -> [ROMTableBase <= 0x00000000]
[19:07:24.541]            __ap = 0;      // AHB-AP
[19:07:24.541]              // -> [__ap <= 0x00000000]
[19:07:24.541]            ROMTableBase = ReadAP(0xF8) & ~0x3;
[19:07:24.542]              // -> [ReadAP(0x000000F8) => 0xE00FF003] (__dp=0, __ap=0)
[19:07:24.542]              // -> [ROMTableBase <= 0xE00FF000]
[19:07:24.543]            pidr1 = Read32(ROMTableBase + 0x0FE4);
[19:07:24.546]              // -> [Read32(0xE00FFFE4) => 0x00000004] (__dp=0, __ap=0)
[19:07:24.547]              // -> [pidr1 <= 0x00000004]
[19:07:24.547]            pidr2 = Read32(ROMTableBase + 0x0FE8);
[19:07:24.549]              // -> [Read32(0xE00FFFE8) => 0x0000000A] (__dp=0, __ap=0)
[19:07:24.549]              // -> [pidr2 <= 0x0000000A]
[19:07:24.549]            jep106id = ((pidr2 & 0x7) << 4 ) | ((pidr1 >> 4) & 0xF);
[19:07:24.549]              // -> [jep106id <= 0x00000020]
[19:07:24.549]          </block>
[19:07:24.549]          <control if="jep106id != 0x20" while="" timeout="0" info="">
[19:07:24.549]            // if-block "jep106id != 0x20"
[19:07:24.549]              // =>  FALSE
[19:07:24.549]            // skip if-block "jep106id != 0x20"
[19:07:24.549]          </control>
[19:07:24.549]        </sequence>
[19:07:24.549]    </block>
[19:07:24.549]  </sequence>
[19:07:24.549]  
[19:07:24.591]  **********  Sequence "DebugCoreStart"  (Context="Connect", Pname="", info="")
[19:07:24.591]  
[19:07:24.591]  <debugvars>
[19:07:24.591]    __protocol=0x00010002   (Protocol="SWD", SWJ-DP="True")
[19:07:24.591]    __connection=0x00000202   (Connection Type="Flash", Reset Type="System Reset")
[19:07:24.591]    __dp=0x00000000
[19:07:24.591]    __ap=0x00000000
[19:07:24.591]    __traceout=0x00000000   (Trace Disabled)
[19:07:24.591]    __errorcontrol=0x00000000   (Skip Errors="False")
[19:07:24.592]    __FlashAddr=0x00000000
[19:07:24.592]    __FlashLen=0x00000000
[19:07:24.592]    __FlashArg=0x00000000
[19:07:24.592]    __FlashOp=0x00000000
[19:07:24.592]    __Result=0x00000000
[19:07:24.592]    DbgMCU_CR=0x00000007
[19:07:24.592]  </debugvars>
[19:07:24.592]  
[19:07:24.592]  <sequence name="DebugCoreStart" Pname="" disable="false" info="">
[19:07:24.592]    <block atomic="false" info="">
[19:07:24.592]      Write32(0xE000EDF0, 0xA05F0001);                                        // Enable Core Debug via DHCSR
[19:07:24.594]        // -> [Write32(0xE000EDF0, 0xA05F0001)] (__dp=0, __ap=0)
[19:07:24.595]      Write32(0xE0042004, DbgMCU_CR);                                         // DBGMCU_CR: Configure MCU Debug
[19:07:24.597]        // -> [Write32(0xE0042004, 0x00000007)] (__dp=0, __ap=0)
[19:07:24.597]    </block>
[19:07:24.597]  </sequence>
[19:07:24.597]  
[19:08:30.380]  **********  Sequence "DebugDeviceUnlock"  (Context="Connect", Pname="", info="")
[19:08:30.380]  
[19:08:30.381]  <debugvars>
[19:08:30.381]    __protocol=0x00010002   (Protocol="SWD", SWJ-DP="True")
[19:08:30.381]    __connection=0x00000202   (Connection Type="Flash", Reset Type="System Reset")
[19:08:30.381]    __dp=0x00000000
[19:08:30.381]    __ap=0x00000000
[19:08:30.381]    __traceout=0x00000000   (Trace Disabled)
[19:08:30.381]    __errorcontrol=0x00000000   (Skip Errors="False")
[19:08:30.381]    __FlashAddr=0x00000000
[19:08:30.381]    __FlashLen=0x00000000
[19:08:30.381]    __FlashArg=0x00000000
[19:08:30.381]    __FlashOp=0x00000000
[19:08:30.381]    __Result=0x00000000
[19:08:30.381]    DbgMCU_CR=0x00000007
[19:08:30.381]  </debugvars>
[19:08:30.381]  
[19:08:30.381]  <sequence name="DebugDeviceUnlock" Pname="" disable="false" info="">
[19:08:30.381]    <block atomic="false" info="">
[19:08:30.381]      Sequence("CheckID");
[19:08:30.382]        <sequence name="CheckID" Pname="" disable="false" info="">
[19:08:30.382]          <block atomic="false" info="">
[19:08:30.382]            __var pidr1 = 0;
[19:08:30.382]              // -> [pidr1 <= 0x00000000]
[19:08:30.382]            __var pidr2 = 0;
[19:08:30.382]              // -> [pidr2 <= 0x00000000]
[19:08:30.382]            __var jep106id = 0;
[19:08:30.382]              // -> [jep106id <= 0x00000000]
[19:08:30.382]            __var ROMTableBase = 0;
[19:08:30.382]              // -> [ROMTableBase <= 0x00000000]
[19:08:30.382]            __ap = 0;      // AHB-AP
[19:08:30.382]              // -> [__ap <= 0x00000000]
[19:08:30.382]            ROMTableBase = ReadAP(0xF8) & ~0x3;
[19:08:30.384]              // -> [ReadAP(0x000000F8) => 0xE00FF003] (__dp=0, __ap=0)
[19:08:30.384]              // -> [ROMTableBase <= 0xE00FF000]
[19:08:30.384]            pidr1 = Read32(ROMTableBase + 0x0FE4);
[19:08:30.387]              // -> [Read32(0xE00FFFE4) => 0x00000004] (__dp=0, __ap=0)
[19:08:30.387]              // -> [pidr1 <= 0x00000004]
[19:08:30.387]            pidr2 = Read32(ROMTableBase + 0x0FE8);
[19:08:30.390]              // -> [Read32(0xE00FFFE8) => 0x0000000A] (__dp=0, __ap=0)
[19:08:30.390]              // -> [pidr2 <= 0x0000000A]
[19:08:30.390]            jep106id = ((pidr2 & 0x7) << 4 ) | ((pidr1 >> 4) & 0xF);
[19:08:30.390]              // -> [jep106id <= 0x00000020]
[19:08:30.390]          </block>
[19:08:30.390]          <control if="jep106id != 0x20" while="" timeout="0" info="">
[19:08:30.390]            // if-block "jep106id != 0x20"
[19:08:30.390]              // =>  FALSE
[19:08:30.390]            // skip if-block "jep106id != 0x20"
[19:08:30.390]          </control>
[19:08:30.391]        </sequence>
[19:08:30.391]    </block>
[19:08:30.391]  </sequence>
[19:08:30.391]  
[19:08:30.434]  **********  Sequence "DebugCoreStart"  (Context="Connect", Pname="", info="")
[19:08:30.434]  
[19:08:30.434]  <debugvars>
[19:08:30.434]    __protocol=0x00010002   (Protocol="SWD", SWJ-DP="True")
[19:08:30.434]    __connection=0x00000202   (Connection Type="Flash", Reset Type="System Reset")
[19:08:30.434]    __dp=0x00000000
[19:08:30.434]    __ap=0x00000000
[19:08:30.434]    __traceout=0x00000000   (Trace Disabled)
[19:08:30.434]    __errorcontrol=0x00000000   (Skip Errors="False")
[19:08:30.434]    __FlashAddr=0x00000000
[19:08:30.434]    __FlashLen=0x00000000
[19:08:30.434]    __FlashArg=0x00000000
[19:08:30.435]    __FlashOp=0x00000000
[19:08:30.435]    __Result=0x00000000
[19:08:30.435]    DbgMCU_CR=0x00000007
[19:08:30.435]  </debugvars>
[19:08:30.435]  
[19:08:30.435]  <sequence name="DebugCoreStart" Pname="" disable="false" info="">
[19:08:30.435]    <block atomic="false" info="">
[19:08:30.435]      Write32(0xE000EDF0, 0xA05F0001);                                        // Enable Core Debug via DHCSR
[19:08:30.437]        // -> [Write32(0xE000EDF0, 0xA05F0001)] (__dp=0, __ap=0)
[19:08:30.437]      Write32(0xE0042004, DbgMCU_CR);                                         // DBGMCU_CR: Configure MCU Debug
[19:08:30.440]        // -> [Write32(0xE0042004, 0x00000007)] (__dp=0, __ap=0)
[19:08:30.440]    </block>
[19:08:30.440]  </sequence>
[19:08:30.440]  
[19:09:35.275]  **********  Sequence "DebugDeviceUnlock"  (Context="Connect", Pname="", info="")
[19:09:35.275]  
[19:09:35.276]  <debugvars>
[19:09:35.276]    __protocol=0x00010002   (Protocol="SWD", SWJ-DP="True")
[19:09:35.276]    __connection=0x00000202   (Connection Type="Flash", Reset Type="System Reset")
[19:09:35.276]    __dp=0x00000000
[19:09:35.276]    __ap=0x00000000
[19:09:35.276]    __traceout=0x00000000   (Trace Disabled)
[19:09:35.276]    __errorcontrol=0x00000000   (Skip Errors="False")
[19:09:35.276]    __FlashAddr=0x00000000
[19:09:35.277]    __FlashLen=0x00000000
[19:09:35.277]    __FlashArg=0x00000000
[19:09:35.277]    __FlashOp=0x00000000
[19:09:35.277]    __Result=0x00000000
[19:09:35.277]    DbgMCU_CR=0x00000007
[19:09:35.277]  </debugvars>
[19:09:35.277]  
[19:09:35.277]  <sequence name="DebugDeviceUnlock" Pname="" disable="false" info="">
[19:09:35.277]    <block atomic="false" info="">
[19:09:35.277]      Sequence("CheckID");
[19:09:35.277]        <sequence name="CheckID" Pname="" disable="false" info="">
[19:09:35.277]          <block atomic="false" info="">
[19:09:35.277]            __var pidr1 = 0;
[19:09:35.277]              // -> [pidr1 <= 0x00000000]
[19:09:35.277]            __var pidr2 = 0;
[19:09:35.277]              // -> [pidr2 <= 0x00000000]
[19:09:35.277]            __var jep106id = 0;
[19:09:35.277]              // -> [jep106id <= 0x00000000]
[19:09:35.277]            __var ROMTableBase = 0;
[19:09:35.277]              // -> [ROMTableBase <= 0x00000000]
[19:09:35.277]            __ap = 0;      // AHB-AP
[19:09:35.277]              // -> [__ap <= 0x00000000]
[19:09:35.277]            ROMTableBase = ReadAP(0xF8) & ~0x3;
[19:09:35.279]              // -> [ReadAP(0x000000F8) => 0xE00FF003] (__dp=0, __ap=0)
[19:09:35.279]              // -> [ROMTableBase <= 0xE00FF000]
[19:09:35.279]            pidr1 = Read32(ROMTableBase + 0x0FE4);
[19:09:35.283]              // -> [Read32(0xE00FFFE4) => 0x00000004] (__dp=0, __ap=0)
[19:09:35.284]              // -> [pidr1 <= 0x00000004]
[19:09:35.284]            pidr2 = Read32(ROMTableBase + 0x0FE8);
[19:09:35.289]              // -> [Read32(0xE00FFFE8) => 0x0000000A] (__dp=0, __ap=0)
[19:09:35.289]              // -> [pidr2 <= 0x0000000A]
[19:09:35.289]            jep106id = ((pidr2 & 0x7) << 4 ) | ((pidr1 >> 4) & 0xF);
[19:09:35.289]              // -> [jep106id <= 0x00000020]
[19:09:35.289]          </block>
[19:09:35.289]          <control if="jep106id != 0x20" while="" timeout="0" info="">
[19:09:35.289]            // if-block "jep106id != 0x20"
[19:09:35.289]              // =>  FALSE
[19:09:35.289]            // skip if-block "jep106id != 0x20"
[19:09:35.289]          </control>
[19:09:35.289]        </sequence>
[19:09:35.289]    </block>
[19:09:35.289]  </sequence>
[19:09:35.290]  
[19:09:35.330]  **********  Sequence "DebugCoreStart"  (Context="Connect", Pname="", info="")
[19:09:35.330]  
[19:09:35.330]  <debugvars>
[19:09:35.331]    __protocol=0x00010002   (Protocol="SWD", SWJ-DP="True")
[19:09:35.331]    __connection=0x00000202   (Connection Type="Flash", Reset Type="System Reset")
[19:09:35.331]    __dp=0x00000000
[19:09:35.331]    __ap=0x00000000
[19:09:35.331]    __traceout=0x00000000   (Trace Disabled)
[19:09:35.331]    __errorcontrol=0x00000000   (Skip Errors="False")
[19:09:35.331]    __FlashAddr=0x00000000
[19:09:35.331]    __FlashLen=0x00000000
[19:09:35.331]    __FlashArg=0x00000000
[19:09:35.331]    __FlashOp=0x00000000
[19:09:35.331]    __Result=0x00000000
[19:09:35.331]    DbgMCU_CR=0x00000007
[19:09:35.331]  </debugvars>
[19:09:35.331]  
[19:09:35.331]  <sequence name="DebugCoreStart" Pname="" disable="false" info="">
[19:09:35.332]    <block atomic="false" info="">
[19:09:35.332]      Write32(0xE000EDF0, 0xA05F0001);                                        // Enable Core Debug via DHCSR
[19:09:35.334]        // -> [Write32(0xE000EDF0, 0xA05F0001)] (__dp=0, __ap=0)
[19:09:35.334]      Write32(0xE0042004, DbgMCU_CR);                                         // DBGMCU_CR: Configure MCU Debug
[19:09:35.337]        // -> [Write32(0xE0042004, 0x00000007)] (__dp=0, __ap=0)
[19:09:35.338]    </block>
[19:09:35.338]  </sequence>
[19:09:35.338]  
[19:09:53.275]  **********  Sequence "DebugDeviceUnlock"  (Context="Connect", Pname="", info="")
[19:09:53.275]  
[19:09:53.276]  <debugvars>
[19:09:53.276]    __protocol=0x00010002   (Protocol="SWD", SWJ-DP="True")
[19:09:53.276]    __connection=0x00000202   (Connection Type="Flash", Reset Type="System Reset")
[19:09:53.276]    __dp=0x00000000
[19:09:53.276]    __ap=0x00000000
[19:09:53.276]    __traceout=0x00000000   (Trace Disabled)
[19:09:53.276]    __errorcontrol=0x00000000   (Skip Errors="False")
[19:09:53.276]    __FlashAddr=0x00000000
[19:09:53.276]    __FlashLen=0x00000000
[19:09:53.276]    __FlashArg=0x00000000
[19:09:53.276]    __FlashOp=0x00000000
[19:09:53.276]    __Result=0x00000000
[19:09:53.276]    DbgMCU_CR=0x00000007
[19:09:53.276]  </debugvars>
[19:09:53.276]  
[19:09:53.276]  <sequence name="DebugDeviceUnlock" Pname="" disable="false" info="">
[19:09:53.276]    <block atomic="false" info="">
[19:09:53.276]      Sequence("CheckID");
[19:09:53.276]        <sequence name="CheckID" Pname="" disable="false" info="">
[19:09:53.276]          <block atomic="false" info="">
[19:09:53.276]            __var pidr1 = 0;
[19:09:53.276]              // -> [pidr1 <= 0x00000000]
[19:09:53.276]            __var pidr2 = 0;
[19:09:53.277]              // -> [pidr2 <= 0x00000000]
[19:09:53.277]            __var jep106id = 0;
[19:09:53.277]              // -> [jep106id <= 0x00000000]
[19:09:53.277]            __var ROMTableBase = 0;
[19:09:53.277]              // -> [ROMTableBase <= 0x00000000]
[19:09:53.277]            __ap = 0;      // AHB-AP
[19:09:53.277]              // -> [__ap <= 0x00000000]
[19:09:53.277]            ROMTableBase = ReadAP(0xF8) & ~0x3;
[19:09:53.279]              // -> [ReadAP(0x000000F8) => 0xE00FF003] (__dp=0, __ap=0)
[19:09:53.279]              // -> [ROMTableBase <= 0xE00FF000]
[19:09:53.279]            pidr1 = Read32(ROMTableBase + 0x0FE4);
[19:09:53.282]              // -> [Read32(0xE00FFFE4) => 0x00000004] (__dp=0, __ap=0)
[19:09:53.283]              // -> [pidr1 <= 0x00000004]
[19:09:53.283]            pidr2 = Read32(ROMTableBase + 0x0FE8);
[19:09:53.285]              // -> [Read32(0xE00FFFE8) => 0x0000000A] (__dp=0, __ap=0)
[19:09:53.285]              // -> [pidr2 <= 0x0000000A]
[19:09:53.285]            jep106id = ((pidr2 & 0x7) << 4 ) | ((pidr1 >> 4) & 0xF);
[19:09:53.285]              // -> [jep106id <= 0x00000020]
[19:09:53.285]          </block>
[19:09:53.286]          <control if="jep106id != 0x20" while="" timeout="0" info="">
[19:09:53.286]            // if-block "jep106id != 0x20"
[19:09:53.286]              // =>  FALSE
[19:09:53.286]            // skip if-block "jep106id != 0x20"
[19:09:53.286]          </control>
[19:09:53.286]        </sequence>
[19:09:53.286]    </block>
[19:09:53.286]  </sequence>
[19:09:53.286]  
[19:09:53.328]  **********  Sequence "DebugCoreStart"  (Context="Connect", Pname="", info="")
[19:09:53.328]  
[19:09:53.329]  <debugvars>
[19:09:53.329]    __protocol=0x00010002   (Protocol="SWD", SWJ-DP="True")
[19:09:53.329]    __connection=0x00000202   (Connection Type="Flash", Reset Type="System Reset")
[19:09:53.329]    __dp=0x00000000
[19:09:53.329]    __ap=0x00000000
[19:09:53.329]    __traceout=0x00000000   (Trace Disabled)
[19:09:53.329]    __errorcontrol=0x00000000   (Skip Errors="False")
[19:09:53.329]    __FlashAddr=0x00000000
[19:09:53.329]    __FlashLen=0x00000000
[19:09:53.329]    __FlashArg=0x00000000
[19:09:53.329]    __FlashOp=0x00000000
[19:09:53.329]    __Result=0x00000000
[19:09:53.329]    DbgMCU_CR=0x00000007
[19:09:53.329]  </debugvars>
[19:09:53.329]  
[19:09:53.329]  <sequence name="DebugCoreStart" Pname="" disable="false" info="">
[19:09:53.329]    <block atomic="false" info="">
[19:09:53.329]      Write32(0xE000EDF0, 0xA05F0001);                                        // Enable Core Debug via DHCSR
[19:09:53.332]        // -> [Write32(0xE000EDF0, 0xA05F0001)] (__dp=0, __ap=0)
[19:09:53.333]      Write32(0xE0042004, DbgMCU_CR);                                         // DBGMCU_CR: Configure MCU Debug
[19:09:53.335]        // -> [Write32(0xE0042004, 0x00000007)] (__dp=0, __ap=0)
[19:09:53.335]    </block>
[19:09:53.335]  </sequence>
[19:09:53.335]  
[19:10:38.550]  **********  Sequence "DebugDeviceUnlock"  (Context="Connect", Pname="", info="")
[19:10:38.550]  
[19:10:38.552]  <debugvars>
[19:10:38.552]    __protocol=0x00010002   (Protocol="SWD", SWJ-DP="True")
[19:10:38.552]    __connection=0x00000202   (Connection Type="Flash", Reset Type="System Reset")
[19:10:38.552]    __dp=0x00000000
[19:10:38.552]    __ap=0x00000000
[19:10:38.552]    __traceout=0x00000000   (Trace Disabled)
[19:10:38.553]    __errorcontrol=0x00000000   (Skip Errors="False")
[19:10:38.553]    __FlashAddr=0x00000000
[19:10:38.553]    __FlashLen=0x00000000
[19:10:38.553]    __FlashArg=0x00000000
[19:10:38.553]    __FlashOp=0x00000000
[19:10:38.553]    __Result=0x00000000
[19:10:38.553]    DbgMCU_CR=0x00000007
[19:10:38.553]  </debugvars>
[19:10:38.553]  
[19:10:38.553]  <sequence name="DebugDeviceUnlock" Pname="" disable="false" info="">
[19:10:38.554]    <block atomic="false" info="">
[19:10:38.554]      Sequence("CheckID");
[19:10:38.554]        <sequence name="CheckID" Pname="" disable="false" info="">
[19:10:38.554]          <block atomic="false" info="">
[19:10:38.554]            __var pidr1 = 0;
[19:10:38.554]              // -> [pidr1 <= 0x00000000]
[19:10:38.554]            __var pidr2 = 0;
[19:10:38.554]              // -> [pidr2 <= 0x00000000]
[19:10:38.554]            __var jep106id = 0;
[19:10:38.554]              // -> [jep106id <= 0x00000000]
[19:10:38.554]            __var ROMTableBase = 0;
[19:10:38.554]              // -> [ROMTableBase <= 0x00000000]
[19:10:38.554]            __ap = 0;      // AHB-AP
[19:10:38.554]              // -> [__ap <= 0x00000000]
[19:10:38.554]            ROMTableBase = ReadAP(0xF8) & ~0x3;
[19:10:38.556]              // -> [ReadAP(0x000000F8) => 0xE00FF003] (__dp=0, __ap=0)
[19:10:38.556]              // -> [ROMTableBase <= 0xE00FF000]
[19:10:38.556]            pidr1 = Read32(ROMTableBase + 0x0FE4);
[19:10:38.559]              // -> [Read32(0xE00FFFE4) => 0x00000004] (__dp=0, __ap=0)
[19:10:38.559]              // -> [pidr1 <= 0x00000004]
[19:10:38.559]            pidr2 = Read32(ROMTableBase + 0x0FE8);
[19:10:38.562]              // -> [Read32(0xE00FFFE8) => 0x0000000A] (__dp=0, __ap=0)
[19:10:38.562]              // -> [pidr2 <= 0x0000000A]
[19:10:38.562]            jep106id = ((pidr2 & 0x7) << 4 ) | ((pidr1 >> 4) & 0xF);
[19:10:38.562]              // -> [jep106id <= 0x00000020]
[19:10:38.562]          </block>
[19:10:38.562]          <control if="jep106id != 0x20" while="" timeout="0" info="">
[19:10:38.562]            // if-block "jep106id != 0x20"
[19:10:38.562]              // =>  FALSE
[19:10:38.562]            // skip if-block "jep106id != 0x20"
[19:10:38.562]          </control>
[19:10:38.562]        </sequence>
[19:10:38.562]    </block>
[19:10:38.562]  </sequence>
[19:10:38.562]  
[19:10:38.604]  **********  Sequence "DebugCoreStart"  (Context="Connect", Pname="", info="")
[19:10:38.604]  
[19:10:38.604]  <debugvars>
[19:10:38.604]    __protocol=0x00010002   (Protocol="SWD", SWJ-DP="True")
[19:10:38.604]    __connection=0x00000202   (Connection Type="Flash", Reset Type="System Reset")
[19:10:38.604]    __dp=0x00000000
[19:10:38.604]    __ap=0x00000000
[19:10:38.604]    __traceout=0x00000000   (Trace Disabled)
[19:10:38.605]    __errorcontrol=0x00000000   (Skip Errors="False")
[19:10:38.605]    __FlashAddr=0x00000000
[19:10:38.605]    __FlashLen=0x00000000
[19:10:38.605]    __FlashArg=0x00000000
[19:10:38.605]    __FlashOp=0x00000000
[19:10:38.605]    __Result=0x00000000
[19:10:38.605]    DbgMCU_CR=0x00000007
[19:10:38.605]  </debugvars>
[19:10:38.605]  
[19:10:38.605]  <sequence name="DebugCoreStart" Pname="" disable="false" info="">
[19:10:38.605]    <block atomic="false" info="">
[19:10:38.605]      Write32(0xE000EDF0, 0xA05F0001);                                        // Enable Core Debug via DHCSR
[19:10:38.608]        // -> [Write32(0xE000EDF0, 0xA05F0001)] (__dp=0, __ap=0)
[19:10:38.608]      Write32(0xE0042004, DbgMCU_CR);                                         // DBGMCU_CR: Configure MCU Debug
[19:10:38.611]        // -> [Write32(0xE0042004, 0x00000007)] (__dp=0, __ap=0)
[19:10:38.611]    </block>
[19:10:38.611]  </sequence>
[19:10:38.611]  
[19:11:17.263]  **********  Sequence "DebugDeviceUnlock"  (Context="Connect", Pname="", info="")
[19:11:17.263]  
[19:11:17.264]  <debugvars>
[19:11:17.264]    __protocol=0x00010002   (Protocol="SWD", SWJ-DP="True")
[19:11:17.264]    __connection=0x00000202   (Connection Type="Flash", Reset Type="System Reset")
[19:11:17.264]    __dp=0x00000000
[19:11:17.264]    __ap=0x00000000
[19:11:17.264]    __traceout=0x00000000   (Trace Disabled)
[19:11:17.264]    __errorcontrol=0x00000000   (Skip Errors="False")
[19:11:17.264]    __FlashAddr=0x00000000
[19:11:17.264]    __FlashLen=0x00000000
[19:11:17.264]    __FlashArg=0x00000000
[19:11:17.264]    __FlashOp=0x00000000
[19:11:17.264]    __Result=0x00000000
[19:11:17.264]    DbgMCU_CR=0x00000007
[19:11:17.264]  </debugvars>
[19:11:17.264]  
[19:11:17.264]  <sequence name="DebugDeviceUnlock" Pname="" disable="false" info="">
[19:11:17.264]    <block atomic="false" info="">
[19:11:17.264]      Sequence("CheckID");
[19:11:17.265]        <sequence name="CheckID" Pname="" disable="false" info="">
[19:11:17.265]          <block atomic="false" info="">
[19:11:17.265]            __var pidr1 = 0;
[19:11:17.265]              // -> [pidr1 <= 0x00000000]
[19:11:17.265]            __var pidr2 = 0;
[19:11:17.265]              // -> [pidr2 <= 0x00000000]
[19:11:17.265]            __var jep106id = 0;
[19:11:17.265]              // -> [jep106id <= 0x00000000]
[19:11:17.265]            __var ROMTableBase = 0;
[19:11:17.265]              // -> [ROMTableBase <= 0x00000000]
[19:11:17.265]            __ap = 0;      // AHB-AP
[19:11:17.265]              // -> [__ap <= 0x00000000]
[19:11:17.265]            ROMTableBase = ReadAP(0xF8) & ~0x3;
[19:11:17.267]              // -> [ReadAP(0x000000F8) => 0xE00FF003] (__dp=0, __ap=0)
[19:11:17.267]              // -> [ROMTableBase <= 0xE00FF000]
[19:11:17.267]            pidr1 = Read32(ROMTableBase + 0x0FE4);
[19:11:17.271]              // -> [Read32(0xE00FFFE4) => 0x00000004] (__dp=0, __ap=0)
[19:11:17.271]              // -> [pidr1 <= 0x00000004]
[19:11:17.271]            pidr2 = Read32(ROMTableBase + 0x0FE8);
[19:11:17.273]              // -> [Read32(0xE00FFFE8) => 0x0000000A] (__dp=0, __ap=0)
[19:11:17.273]              // -> [pidr2 <= 0x0000000A]
[19:11:17.273]            jep106id = ((pidr2 & 0x7) << 4 ) | ((pidr1 >> 4) & 0xF);
[19:11:17.274]              // -> [jep106id <= 0x00000020]
[19:11:17.274]          </block>
[19:11:17.274]          <control if="jep106id != 0x20" while="" timeout="0" info="">
[19:11:17.274]            // if-block "jep106id != 0x20"
[19:11:17.274]              // =>  FALSE
[19:11:17.274]            // skip if-block "jep106id != 0x20"
[19:11:17.274]          </control>
[19:11:17.274]        </sequence>
[19:11:17.274]    </block>
[19:11:17.274]  </sequence>
[19:11:17.274]  
[19:11:17.313]  **********  Sequence "DebugCoreStart"  (Context="Connect", Pname="", info="")
[19:11:17.313]  
[19:11:17.313]  <debugvars>
[19:11:17.313]    __protocol=0x00010002   (Protocol="SWD", SWJ-DP="True")
[19:11:17.313]    __connection=0x00000202   (Connection Type="Flash", Reset Type="System Reset")
[19:11:17.313]    __dp=0x00000000
[19:11:17.313]    __ap=0x00000000
[19:11:17.313]    __traceout=0x00000000   (Trace Disabled)
[19:11:17.313]    __errorcontrol=0x00000000   (Skip Errors="False")
[19:11:17.313]    __FlashAddr=0x00000000
[19:11:17.313]    __FlashLen=0x00000000
[19:11:17.313]    __FlashArg=0x00000000
[19:11:17.313]    __FlashOp=0x00000000
[19:11:17.313]    __Result=0x00000000
[19:11:17.313]    DbgMCU_CR=0x00000007
[19:11:17.314]  </debugvars>
[19:11:17.314]  
[19:11:17.314]  <sequence name="DebugCoreStart" Pname="" disable="false" info="">
[19:11:17.314]    <block atomic="false" info="">
[19:11:17.314]      Write32(0xE000EDF0, 0xA05F0001);                                        // Enable Core Debug via DHCSR
[19:11:17.316]        // -> [Write32(0xE000EDF0, 0xA05F0001)] (__dp=0, __ap=0)
[19:11:17.317]      Write32(0xE0042004, DbgMCU_CR);                                         // DBGMCU_CR: Configure MCU Debug
[19:11:17.319]        // -> [Write32(0xE0042004, 0x00000007)] (__dp=0, __ap=0)
[19:11:17.319]    </block>
[19:11:17.319]  </sequence>
[19:11:17.319]  
[19:14:39.665]  **********  Sequence "DebugDeviceUnlock"  (Context="Connect", Pname="", info="")
[19:14:39.665]  
[19:14:39.666]  <debugvars>
[19:14:39.666]    __protocol=0x00010002   (Protocol="SWD", SWJ-DP="True")
[19:14:39.666]    __connection=0x00000202   (Connection Type="Flash", Reset Type="System Reset")
[19:14:39.666]    __dp=0x00000000
[19:14:39.666]    __ap=0x00000000
[19:14:39.666]    __traceout=0x00000000   (Trace Disabled)
[19:14:39.666]    __errorcontrol=0x00000000   (Skip Errors="False")
[19:14:39.667]    __FlashAddr=0x00000000
[19:14:39.667]    __FlashLen=0x00000000
[19:14:39.667]    __FlashArg=0x00000000
[19:14:39.667]    __FlashOp=0x00000000
[19:14:39.667]    __Result=0x00000000
[19:14:39.667]    DbgMCU_CR=0x00000007
[19:14:39.667]  </debugvars>
[19:14:39.667]  
[19:14:39.667]  <sequence name="DebugDeviceUnlock" Pname="" disable="false" info="">
[19:14:39.667]    <block atomic="false" info="">
[19:14:39.667]      Sequence("CheckID");
[19:14:39.667]        <sequence name="CheckID" Pname="" disable="false" info="">
[19:14:39.667]          <block atomic="false" info="">
[19:14:39.667]            __var pidr1 = 0;
[19:14:39.667]              // -> [pidr1 <= 0x00000000]
[19:14:39.667]            __var pidr2 = 0;
[19:14:39.667]              // -> [pidr2 <= 0x00000000]
[19:14:39.667]            __var jep106id = 0;
[19:14:39.668]              // -> [jep106id <= 0x00000000]
[19:14:39.668]            __var ROMTableBase = 0;
[19:14:39.668]              // -> [ROMTableBase <= 0x00000000]
[19:14:39.668]            __ap = 0;      // AHB-AP
[19:14:39.668]              // -> [__ap <= 0x00000000]
[19:14:39.668]            ROMTableBase = ReadAP(0xF8) & ~0x3;
[19:14:39.670]              // -> [ReadAP(0x000000F8) => 0xE00FF003] (__dp=0, __ap=0)
[19:14:39.670]              // -> [ROMTableBase <= 0xE00FF000]
[19:14:39.670]            pidr1 = Read32(ROMTableBase + 0x0FE4);
[19:14:39.674]              // -> [Read32(0xE00FFFE4) => 0x00000004] (__dp=0, __ap=0)
[19:14:39.674]              // -> [pidr1 <= 0x00000004]
[19:14:39.674]            pidr2 = Read32(ROMTableBase + 0x0FE8);
[19:14:39.676]              // -> [Read32(0xE00FFFE8) => 0x0000000A] (__dp=0, __ap=0)
[19:14:39.676]              // -> [pidr2 <= 0x0000000A]
[19:14:39.676]            jep106id = ((pidr2 & 0x7) << 4 ) | ((pidr1 >> 4) & 0xF);
[19:14:39.676]              // -> [jep106id <= 0x00000020]
[19:14:39.676]          </block>
[19:14:39.676]          <control if="jep106id != 0x20" while="" timeout="0" info="">
[19:14:39.676]            // if-block "jep106id != 0x20"
[19:14:39.676]              // =>  FALSE
[19:14:39.676]            // skip if-block "jep106id != 0x20"
[19:14:39.676]          </control>
[19:14:39.676]        </sequence>
[19:14:39.676]    </block>
[19:14:39.676]  </sequence>
[19:14:39.676]  
[19:14:39.718]  **********  Sequence "DebugCoreStart"  (Context="Connect", Pname="", info="")
[19:14:39.718]  
[19:14:39.718]  <debugvars>
[19:14:39.718]    __protocol=0x00010002   (Protocol="SWD", SWJ-DP="True")
[19:14:39.718]    __connection=0x00000202   (Connection Type="Flash", Reset Type="System Reset")
[19:14:39.718]    __dp=0x00000000
[19:14:39.718]    __ap=0x00000000
[19:14:39.718]    __traceout=0x00000000   (Trace Disabled)
[19:14:39.718]    __errorcontrol=0x00000000   (Skip Errors="False")
[19:14:39.718]    __FlashAddr=0x00000000
[19:14:39.718]    __FlashLen=0x00000000
[19:14:39.718]    __FlashArg=0x00000000
[19:14:39.718]    __FlashOp=0x00000000
[19:14:39.718]    __Result=0x00000000
[19:14:39.719]    DbgMCU_CR=0x00000007
[19:14:39.719]  </debugvars>
[19:14:39.719]  
[19:14:39.719]  <sequence name="DebugCoreStart" Pname="" disable="false" info="">
[19:14:39.719]    <block atomic="false" info="">
[19:14:39.719]      Write32(0xE000EDF0, 0xA05F0001);                                        // Enable Core Debug via DHCSR
[19:14:39.721]        // -> [Write32(0xE000EDF0, 0xA05F0001)] (__dp=0, __ap=0)
[19:14:39.721]      Write32(0xE0042004, DbgMCU_CR);                                         // DBGMCU_CR: Configure MCU Debug
[19:14:39.723]        // -> [Write32(0xE0042004, 0x00000007)] (__dp=0, __ap=0)
[19:14:39.723]    </block>
[19:14:39.723]  </sequence>
[19:14:39.723]  
[19:15:22.438]  **********  Sequence "DebugDeviceUnlock"  (Context="Connect", Pname="", info="")
[19:15:22.438]  
[19:15:22.439]  <debugvars>
[19:15:22.439]    __protocol=0x00010002   (Protocol="SWD", SWJ-DP="True")
[19:15:22.439]    __connection=0x00000202   (Connection Type="Flash", Reset Type="System Reset")
[19:15:22.439]    __dp=0x00000000
[19:15:22.439]    __ap=0x00000000
[19:15:22.439]    __traceout=0x00000000   (Trace Disabled)
[19:15:22.439]    __errorcontrol=0x00000000   (Skip Errors="False")
[19:15:22.439]    __FlashAddr=0x00000000
[19:15:22.439]    __FlashLen=0x00000000
[19:15:22.439]    __FlashArg=0x00000000
[19:15:22.439]    __FlashOp=0x00000000
[19:15:22.439]    __Result=0x00000000
[19:15:22.439]    DbgMCU_CR=0x00000007
[19:15:22.439]  </debugvars>
[19:15:22.439]  
[19:15:22.440]  <sequence name="DebugDeviceUnlock" Pname="" disable="false" info="">
[19:15:22.440]    <block atomic="false" info="">
[19:15:22.440]      Sequence("CheckID");
[19:15:22.440]        <sequence name="CheckID" Pname="" disable="false" info="">
[19:15:22.440]          <block atomic="false" info="">
[19:15:22.440]            __var pidr1 = 0;
[19:15:22.440]              // -> [pidr1 <= 0x00000000]
[19:15:22.440]            __var pidr2 = 0;
[19:15:22.440]              // -> [pidr2 <= 0x00000000]
[19:15:22.440]            __var jep106id = 0;
[19:15:22.440]              // -> [jep106id <= 0x00000000]
[19:15:22.440]            __var ROMTableBase = 0;
[19:15:22.440]              // -> [ROMTableBase <= 0x00000000]
[19:15:22.440]            __ap = 0;      // AHB-AP
[19:15:22.440]              // -> [__ap <= 0x00000000]
[19:15:22.440]            ROMTableBase = ReadAP(0xF8) & ~0x3;
[19:15:22.442]              // -> [ReadAP(0x000000F8) => 0xE00FF003] (__dp=0, __ap=0)
[19:15:22.442]              // -> [ROMTableBase <= 0xE00FF000]
[19:15:22.442]            pidr1 = Read32(ROMTableBase + 0x0FE4);
[19:15:22.446]              // -> [Read32(0xE00FFFE4) => 0x00000004] (__dp=0, __ap=0)
[19:15:22.446]              // -> [pidr1 <= 0x00000004]
[19:15:22.446]            pidr2 = Read32(ROMTableBase + 0x0FE8);
[19:15:22.448]              // -> [Read32(0xE00FFFE8) => 0x0000000A] (__dp=0, __ap=0)
[19:15:22.448]              // -> [pidr2 <= 0x0000000A]
[19:15:22.449]            jep106id = ((pidr2 & 0x7) << 4 ) | ((pidr1 >> 4) & 0xF);
[19:15:22.449]              // -> [jep106id <= 0x00000020]
[19:15:22.449]          </block>
[19:15:22.449]          <control if="jep106id != 0x20" while="" timeout="0" info="">
[19:15:22.449]            // if-block "jep106id != 0x20"
[19:15:22.449]              // =>  FALSE
[19:15:22.449]            // skip if-block "jep106id != 0x20"
[19:15:22.449]          </control>
[19:15:22.449]        </sequence>
[19:15:22.449]    </block>
[19:15:22.449]  </sequence>
[19:15:22.449]  
[19:15:22.491]  **********  Sequence "DebugCoreStart"  (Context="Connect", Pname="", info="")
[19:15:22.491]  
[19:15:22.491]  <debugvars>
[19:15:22.491]    __protocol=0x00010002   (Protocol="SWD", SWJ-DP="True")
[19:15:22.491]    __connection=0x00000202   (Connection Type="Flash", Reset Type="System Reset")
[19:15:22.491]    __dp=0x00000000
[19:15:22.491]    __ap=0x00000000
[19:15:22.491]    __traceout=0x00000000   (Trace Disabled)
[19:15:22.491]    __errorcontrol=0x00000000   (Skip Errors="False")
[19:15:22.491]    __FlashAddr=0x00000000
[19:15:22.491]    __FlashLen=0x00000000
[19:15:22.491]    __FlashArg=0x00000000
[19:15:22.491]    __FlashOp=0x00000000
[19:15:22.491]    __Result=0x00000000
[19:15:22.491]    DbgMCU_CR=0x00000007
[19:15:22.491]  </debugvars>
[19:15:22.491]  
[19:15:22.491]  <sequence name="DebugCoreStart" Pname="" disable="false" info="">
[19:15:22.491]    <block atomic="false" info="">
[19:15:22.491]      Write32(0xE000EDF0, 0xA05F0001);                                        // Enable Core Debug via DHCSR
[19:15:22.494]        // -> [Write32(0xE000EDF0, 0xA05F0001)] (__dp=0, __ap=0)
[19:15:22.494]      Write32(0xE0042004, DbgMCU_CR);                                         // DBGMCU_CR: Configure MCU Debug
[19:15:22.497]        // -> [Write32(0xE0042004, 0x00000007)] (__dp=0, __ap=0)
[19:15:22.497]    </block>
[19:15:22.497]  </sequence>
[19:15:22.497]  
[19:15:39.697]  **********  Sequence "DebugDeviceUnlock"  (Context="Connect", Pname="", info="")
[19:15:39.697]  
[19:15:39.697]  <debugvars>
[19:15:39.697]    __protocol=0x00010002   (Protocol="SWD", SWJ-DP="True")
[19:15:39.697]    __connection=0x00000202   (Connection Type="Flash", Reset Type="System Reset")
[19:15:39.697]    __dp=0x00000000
[19:15:39.697]    __ap=0x00000000
[19:15:39.697]    __traceout=0x00000000   (Trace Disabled)
[19:15:39.698]    __errorcontrol=0x00000000   (Skip Errors="False")
[19:15:39.698]    __FlashAddr=0x00000000
[19:15:39.698]    __FlashLen=0x00000000
[19:15:39.698]    __FlashArg=0x00000000
[19:15:39.698]    __FlashOp=0x00000000
[19:15:39.698]    __Result=0x00000000
[19:15:39.698]    DbgMCU_CR=0x00000007
[19:15:39.698]  </debugvars>
[19:15:39.698]  
[19:15:39.698]  <sequence name="DebugDeviceUnlock" Pname="" disable="false" info="">
[19:15:39.698]    <block atomic="false" info="">
[19:15:39.698]      Sequence("CheckID");
[19:15:39.698]        <sequence name="CheckID" Pname="" disable="false" info="">
[19:15:39.698]          <block atomic="false" info="">
[19:15:39.698]            __var pidr1 = 0;
[19:15:39.698]              // -> [pidr1 <= 0x00000000]
[19:15:39.698]            __var pidr2 = 0;
[19:15:39.699]              // -> [pidr2 <= 0x00000000]
[19:15:39.699]            __var jep106id = 0;
[19:15:39.699]              // -> [jep106id <= 0x00000000]
[19:15:39.699]            __var ROMTableBase = 0;
[19:15:39.699]              // -> [ROMTableBase <= 0x00000000]
[19:15:39.699]            __ap = 0;      // AHB-AP
[19:15:39.699]              // -> [__ap <= 0x00000000]
[19:15:39.699]            ROMTableBase = ReadAP(0xF8) & ~0x3;
[19:15:39.700]              // -> [ReadAP(0x000000F8) => 0xE00FF003] (__dp=0, __ap=0)
[19:15:39.700]              // -> [ROMTableBase <= 0xE00FF000]
[19:15:39.700]            pidr1 = Read32(ROMTableBase + 0x0FE4);
[19:15:39.703]              // -> [Read32(0xE00FFFE4) => 0x00000004] (__dp=0, __ap=0)
[19:15:39.704]              // -> [pidr1 <= 0x00000004]
[19:15:39.704]            pidr2 = Read32(ROMTableBase + 0x0FE8);
[19:15:39.707]              // -> [Read32(0xE00FFFE8) => 0x0000000A] (__dp=0, __ap=0)
[19:15:39.707]              // -> [pidr2 <= 0x0000000A]
[19:15:39.707]            jep106id = ((pidr2 & 0x7) << 4 ) | ((pidr1 >> 4) & 0xF);
[19:15:39.707]              // -> [jep106id <= 0x00000020]
[19:15:39.707]          </block>
[19:15:39.707]          <control if="jep106id != 0x20" while="" timeout="0" info="">
[19:15:39.707]            // if-block "jep106id != 0x20"
[19:15:39.707]              // =>  FALSE
[19:15:39.707]            // skip if-block "jep106id != 0x20"
[19:15:39.707]          </control>
[19:15:39.707]        </sequence>
[19:15:39.707]    </block>
[19:15:39.707]  </sequence>
[19:15:39.707]  
[19:15:39.747]  **********  Sequence "DebugCoreStart"  (Context="Connect", Pname="", info="")
[19:15:39.747]  
[19:15:39.748]  <debugvars>
[19:15:39.748]    __protocol=0x00010002   (Protocol="SWD", SWJ-DP="True")
[19:15:39.748]    __connection=0x00000202   (Connection Type="Flash", Reset Type="System Reset")
[19:15:39.748]    __dp=0x00000000
[19:15:39.748]    __ap=0x00000000
[19:15:39.748]    __traceout=0x00000000   (Trace Disabled)
[19:15:39.748]    __errorcontrol=0x00000000   (Skip Errors="False")
[19:15:39.748]    __FlashAddr=0x00000000
[19:15:39.748]    __FlashLen=0x00000000
[19:15:39.748]    __FlashArg=0x00000000
[19:15:39.748]    __FlashOp=0x00000000
[19:15:39.748]    __Result=0x00000000
[19:15:39.748]    DbgMCU_CR=0x00000007
[19:15:39.748]  </debugvars>
[19:15:39.748]  
[19:15:39.748]  <sequence name="DebugCoreStart" Pname="" disable="false" info="">
[19:15:39.748]    <block atomic="false" info="">
[19:15:39.748]      Write32(0xE000EDF0, 0xA05F0001);                                        // Enable Core Debug via DHCSR
[19:15:39.751]        // -> [Write32(0xE000EDF0, 0xA05F0001)] (__dp=0, __ap=0)
[19:15:39.751]      Write32(0xE0042004, DbgMCU_CR);                                         // DBGMCU_CR: Configure MCU Debug
[19:15:39.754]        // -> [Write32(0xE0042004, 0x00000007)] (__dp=0, __ap=0)
[19:15:39.754]    </block>
[19:15:39.754]  </sequence>
[19:15:39.754]  
[19:15:45.056]  **********  Sequence "DebugDeviceUnlock"  (Context="Connect", Pname="", info="")
[19:15:45.056]  
[19:15:45.057]  <debugvars>
[19:15:45.057]    __protocol=0x00010002   (Protocol="SWD", SWJ-DP="True")
[19:15:45.057]    __connection=0x00000202   (Connection Type="Flash", Reset Type="System Reset")
[19:15:45.057]    __dp=0x00000000
[19:15:45.057]    __ap=0x00000000
[19:15:45.058]    __traceout=0x00000000   (Trace Disabled)
[19:15:45.058]    __errorcontrol=0x00000000   (Skip Errors="False")
[19:15:45.058]    __FlashAddr=0x00000000
[19:15:45.058]    __FlashLen=0x00000000
[19:15:45.058]    __FlashArg=0x00000000
[19:15:45.058]    __FlashOp=0x00000000
[19:15:45.058]    __Result=0x00000000
[19:15:45.058]    DbgMCU_CR=0x00000007
[19:15:45.058]  </debugvars>
[19:15:45.058]  
[19:15:45.058]  <sequence name="DebugDeviceUnlock" Pname="" disable="false" info="">
[19:15:45.058]    <block atomic="false" info="">
[19:15:45.058]      Sequence("CheckID");
[19:15:45.058]        <sequence name="CheckID" Pname="" disable="false" info="">
[19:15:45.058]          <block atomic="false" info="">
[19:15:45.058]            __var pidr1 = 0;
[19:15:45.058]              // -> [pidr1 <= 0x00000000]
[19:15:45.058]            __var pidr2 = 0;
[19:15:45.059]              // -> [pidr2 <= 0x00000000]
[19:15:45.059]            __var jep106id = 0;
[19:15:45.059]              // -> [jep106id <= 0x00000000]
[19:15:45.059]            __var ROMTableBase = 0;
[19:15:45.059]              // -> [ROMTableBase <= 0x00000000]
[19:15:45.059]            __ap = 0;      // AHB-AP
[19:15:45.059]              // -> [__ap <= 0x00000000]
[19:15:45.059]            ROMTableBase = ReadAP(0xF8) & ~0x3;
[19:15:45.061]              // -> [ReadAP(0x000000F8) => 0xE00FF003] (__dp=0, __ap=0)
[19:15:45.061]              // -> [ROMTableBase <= 0xE00FF000]
[19:15:45.062]            pidr1 = Read32(ROMTableBase + 0x0FE4);
[19:15:45.065]              // -> [Read32(0xE00FFFE4) => 0x00000004] (__dp=0, __ap=0)
[19:15:45.065]              // -> [pidr1 <= 0x00000004]
[19:15:45.065]            pidr2 = Read32(ROMTableBase + 0x0FE8);
[19:15:45.068]              // -> [Read32(0xE00FFFE8) => 0x0000000A] (__dp=0, __ap=0)
[19:15:45.068]              // -> [pidr2 <= 0x0000000A]
[19:15:45.068]            jep106id = ((pidr2 & 0x7) << 4 ) | ((pidr1 >> 4) & 0xF);
[19:15:45.068]              // -> [jep106id <= 0x00000020]
[19:15:45.068]          </block>
[19:15:45.068]          <control if="jep106id != 0x20" while="" timeout="0" info="">
[19:15:45.068]            // if-block "jep106id != 0x20"
[19:15:45.068]              // =>  FALSE
[19:15:45.068]            // skip if-block "jep106id != 0x20"
[19:15:45.068]          </control>
[19:15:45.068]        </sequence>
[19:15:45.068]    </block>
[19:15:45.068]  </sequence>
[19:15:45.068]  
[19:15:45.109]  **********  Sequence "DebugCoreStart"  (Context="Connect", Pname="", info="")
[19:15:45.109]  
[19:15:45.109]  <debugvars>
[19:15:45.109]    __protocol=0x00010002   (Protocol="SWD", SWJ-DP="True")
[19:15:45.109]    __connection=0x00000202   (Connection Type="Flash", Reset Type="System Reset")
[19:15:45.109]    __dp=0x00000000
[19:15:45.109]    __ap=0x00000000
[19:15:45.109]    __traceout=0x00000000   (Trace Disabled)
[19:15:45.109]    __errorcontrol=0x00000000   (Skip Errors="False")
[19:15:45.109]    __FlashAddr=0x00000000
[19:15:45.109]    __FlashLen=0x00000000
[19:15:45.109]    __FlashArg=0x00000000
[19:15:45.109]    __FlashOp=0x00000000
[19:15:45.109]    __Result=0x00000000
[19:15:45.110]    DbgMCU_CR=0x00000007
[19:15:45.110]  </debugvars>
[19:15:45.110]  
[19:15:45.110]  <sequence name="DebugCoreStart" Pname="" disable="false" info="">
[19:15:45.110]    <block atomic="false" info="">
[19:15:45.110]      Write32(0xE000EDF0, 0xA05F0001);                                        // Enable Core Debug via DHCSR
[19:15:45.112]        // -> [Write32(0xE000EDF0, 0xA05F0001)] (__dp=0, __ap=0)
[19:15:45.113]      Write32(0xE0042004, DbgMCU_CR);                                         // DBGMCU_CR: Configure MCU Debug
[19:15:45.115]        // -> [Write32(0xE0042004, 0x00000007)] (__dp=0, __ap=0)
[19:15:45.115]    </block>
[19:15:45.115]  </sequence>
[19:15:45.115]  
[19:16:59.045]  **********  Sequence "DebugDeviceUnlock"  (Context="Connect", Pname="", info="")
[19:16:59.045]  
[19:16:59.046]  <debugvars>
[19:16:59.046]    __protocol=0x00010002   (Protocol="SWD", SWJ-DP="True")
[19:16:59.046]    __connection=0x00000202   (Connection Type="Flash", Reset Type="System Reset")
[19:16:59.046]    __dp=0x00000000
[19:16:59.046]    __ap=0x00000000
[19:16:59.046]    __traceout=0x00000000   (Trace Disabled)
[19:16:59.046]    __errorcontrol=0x00000000   (Skip Errors="False")
[19:16:59.046]    __FlashAddr=0x00000000
[19:16:59.046]    __FlashLen=0x00000000
[19:16:59.046]    __FlashArg=0x00000000
[19:16:59.046]    __FlashOp=0x00000000
[19:16:59.046]    __Result=0x00000000
[19:16:59.046]    DbgMCU_CR=0x00000007
[19:16:59.046]  </debugvars>
[19:16:59.047]  
[19:16:59.047]  <sequence name="DebugDeviceUnlock" Pname="" disable="false" info="">
[19:16:59.047]    <block atomic="false" info="">
[19:16:59.047]      Sequence("CheckID");
[19:16:59.047]        <sequence name="CheckID" Pname="" disable="false" info="">
[19:16:59.047]          <block atomic="false" info="">
[19:16:59.047]            __var pidr1 = 0;
[19:16:59.047]              // -> [pidr1 <= 0x00000000]
[19:16:59.047]            __var pidr2 = 0;
[19:16:59.047]              // -> [pidr2 <= 0x00000000]
[19:16:59.047]            __var jep106id = 0;
[19:16:59.047]              // -> [jep106id <= 0x00000000]
[19:16:59.047]            __var ROMTableBase = 0;
[19:16:59.047]              // -> [ROMTableBase <= 0x00000000]
[19:16:59.047]            __ap = 0;      // AHB-AP
[19:16:59.047]              // -> [__ap <= 0x00000000]
[19:16:59.047]            ROMTableBase = ReadAP(0xF8) & ~0x3;
[19:16:59.049]              // -> [ReadAP(0x000000F8) => 0xE00FF003] (__dp=0, __ap=0)
[19:16:59.049]              // -> [ROMTableBase <= 0xE00FF000]
[19:16:59.049]            pidr1 = Read32(ROMTableBase + 0x0FE4);
[19:16:59.053]              // -> [Read32(0xE00FFFE4) => 0x00000004] (__dp=0, __ap=0)
[19:16:59.053]              // -> [pidr1 <= 0x00000004]
[19:16:59.053]            pidr2 = Read32(ROMTableBase + 0x0FE8);
[19:16:59.055]              // -> [Read32(0xE00FFFE8) => 0x0000000A] (__dp=0, __ap=0)
[19:16:59.055]              // -> [pidr2 <= 0x0000000A]
[19:16:59.055]            jep106id = ((pidr2 & 0x7) << 4 ) | ((pidr1 >> 4) & 0xF);
[19:16:59.055]              // -> [jep106id <= 0x00000020]
[19:16:59.055]          </block>
[19:16:59.055]          <control if="jep106id != 0x20" while="" timeout="0" info="">
[19:16:59.055]            // if-block "jep106id != 0x20"
[19:16:59.055]              // =>  FALSE
[19:16:59.055]            // skip if-block "jep106id != 0x20"
[19:16:59.055]          </control>
[19:16:59.055]        </sequence>
[19:16:59.056]    </block>
[19:16:59.056]  </sequence>
[19:16:59.056]  
[19:16:59.097]  **********  Sequence "DebugCoreStart"  (Context="Connect", Pname="", info="")
[19:16:59.097]  
[19:16:59.097]  <debugvars>
[19:16:59.097]    __protocol=0x00010002   (Protocol="SWD", SWJ-DP="True")
[19:16:59.098]    __connection=0x00000202   (Connection Type="Flash", Reset Type="System Reset")
[19:16:59.098]    __dp=0x00000000
[19:16:59.098]    __ap=0x00000000
[19:16:59.098]    __traceout=0x00000000   (Trace Disabled)
[19:16:59.098]    __errorcontrol=0x00000000   (Skip Errors="False")
[19:16:59.098]    __FlashAddr=0x00000000
[19:16:59.098]    __FlashLen=0x00000000
[19:16:59.098]    __FlashArg=0x00000000
[19:16:59.098]    __FlashOp=0x00000000
[19:16:59.098]    __Result=0x00000000
[19:16:59.098]    DbgMCU_CR=0x00000007
[19:16:59.098]  </debugvars>
[19:16:59.098]  
[19:16:59.098]  <sequence name="DebugCoreStart" Pname="" disable="false" info="">
[19:16:59.098]    <block atomic="false" info="">
[19:16:59.098]      Write32(0xE000EDF0, 0xA05F0001);                                        // Enable Core Debug via DHCSR
[19:16:59.100]        // -> [Write32(0xE000EDF0, 0xA05F0001)] (__dp=0, __ap=0)
[19:16:59.101]      Write32(0xE0042004, DbgMCU_CR);                                         // DBGMCU_CR: Configure MCU Debug
[19:16:59.103]        // -> [Write32(0xE0042004, 0x00000007)] (__dp=0, __ap=0)
[19:16:59.103]    </block>
[19:16:59.103]  </sequence>
[19:16:59.103]  
[19:19:26.935]  **********  Sequence "DebugDeviceUnlock"  (Context="Connect", Pname="", info="")
[19:19:26.935]  
[19:19:26.935]  <debugvars>
[19:19:26.935]    __protocol=0x00010002   (Protocol="SWD", SWJ-DP="True")
[19:19:26.935]    __connection=0x00000202   (Connection Type="Flash", Reset Type="System Reset")
[19:19:26.937]    __dp=0x00000000
[19:19:26.937]    __ap=0x00000000
[19:19:26.937]    __traceout=0x00000000   (Trace Disabled)
[19:19:26.937]    __errorcontrol=0x00000000   (Skip Errors="False")
[19:19:26.937]    __FlashAddr=0x00000000
[19:19:26.937]    __FlashLen=0x00000000
[19:19:26.937]    __FlashArg=0x00000000
[19:19:26.937]    __FlashOp=0x00000000
[19:19:26.937]    __Result=0x00000000
[19:19:26.937]    DbgMCU_CR=0x00000007
[19:19:26.937]  </debugvars>
[19:19:26.937]  
[19:19:26.937]  <sequence name="DebugDeviceUnlock" Pname="" disable="false" info="">
[19:19:26.937]    <block atomic="false" info="">
[19:19:26.937]      Sequence("CheckID");
[19:19:26.937]        <sequence name="CheckID" Pname="" disable="false" info="">
[19:19:26.937]          <block atomic="false" info="">
[19:19:26.937]            __var pidr1 = 0;
[19:19:26.937]              // -> [pidr1 <= 0x00000000]
[19:19:26.937]            __var pidr2 = 0;
[19:19:26.937]              // -> [pidr2 <= 0x00000000]
[19:19:26.938]            __var jep106id = 0;
[19:19:26.938]              // -> [jep106id <= 0x00000000]
[19:19:26.938]            __var ROMTableBase = 0;
[19:19:26.938]              // -> [ROMTableBase <= 0x00000000]
[19:19:26.938]            __ap = 0;      // AHB-AP
[19:19:26.938]              // -> [__ap <= 0x00000000]
[19:19:26.938]            ROMTableBase = ReadAP(0xF8) & ~0x3;
[19:19:26.940]              // -> [ReadAP(0x000000F8) => 0xE00FF003] (__dp=0, __ap=0)
[19:19:26.940]              // -> [ROMTableBase <= 0xE00FF000]
[19:19:26.940]            pidr1 = Read32(ROMTableBase + 0x0FE4);
[19:19:26.943]              // -> [Read32(0xE00FFFE4) => 0x00000004] (__dp=0, __ap=0)
[19:19:26.943]              // -> [pidr1 <= 0x00000004]
[19:19:26.943]            pidr2 = Read32(ROMTableBase + 0x0FE8);
[19:19:26.945]              // -> [Read32(0xE00FFFE8) => 0x0000000A] (__dp=0, __ap=0)
[19:19:26.945]              // -> [pidr2 <= 0x0000000A]
[19:19:26.945]            jep106id = ((pidr2 & 0x7) << 4 ) | ((pidr1 >> 4) & 0xF);
[19:19:26.945]              // -> [jep106id <= 0x00000020]
[19:19:26.945]          </block>
[19:19:26.946]          <control if="jep106id != 0x20" while="" timeout="0" info="">
[19:19:26.946]            // if-block "jep106id != 0x20"
[19:19:26.946]              // =>  FALSE
[19:19:26.946]            // skip if-block "jep106id != 0x20"
[19:19:26.946]          </control>
[19:19:26.946]        </sequence>
[19:19:26.946]    </block>
[19:19:26.946]  </sequence>
[19:19:26.946]  
[19:19:26.986]  **********  Sequence "DebugCoreStart"  (Context="Connect", Pname="", info="")
[19:19:26.986]  
[19:19:26.986]  <debugvars>
[19:19:26.986]    __protocol=0x00010002   (Protocol="SWD", SWJ-DP="True")
[19:19:26.986]    __connection=0x00000202   (Connection Type="Flash", Reset Type="System Reset")
[19:19:26.986]    __dp=0x00000000
[19:19:26.986]    __ap=0x00000000
[19:19:26.986]    __traceout=0x00000000   (Trace Disabled)
[19:19:26.986]    __errorcontrol=0x00000000   (Skip Errors="False")
[19:19:26.986]    __FlashAddr=0x00000000
[19:19:26.986]    __FlashLen=0x00000000
[19:19:26.986]    __FlashArg=0x00000000
[19:19:26.986]    __FlashOp=0x00000000
[19:19:26.986]    __Result=0x00000000
[19:19:26.986]    DbgMCU_CR=0x00000007
[19:19:26.986]  </debugvars>
[19:19:26.986]  
[19:19:26.986]  <sequence name="DebugCoreStart" Pname="" disable="false" info="">
[19:19:26.987]    <block atomic="false" info="">
[19:19:26.987]      Write32(0xE000EDF0, 0xA05F0001);                                        // Enable Core Debug via DHCSR
[19:19:26.989]        // -> [Write32(0xE000EDF0, 0xA05F0001)] (__dp=0, __ap=0)
[19:19:26.989]      Write32(0xE0042004, DbgMCU_CR);                                         // DBGMCU_CR: Configure MCU Debug
[19:19:26.992]        // -> [Write32(0xE0042004, 0x00000007)] (__dp=0, __ap=0)
[19:19:26.992]    </block>
[19:19:26.992]  </sequence>
[19:19:26.992]  
[19:27:16.677]  **********  Sequence "DebugDeviceUnlock"  (Context="Connect", Pname="", info="")
[19:27:16.677]  
[19:27:16.678]  <debugvars>
[19:27:16.678]    __protocol=0x00010002   (Protocol="SWD", SWJ-DP="True")
[19:27:16.678]    __connection=0x00000202   (Connection Type="Flash", Reset Type="System Reset")
[19:27:16.678]    __dp=0x00000000
[19:27:16.678]    __ap=0x00000000
[19:27:16.678]    __traceout=0x00000000   (Trace Disabled)
[19:27:16.678]    __errorcontrol=0x00000000   (Skip Errors="False")
[19:27:16.678]    __FlashAddr=0x00000000
[19:27:16.678]    __FlashLen=0x00000000
[19:27:16.678]    __FlashArg=0x00000000
[19:27:16.679]    __FlashOp=0x00000000
[19:27:16.679]    __Result=0x00000000
[19:27:16.679]    DbgMCU_CR=0x00000007
[19:27:16.679]  </debugvars>
[19:27:16.679]  
[19:27:16.679]  <sequence name="DebugDeviceUnlock" Pname="" disable="false" info="">
[19:27:16.679]    <block atomic="false" info="">
[19:27:16.679]      Sequence("CheckID");
[19:27:16.679]        <sequence name="CheckID" Pname="" disable="false" info="">
[19:27:16.679]          <block atomic="false" info="">
[19:27:16.679]            __var pidr1 = 0;
[19:27:16.679]              // -> [pidr1 <= 0x00000000]
[19:27:16.679]            __var pidr2 = 0;
[19:27:16.679]              // -> [pidr2 <= 0x00000000]
[19:27:16.679]            __var jep106id = 0;
[19:27:16.679]              // -> [jep106id <= 0x00000000]
[19:27:16.679]            __var ROMTableBase = 0;
[19:27:16.679]              // -> [ROMTableBase <= 0x00000000]
[19:27:16.679]            __ap = 0;      // AHB-AP
[19:27:16.679]              // -> [__ap <= 0x00000000]
[19:27:16.679]            ROMTableBase = ReadAP(0xF8) & ~0x3;
[19:27:16.681]              // -> [ReadAP(0x000000F8) => 0xE00FF003] (__dp=0, __ap=0)
[19:27:16.681]              // -> [ROMTableBase <= 0xE00FF000]
[19:27:16.681]            pidr1 = Read32(ROMTableBase + 0x0FE4);
[19:27:16.685]              // -> [Read32(0xE00FFFE4) => 0x00000004] (__dp=0, __ap=0)
[19:27:16.685]              // -> [pidr1 <= 0x00000004]
[19:27:16.685]            pidr2 = Read32(ROMTableBase + 0x0FE8);
[19:27:16.688]              // -> [Read32(0xE00FFFE8) => 0x0000000A] (__dp=0, __ap=0)
[19:27:16.688]              // -> [pidr2 <= 0x0000000A]
[19:27:16.688]            jep106id = ((pidr2 & 0x7) << 4 ) | ((pidr1 >> 4) & 0xF);
[19:27:16.688]              // -> [jep106id <= 0x00000020]
[19:27:16.688]          </block>
[19:27:16.688]          <control if="jep106id != 0x20" while="" timeout="0" info="">
[19:27:16.688]            // if-block "jep106id != 0x20"
[19:27:16.688]              // =>  FALSE
[19:27:16.689]            // skip if-block "jep106id != 0x20"
[19:27:16.689]          </control>
[19:27:16.689]        </sequence>
[19:27:16.689]    </block>
[19:27:16.689]  </sequence>
[19:27:16.689]  
[19:27:16.730]  **********  Sequence "DebugCoreStart"  (Context="Connect", Pname="", info="")
[19:27:16.730]  
[19:27:16.730]  <debugvars>
[19:27:16.730]    __protocol=0x00010002   (Protocol="SWD", SWJ-DP="True")
[19:27:16.730]    __connection=0x00000202   (Connection Type="Flash", Reset Type="System Reset")
[19:27:16.730]    __dp=0x00000000
[19:27:16.730]    __ap=0x00000000
[19:27:16.730]    __traceout=0x00000000   (Trace Disabled)
[19:27:16.730]    __errorcontrol=0x00000000   (Skip Errors="False")
[19:27:16.730]    __FlashAddr=0x00000000
[19:27:16.730]    __FlashLen=0x00000000
[19:27:16.730]    __FlashArg=0x00000000
[19:27:16.730]    __FlashOp=0x00000000
[19:27:16.730]    __Result=0x00000000
[19:27:16.731]    DbgMCU_CR=0x00000007
[19:27:16.731]  </debugvars>
[19:27:16.731]  
[19:27:16.731]  <sequence name="DebugCoreStart" Pname="" disable="false" info="">
[19:27:16.731]    <block atomic="false" info="">
[19:27:16.731]      Write32(0xE000EDF0, 0xA05F0001);                                        // Enable Core Debug via DHCSR
[19:27:16.733]        // -> [Write32(0xE000EDF0, 0xA05F0001)] (__dp=0, __ap=0)
[19:27:16.733]      Write32(0xE0042004, DbgMCU_CR);                                         // DBGMCU_CR: Configure MCU Debug
[19:27:16.736]        // -> [Write32(0xE0042004, 0x00000007)] (__dp=0, __ap=0)
[19:27:16.736]    </block>
[19:27:16.736]  </sequence>
[19:27:16.736]  
[19:29:47.509]  **********  Sequence "DebugDeviceUnlock"  (Context="Connect", Pname="", info="")
[19:29:47.509]  
[19:29:47.510]  <debugvars>
[19:29:47.510]    __protocol=0x00010002   (Protocol="SWD", SWJ-DP="True")
[19:29:47.510]    __connection=0x00000202   (Connection Type="Flash", Reset Type="System Reset")
[19:29:47.510]    __dp=0x00000000
[19:29:47.510]    __ap=0x00000000
[19:29:47.510]    __traceout=0x00000000   (Trace Disabled)
[19:29:47.510]    __errorcontrol=0x00000000   (Skip Errors="False")
[19:29:47.510]    __FlashAddr=0x00000000
[19:29:47.510]    __FlashLen=0x00000000
[19:29:47.510]    __FlashArg=0x00000000
[19:29:47.510]    __FlashOp=0x00000000
[19:29:47.510]    __Result=0x00000000
[19:29:47.510]    DbgMCU_CR=0x00000007
[19:29:47.510]  </debugvars>
[19:29:47.510]  
[19:29:47.510]  <sequence name="DebugDeviceUnlock" Pname="" disable="false" info="">
[19:29:47.510]    <block atomic="false" info="">
[19:29:47.510]      Sequence("CheckID");
[19:29:47.510]        <sequence name="CheckID" Pname="" disable="false" info="">
[19:29:47.511]          <block atomic="false" info="">
[19:29:47.511]            __var pidr1 = 0;
[19:29:47.511]              // -> [pidr1 <= 0x00000000]
[19:29:47.511]            __var pidr2 = 0;
[19:29:47.511]              // -> [pidr2 <= 0x00000000]
[19:29:47.511]            __var jep106id = 0;
[19:29:47.511]              // -> [jep106id <= 0x00000000]
[19:29:47.511]            __var ROMTableBase = 0;
[19:29:47.511]              // -> [ROMTableBase <= 0x00000000]
[19:29:47.511]            __ap = 0;      // AHB-AP
[19:29:47.511]              // -> [__ap <= 0x00000000]
[19:29:47.511]            ROMTableBase = ReadAP(0xF8) & ~0x3;
[19:29:47.513]              // -> [ReadAP(0x000000F8) => 0xE00FF003] (__dp=0, __ap=0)
[19:29:47.513]              // -> [ROMTableBase <= 0xE00FF000]
[19:29:47.513]            pidr1 = Read32(ROMTableBase + 0x0FE4);
[19:29:47.516]              // -> [Read32(0xE00FFFE4) => 0x00000004] (__dp=0, __ap=0)
[19:29:47.516]              // -> [pidr1 <= 0x00000004]
[19:29:47.516]            pidr2 = Read32(ROMTableBase + 0x0FE8);
[19:29:47.519]              // -> [Read32(0xE00FFFE8) => 0x0000000A] (__dp=0, __ap=0)
[19:29:47.519]              // -> [pidr2 <= 0x0000000A]
[19:29:47.519]            jep106id = ((pidr2 & 0x7) << 4 ) | ((pidr1 >> 4) & 0xF);
[19:29:47.519]              // -> [jep106id <= 0x00000020]
[19:29:47.519]          </block>
[19:29:47.519]          <control if="jep106id != 0x20" while="" timeout="0" info="">
[19:29:47.519]            // if-block "jep106id != 0x20"
[19:29:47.519]              // =>  FALSE
[19:29:47.519]            // skip if-block "jep106id != 0x20"
[19:29:47.519]          </control>
[19:29:47.519]        </sequence>
[19:29:47.519]    </block>
[19:29:47.519]  </sequence>
[19:29:47.519]  
[19:29:47.559]  **********  Sequence "DebugCoreStart"  (Context="Connect", Pname="", info="")
[19:29:47.559]  
[19:29:47.560]  <debugvars>
[19:29:47.560]    __protocol=0x00010002   (Protocol="SWD", SWJ-DP="True")
[19:29:47.560]    __connection=0x00000202   (Connection Type="Flash", Reset Type="System Reset")
[19:29:47.560]    __dp=0x00000000
[19:29:47.560]    __ap=0x00000000
[19:29:47.560]    __traceout=0x00000000   (Trace Disabled)
[19:29:47.560]    __errorcontrol=0x00000000   (Skip Errors="False")
[19:29:47.560]    __FlashAddr=0x00000000
[19:29:47.560]    __FlashLen=0x00000000
[19:29:47.560]    __FlashArg=0x00000000
[19:29:47.560]    __FlashOp=0x00000000
[19:29:47.560]    __Result=0x00000000
[19:29:47.560]    DbgMCU_CR=0x00000007
[19:29:47.560]  </debugvars>
[19:29:47.560]  
[19:29:47.560]  <sequence name="DebugCoreStart" Pname="" disable="false" info="">
[19:29:47.560]    <block atomic="false" info="">
[19:29:47.560]      Write32(0xE000EDF0, 0xA05F0001);                                        // Enable Core Debug via DHCSR
[19:29:47.562]        // -> [Write32(0xE000EDF0, 0xA05F0001)] (__dp=0, __ap=0)
[19:29:47.563]      Write32(0xE0042004, DbgMCU_CR);                                         // DBGMCU_CR: Configure MCU Debug
[19:29:47.565]        // -> [Write32(0xE0042004, 0x00000007)] (__dp=0, __ap=0)
[19:29:47.565]    </block>
[19:29:47.565]  </sequence>
[19:29:47.565]  
[19:30:58.322]  **********  Sequence "DebugDeviceUnlock"  (Context="Connect", Pname="", info="")
[19:30:58.322]  
[19:30:58.323]  <debugvars>
[19:30:58.323]    __protocol=0x00010002   (Protocol="SWD", SWJ-DP="True")
[19:30:58.323]    __connection=0x00000202   (Connection Type="Flash", Reset Type="System Reset")
[19:30:58.323]    __dp=0x00000000
[19:30:58.323]    __ap=0x00000000
[19:30:58.323]    __traceout=0x00000000   (Trace Disabled)
[19:30:58.323]    __errorcontrol=0x00000000   (Skip Errors="False")
[19:30:58.323]    __FlashAddr=0x00000000
[19:30:58.323]    __FlashLen=0x00000000
[19:30:58.323]    __FlashArg=0x00000000
[19:30:58.323]    __FlashOp=0x00000000
[19:30:58.323]    __Result=0x00000000
[19:30:58.323]    DbgMCU_CR=0x00000007
[19:30:58.323]  </debugvars>
[19:30:58.323]  
[19:30:58.323]  <sequence name="DebugDeviceUnlock" Pname="" disable="false" info="">
[19:30:58.323]    <block atomic="false" info="">
[19:30:58.323]      Sequence("CheckID");
[19:30:58.323]        <sequence name="CheckID" Pname="" disable="false" info="">
[19:30:58.324]          <block atomic="false" info="">
[19:30:58.324]            __var pidr1 = 0;
[19:30:58.324]              // -> [pidr1 <= 0x00000000]
[19:30:58.324]            __var pidr2 = 0;
[19:30:58.324]              // -> [pidr2 <= 0x00000000]
[19:30:58.324]            __var jep106id = 0;
[19:30:58.324]              // -> [jep106id <= 0x00000000]
[19:30:58.324]            __var ROMTableBase = 0;
[19:30:58.324]              // -> [ROMTableBase <= 0x00000000]
[19:30:58.324]            __ap = 0;      // AHB-AP
[19:30:58.324]              // -> [__ap <= 0x00000000]
[19:30:58.324]            ROMTableBase = ReadAP(0xF8) & ~0x3;
[19:30:58.326]              // -> [ReadAP(0x000000F8) => 0xE00FF003] (__dp=0, __ap=0)
[19:30:58.326]              // -> [ROMTableBase <= 0xE00FF000]
[19:30:58.326]            pidr1 = Read32(ROMTableBase + 0x0FE4);
[19:30:58.329]              // -> [Read32(0xE00FFFE4) => 0x00000004] (__dp=0, __ap=0)
[19:30:58.329]              // -> [pidr1 <= 0x00000004]
[19:30:58.329]            pidr2 = Read32(ROMTableBase + 0x0FE8);
[19:30:58.331]              // -> [Read32(0xE00FFFE8) => 0x0000000A] (__dp=0, __ap=0)
[19:30:58.331]              // -> [pidr2 <= 0x0000000A]
[19:30:58.331]            jep106id = ((pidr2 & 0x7) << 4 ) | ((pidr1 >> 4) & 0xF);
[19:30:58.331]              // -> [jep106id <= 0x00000020]
[19:30:58.331]          </block>
[19:30:58.331]          <control if="jep106id != 0x20" while="" timeout="0" info="">
[19:30:58.331]            // if-block "jep106id != 0x20"
[19:30:58.332]              // =>  FALSE
[19:30:58.332]            // skip if-block "jep106id != 0x20"
[19:30:58.332]          </control>
[19:30:58.332]        </sequence>
[19:30:58.332]    </block>
[19:30:58.332]  </sequence>
[19:30:58.332]  
[19:30:58.371]  **********  Sequence "DebugCoreStart"  (Context="Connect", Pname="", info="")
[19:30:58.371]  
[19:30:58.371]  <debugvars>
[19:30:58.371]    __protocol=0x00010002   (Protocol="SWD", SWJ-DP="True")
[19:30:58.371]    __connection=0x00000202   (Connection Type="Flash", Reset Type="System Reset")
[19:30:58.371]    __dp=0x00000000
[19:30:58.371]    __ap=0x00000000
[19:30:58.372]    __traceout=0x00000000   (Trace Disabled)
[19:30:58.372]    __errorcontrol=0x00000000   (Skip Errors="False")
[19:30:58.372]    __FlashAddr=0x00000000
[19:30:58.372]    __FlashLen=0x00000000
[19:30:58.372]    __FlashArg=0x00000000
[19:30:58.372]    __FlashOp=0x00000000
[19:30:58.372]    __Result=0x00000000
[19:30:58.372]    DbgMCU_CR=0x00000007
[19:30:58.372]  </debugvars>
[19:30:58.372]  
[19:30:58.372]  <sequence name="DebugCoreStart" Pname="" disable="false" info="">
[19:30:58.372]    <block atomic="false" info="">
[19:30:58.372]      Write32(0xE000EDF0, 0xA05F0001);                                        // Enable Core Debug via DHCSR
[19:30:58.374]        // -> [Write32(0xE000EDF0, 0xA05F0001)] (__dp=0, __ap=0)
[19:30:58.374]      Write32(0xE0042004, DbgMCU_CR);                                         // DBGMCU_CR: Configure MCU Debug
[19:30:58.377]        // -> [Write32(0xE0042004, 0x00000007)] (__dp=0, __ap=0)
[19:30:58.377]    </block>
[19:30:58.377]  </sequence>
[19:30:58.377]  
[19:32:49.051]  **********  Sequence "DebugDeviceUnlock"  (Context="Connect", Pname="", info="")
[19:32:49.051]  
[19:32:49.051]  <debugvars>
[19:32:49.051]    __protocol=0x00010002   (Protocol="SWD", SWJ-DP="True")
[19:32:49.051]    __connection=0x00000201   (Connection Type="Debug", Reset Type="System Reset")
[19:32:49.051]    __dp=0x00000000
[19:32:49.051]    __ap=0x00000000
[19:32:49.051]    __traceout=0x00000000   (Trace Disabled)
[19:32:49.051]    __errorcontrol=0x00000000   (Skip Errors="False")
[19:32:49.051]    __FlashAddr=0x00000000
[19:32:49.051]    __FlashLen=0x00000000
[19:32:49.052]    __FlashArg=0x00000000
[19:32:49.052]    __FlashOp=0x00000000
[19:32:49.052]    __Result=0x00000000
[19:32:49.052]    DbgMCU_CR=0x00000007
[19:32:49.052]  </debugvars>
[19:32:49.052]  
[19:32:49.052]  <sequence name="DebugDeviceUnlock" Pname="" disable="false" info="">
[19:32:49.052]    <block atomic="false" info="">
[19:32:49.052]      Sequence("CheckID");
[19:32:49.052]        <sequence name="CheckID" Pname="" disable="false" info="">
[19:32:49.052]          <block atomic="false" info="">
[19:32:49.052]            __var pidr1 = 0;
[19:32:49.052]              // -> [pidr1 <= 0x00000000]
[19:32:49.052]            __var pidr2 = 0;
[19:32:49.052]              // -> [pidr2 <= 0x00000000]
[19:32:49.052]            __var jep106id = 0;
[19:32:49.052]              // -> [jep106id <= 0x00000000]
[19:32:49.052]            __var ROMTableBase = 0;
[19:32:49.052]              // -> [ROMTableBase <= 0x00000000]
[19:32:49.052]            __ap = 0;      // AHB-AP
[19:32:49.052]              // -> [__ap <= 0x00000000]
[19:32:49.052]            ROMTableBase = ReadAP(0xF8) & ~0x3;
[19:32:49.054]              // -> [ReadAP(0x000000F8) => 0xE00FF003] (__dp=0, __ap=0)
[19:32:49.054]              // -> [ROMTableBase <= 0xE00FF000]
[19:32:49.054]            pidr1 = Read32(ROMTableBase + 0x0FE4);
[19:32:49.058]              // -> [Read32(0xE00FFFE4) => 0x00000004] (__dp=0, __ap=0)
[19:32:49.058]              // -> [pidr1 <= 0x00000004]
[19:32:49.058]            pidr2 = Read32(ROMTableBase + 0x0FE8);
[19:32:49.061]              // -> [Read32(0xE00FFFE8) => 0x0000000A] (__dp=0, __ap=0)
[19:32:49.061]              // -> [pidr2 <= 0x0000000A]
[19:32:49.061]            jep106id = ((pidr2 & 0x7) << 4 ) | ((pidr1 >> 4) & 0xF);
[19:32:49.061]              // -> [jep106id <= 0x00000020]
[19:32:49.061]          </block>
[19:32:49.061]          <control if="jep106id != 0x20" while="" timeout="0" info="">
[19:32:49.061]            // if-block "jep106id != 0x20"
[19:32:49.061]              // =>  FALSE
[19:32:49.061]            // skip if-block "jep106id != 0x20"
[19:32:49.061]          </control>
[19:32:49.061]        </sequence>
[19:32:49.061]    </block>
[19:32:49.061]  </sequence>
[19:32:49.061]  
[19:32:49.102]  **********  Sequence "DebugCoreStart"  (Context="Connect", Pname="", info="")
[19:32:49.102]  
[19:32:49.102]  <debugvars>
[19:32:49.102]    __protocol=0x00010002   (Protocol="SWD", SWJ-DP="True")
[19:32:49.102]    __connection=0x00000201   (Connection Type="Debug", Reset Type="System Reset")
[19:32:49.102]    __dp=0x00000000
[19:32:49.103]    __ap=0x00000000
[19:32:49.103]    __traceout=0x00000000   (Trace Disabled)
[19:32:49.103]    __errorcontrol=0x00000000   (Skip Errors="False")
[19:32:49.103]    __FlashAddr=0x00000000
[19:32:49.103]    __FlashLen=0x00000000
[19:32:49.103]    __FlashArg=0x00000000
[19:32:49.103]    __FlashOp=0x00000000
[19:32:49.103]    __Result=0x00000000
[19:32:49.103]    DbgMCU_CR=0x00000007
[19:32:49.103]  </debugvars>
[19:32:49.103]  
[19:32:49.103]  <sequence name="DebugCoreStart" Pname="" disable="false" info="">
[19:32:49.103]    <block atomic="false" info="">
[19:32:49.103]      Write32(0xE000EDF0, 0xA05F0001);                                        // Enable Core Debug via DHCSR
[19:32:49.106]        // -> [Write32(0xE000EDF0, 0xA05F0001)] (__dp=0, __ap=0)
[19:32:49.106]      Write32(0xE0042004, DbgMCU_CR);                                         // DBGMCU_CR: Configure MCU Debug
[19:32:49.109]        // -> [Write32(0xE0042004, 0x00000007)] (__dp=0, __ap=0)
[19:32:49.109]    </block>
[19:32:49.109]  </sequence>
[19:32:49.109]  
[19:32:56.931]  **********  Sequence "DebugDeviceUnlock"  (Context="Connect", Pname="", info="")
[19:32:56.931]  
[19:32:56.932]  <debugvars>
[19:32:56.932]    __protocol=0x00010002   (Protocol="SWD", SWJ-DP="True")
[19:32:56.932]    __connection=0x00000202   (Connection Type="Flash", Reset Type="System Reset")
[19:32:56.932]    __dp=0x00000000
[19:32:56.932]    __ap=0x00000000
[19:32:56.933]    __traceout=0x00000000   (Trace Disabled)
[19:32:56.933]    __errorcontrol=0x00000000   (Skip Errors="False")
[19:32:56.933]    __FlashAddr=0x00000000
[19:32:56.933]    __FlashLen=0x00000000
[19:32:56.933]    __FlashArg=0x00000000
[19:32:56.933]    __FlashOp=0x00000000
[19:32:56.933]    __Result=0x00000000
[19:32:56.933]    DbgMCU_CR=0x00000007
[19:32:56.933]  </debugvars>
[19:32:56.933]  
[19:32:56.933]  <sequence name="DebugDeviceUnlock" Pname="" disable="false" info="">
[19:32:56.933]    <block atomic="false" info="">
[19:32:56.933]      Sequence("CheckID");
[19:32:56.933]        <sequence name="CheckID" Pname="" disable="false" info="">
[19:32:56.933]          <block atomic="false" info="">
[19:32:56.933]            __var pidr1 = 0;
[19:32:56.933]              // -> [pidr1 <= 0x00000000]
[19:32:56.933]            __var pidr2 = 0;
[19:32:56.933]              // -> [pidr2 <= 0x00000000]
[19:32:56.933]            __var jep106id = 0;
[19:32:56.934]              // -> [jep106id <= 0x00000000]
[19:32:56.934]            __var ROMTableBase = 0;
[19:32:56.934]              // -> [ROMTableBase <= 0x00000000]
[19:32:56.934]            __ap = 0;      // AHB-AP
[19:32:56.934]              // -> [__ap <= 0x00000000]
[19:32:56.934]            ROMTableBase = ReadAP(0xF8) & ~0x3;
[19:32:56.936]              // -> [ReadAP(0x000000F8) => 0xE00FF003] (__dp=0, __ap=0)
[19:32:56.936]              // -> [ROMTableBase <= 0xE00FF000]
[19:32:56.936]            pidr1 = Read32(ROMTableBase + 0x0FE4);
[19:32:56.939]              // -> [Read32(0xE00FFFE4) => 0x00000004] (__dp=0, __ap=0)
[19:32:56.939]              // -> [pidr1 <= 0x00000004]
[19:32:56.939]            pidr2 = Read32(ROMTableBase + 0x0FE8);
[19:32:56.943]              // -> [Read32(0xE00FFFE8) => 0x0000000A] (__dp=0, __ap=0)
[19:32:56.943]              // -> [pidr2 <= 0x0000000A]
[19:32:56.943]            jep106id = ((pidr2 & 0x7) << 4 ) | ((pidr1 >> 4) & 0xF);
[19:32:56.943]              // -> [jep106id <= 0x00000020]
[19:32:56.943]          </block>
[19:32:56.943]          <control if="jep106id != 0x20" while="" timeout="0" info="">
[19:32:56.943]            // if-block "jep106id != 0x20"
[19:32:56.943]              // =>  FALSE
[19:32:56.943]            // skip if-block "jep106id != 0x20"
[19:32:56.943]          </control>
[19:32:56.943]        </sequence>
[19:32:56.943]    </block>
[19:32:56.943]  </sequence>
[19:32:56.943]  
[19:32:56.984]  **********  Sequence "DebugCoreStart"  (Context="Connect", Pname="", info="")
[19:32:56.984]  
[19:32:56.984]  <debugvars>
[19:32:56.984]    __protocol=0x00010002   (Protocol="SWD", SWJ-DP="True")
[19:32:56.984]    __connection=0x00000202   (Connection Type="Flash", Reset Type="System Reset")
[19:32:56.984]    __dp=0x00000000
[19:32:56.984]    __ap=0x00000000
[19:32:56.984]    __traceout=0x00000000   (Trace Disabled)
[19:32:56.984]    __errorcontrol=0x00000000   (Skip Errors="False")
[19:32:56.984]    __FlashAddr=0x00000000
[19:32:56.984]    __FlashLen=0x00000000
[19:32:56.984]    __FlashArg=0x00000000
[19:32:56.984]    __FlashOp=0x00000000
[19:32:56.984]    __Result=0x00000000
[19:32:56.984]    DbgMCU_CR=0x00000007
[19:32:56.984]  </debugvars>
[19:32:56.984]  
[19:32:56.984]  <sequence name="DebugCoreStart" Pname="" disable="false" info="">
[19:32:56.985]    <block atomic="false" info="">
[19:32:56.985]      Write32(0xE000EDF0, 0xA05F0001);                                        // Enable Core Debug via DHCSR
[19:32:56.987]        // -> [Write32(0xE000EDF0, 0xA05F0001)] (__dp=0, __ap=0)
[19:32:56.987]      Write32(0xE0042004, DbgMCU_CR);                                         // DBGMCU_CR: Configure MCU Debug
[19:32:56.990]        // -> [Write32(0xE0042004, 0x00000007)] (__dp=0, __ap=0)
[19:32:56.990]    </block>
[19:32:56.990]  </sequence>
[19:32:56.990]  
[19:33:35.139]  **********  Sequence "DebugDeviceUnlock"  (Context="Connect", Pname="", info="")
[19:33:35.139]  
[19:33:35.139]  <debugvars>
[19:33:35.139]    __protocol=0x00010002   (Protocol="SWD", SWJ-DP="True")
[19:33:35.139]    __connection=0x00000202   (Connection Type="Flash", Reset Type="System Reset")
[19:33:35.139]    __dp=0x00000000
[19:33:35.139]    __ap=0x00000000
[19:33:35.139]    __traceout=0x00000000   (Trace Disabled)
[19:33:35.139]    __errorcontrol=0x00000000   (Skip Errors="False")
[19:33:35.139]    __FlashAddr=0x00000000
[19:33:35.139]    __FlashLen=0x00000000
[19:33:35.139]    __FlashArg=0x00000000
[19:33:35.139]    __FlashOp=0x00000000
[19:33:35.139]    __Result=0x00000000
[19:33:35.139]    DbgMCU_CR=0x00000007
[19:33:35.139]  </debugvars>
[19:33:35.139]  
[19:33:35.139]  <sequence name="DebugDeviceUnlock" Pname="" disable="false" info="">
[19:33:35.139]    <block atomic="false" info="">
[19:33:35.139]      Sequence("CheckID");
[19:33:35.139]        <sequence name="CheckID" Pname="" disable="false" info="">
[19:33:35.139]          <block atomic="false" info="">
[19:33:35.139]            __var pidr1 = 0;
[19:33:35.139]              // -> [pidr1 <= 0x00000000]
[19:33:35.139]            __var pidr2 = 0;
[19:33:35.139]              // -> [pidr2 <= 0x00000000]
[19:33:35.140]            __var jep106id = 0;
[19:33:35.140]              // -> [jep106id <= 0x00000000]
[19:33:35.140]            __var ROMTableBase = 0;
[19:33:35.140]              // -> [ROMTableBase <= 0x00000000]
[19:33:35.140]            __ap = 0;      // AHB-AP
[19:33:35.140]              // -> [__ap <= 0x00000000]
[19:33:35.140]            ROMTableBase = ReadAP(0xF8) & ~0x3;
[19:33:35.142]              // -> [ReadAP(0x000000F8) => 0xE00FF003] (__dp=0, __ap=0)
[19:33:35.142]              // -> [ROMTableBase <= 0xE00FF000]
[19:33:35.142]            pidr1 = Read32(ROMTableBase + 0x0FE4);
[19:33:35.145]              // -> [Read32(0xE00FFFE4) => 0x00000004] (__dp=0, __ap=0)
[19:33:35.145]              // -> [pidr1 <= 0x00000004]
[19:33:35.145]            pidr2 = Read32(ROMTableBase + 0x0FE8);
[19:33:35.149]              // -> [Read32(0xE00FFFE8) => 0x0000000A] (__dp=0, __ap=0)
[19:33:35.149]              // -> [pidr2 <= 0x0000000A]
[19:33:35.149]            jep106id = ((pidr2 & 0x7) << 4 ) | ((pidr1 >> 4) & 0xF);
[19:33:35.149]              // -> [jep106id <= 0x00000020]
[19:33:35.149]          </block>
[19:33:35.149]          <control if="jep106id != 0x20" while="" timeout="0" info="">
[19:33:35.149]            // if-block "jep106id != 0x20"
[19:33:35.149]              // =>  FALSE
[19:33:35.149]            // skip if-block "jep106id != 0x20"
[19:33:35.149]          </control>
[19:33:35.149]        </sequence>
[19:33:35.149]    </block>
[19:33:35.149]  </sequence>
[19:33:35.149]  
[19:33:35.190]  **********  Sequence "DebugCoreStart"  (Context="Connect", Pname="", info="")
[19:33:35.190]  
[19:33:35.190]  <debugvars>
[19:33:35.190]    __protocol=0x00010002   (Protocol="SWD", SWJ-DP="True")
[19:33:35.191]    __connection=0x00000202   (Connection Type="Flash", Reset Type="System Reset")
[19:33:35.191]    __dp=0x00000000
[19:33:35.191]    __ap=0x00000000
[19:33:35.191]    __traceout=0x00000000   (Trace Disabled)
[19:33:35.191]    __errorcontrol=0x00000000   (Skip Errors="False")
[19:33:35.191]    __FlashAddr=0x00000000
[19:33:35.191]    __FlashLen=0x00000000
[19:33:35.191]    __FlashArg=0x00000000
[19:33:35.191]    __FlashOp=0x00000000
[19:33:35.191]    __Result=0x00000000
[19:33:35.191]    DbgMCU_CR=0x00000007
[19:33:35.191]  </debugvars>
[19:33:35.191]  
[19:33:35.191]  <sequence name="DebugCoreStart" Pname="" disable="false" info="">
[19:33:35.191]    <block atomic="false" info="">
[19:33:35.191]      Write32(0xE000EDF0, 0xA05F0001);                                        // Enable Core Debug via DHCSR
[19:33:35.194]        // -> [Write32(0xE000EDF0, 0xA05F0001)] (__dp=0, __ap=0)
[19:33:35.194]      Write32(0xE0042004, DbgMCU_CR);                                         // DBGMCU_CR: Configure MCU Debug
[19:33:35.196]        // -> [Write32(0xE0042004, 0x00000007)] (__dp=0, __ap=0)
[19:33:35.196]    </block>
[19:33:35.196]  </sequence>
[19:33:35.196]  
[21:12:02.609]  **********  Sequence "DebugDeviceUnlock"  (Context="Connect", Pname="", info="")
[21:12:02.609]  
[21:12:02.610]  <debugvars>
[21:12:02.610]    __protocol=0x00010002   (Protocol="SWD", SWJ-DP="True")
[21:12:02.610]    __connection=0x00000202   (Connection Type="Flash", Reset Type="System Reset")
[21:12:02.610]    __dp=0x00000000
[21:12:02.610]    __ap=0x00000000
[21:12:02.610]    __traceout=0x00000000   (Trace Disabled)
[21:12:02.610]    __errorcontrol=0x00000000   (Skip Errors="False")
[21:12:02.610]    __FlashAddr=0x00000000
[21:12:02.610]    __FlashLen=0x00000000
[21:12:02.610]    __FlashArg=0x00000000
[21:12:02.610]    __FlashOp=0x00000000
[21:12:02.610]    __Result=0x00000000
[21:12:02.610]    DbgMCU_CR=0x00000007
[21:12:02.610]  </debugvars>
[21:12:02.610]  
[21:12:02.610]  <sequence name="DebugDeviceUnlock" Pname="" disable="false" info="">
[21:12:02.610]    <block atomic="false" info="">
[21:12:02.610]      Sequence("CheckID");
[21:12:02.610]        <sequence name="CheckID" Pname="" disable="false" info="">
[21:12:02.610]          <block atomic="false" info="">
[21:12:02.610]            __var pidr1 = 0;
[21:12:02.611]              // -> [pidr1 <= 0x00000000]
[21:12:02.611]            __var pidr2 = 0;
[21:12:02.611]              // -> [pidr2 <= 0x00000000]
[21:12:02.611]            __var jep106id = 0;
[21:12:02.611]              // -> [jep106id <= 0x00000000]
[21:12:02.611]            __var ROMTableBase = 0;
[21:12:02.611]              // -> [ROMTableBase <= 0x00000000]
[21:12:02.611]            __ap = 0;      // AHB-AP
[21:12:02.611]              // -> [__ap <= 0x00000000]
[21:12:02.611]            ROMTableBase = ReadAP(0xF8) & ~0x3;
[21:12:02.612]              // -> [ReadAP(0x000000F8) => 0xE00FF003] (__dp=0, __ap=0)
[21:12:02.613]              // -> [ROMTableBase <= 0xE00FF000]
[21:12:02.613]            pidr1 = Read32(ROMTableBase + 0x0FE4);
[21:12:02.616]              // -> [Read32(0xE00FFFE4) => 0x00000004] (__dp=0, __ap=0)
[21:12:02.616]              // -> [pidr1 <= 0x00000004]
[21:12:02.616]            pidr2 = Read32(ROMTableBase + 0x0FE8);
[21:12:02.619]              // -> [Read32(0xE00FFFE8) => 0x0000000A] (__dp=0, __ap=0)
[21:12:02.619]              // -> [pidr2 <= 0x0000000A]
[21:12:02.619]            jep106id = ((pidr2 & 0x7) << 4 ) | ((pidr1 >> 4) & 0xF);
[21:12:02.619]              // -> [jep106id <= 0x00000020]
[21:12:02.620]          </block>
[21:12:02.620]          <control if="jep106id != 0x20" while="" timeout="0" info="">
[21:12:02.620]            // if-block "jep106id != 0x20"
[21:12:02.620]              // =>  FALSE
[21:12:02.620]            // skip if-block "jep106id != 0x20"
[21:12:02.620]          </control>
[21:12:02.620]        </sequence>
[21:12:02.620]    </block>
[21:12:02.620]  </sequence>
[21:12:02.620]  
[21:12:02.661]  **********  Sequence "DebugCoreStart"  (Context="Connect", Pname="", info="")
[21:12:02.661]  
[21:12:02.661]  <debugvars>
[21:12:02.661]    __protocol=0x00010002   (Protocol="SWD", SWJ-DP="True")
[21:12:02.661]    __connection=0x00000202   (Connection Type="Flash", Reset Type="System Reset")
[21:12:02.661]    __dp=0x00000000
[21:12:02.661]    __ap=0x00000000
[21:12:02.661]    __traceout=0x00000000   (Trace Disabled)
[21:12:02.661]    __errorcontrol=0x00000000   (Skip Errors="False")
[21:12:02.661]    __FlashAddr=0x00000000
[21:12:02.661]    __FlashLen=0x00000000
[21:12:02.661]    __FlashArg=0x00000000
[21:12:02.661]    __FlashOp=0x00000000
[21:12:02.661]    __Result=0x00000000
[21:12:02.661]    DbgMCU_CR=0x00000007
[21:12:02.661]  </debugvars>
[21:12:02.662]  
[21:12:02.662]  <sequence name="DebugCoreStart" Pname="" disable="false" info="">
[21:12:02.662]    <block atomic="false" info="">
[21:12:02.662]      Write32(0xE000EDF0, 0xA05F0001);                                        // Enable Core Debug via DHCSR
[21:12:02.664]        // -> [Write32(0xE000EDF0, 0xA05F0001)] (__dp=0, __ap=0)
[21:12:02.664]      Write32(0xE0042004, DbgMCU_CR);                                         // DBGMCU_CR: Configure MCU Debug
[21:12:02.667]        // -> [Write32(0xE0042004, 0x00000007)] (__dp=0, __ap=0)
[21:12:02.667]    </block>
[21:12:02.667]  </sequence>
[21:12:02.667]  
[21:31:51.393]  **********  Sequence "DebugDeviceUnlock"  (Context="Connect", Pname="", info="")
[21:31:51.393]  
[21:31:51.393]  <debugvars>
[21:31:51.394]    __protocol=0x00010002   (Protocol="SWD", SWJ-DP="True")
[21:31:51.394]    __connection=0x00000202   (Connection Type="Flash", Reset Type="System Reset")
[21:31:51.394]    __dp=0x00000000
[21:31:51.394]    __ap=0x00000000
[21:31:51.394]    __traceout=0x00000000   (Trace Disabled)
[21:31:51.394]    __errorcontrol=0x00000000   (Skip Errors="False")
[21:31:51.394]    __FlashAddr=0x00000000
[21:31:51.394]    __FlashLen=0x00000000
[21:31:51.394]    __FlashArg=0x00000000
[21:31:51.394]    __FlashOp=0x00000000
[21:31:51.394]    __Result=0x00000000
[21:31:51.394]    DbgMCU_CR=0x00000007
[21:31:51.394]  </debugvars>
[21:31:51.394]  
[21:31:51.394]  <sequence name="DebugDeviceUnlock" Pname="" disable="false" info="">
[21:31:51.395]    <block atomic="false" info="">
[21:31:51.395]      Sequence("CheckID");
[21:31:51.395]        <sequence name="CheckID" Pname="" disable="false" info="">
[21:31:51.395]          <block atomic="false" info="">
[21:31:51.395]            __var pidr1 = 0;
[21:31:51.395]              // -> [pidr1 <= 0x00000000]
[21:31:51.395]            __var pidr2 = 0;
[21:31:51.395]              // -> [pidr2 <= 0x00000000]
[21:31:51.395]            __var jep106id = 0;
[21:31:51.395]              // -> [jep106id <= 0x00000000]
[21:31:51.395]            __var ROMTableBase = 0;
[21:31:51.395]              // -> [ROMTableBase <= 0x00000000]
[21:31:51.395]            __ap = 0;      // AHB-AP
[21:31:51.395]              // -> [__ap <= 0x00000000]
[21:31:51.395]            ROMTableBase = ReadAP(0xF8) & ~0x3;
[21:31:51.397]              // -> [ReadAP(0x000000F8) => 0xE00FF003] (__dp=0, __ap=0)
[21:31:51.397]              // -> [ROMTableBase <= 0xE00FF000]
[21:31:51.397]            pidr1 = Read32(ROMTableBase + 0x0FE4);
[21:31:51.400]              // -> [Read32(0xE00FFFE4) => 0x00000004] (__dp=0, __ap=0)
[21:31:51.401]              // -> [pidr1 <= 0x00000004]
[21:31:51.401]            pidr2 = Read32(ROMTableBase + 0x0FE8);
[21:31:51.403]              // -> [Read32(0xE00FFFE8) => 0x0000000A] (__dp=0, __ap=0)
[21:31:51.403]              // -> [pidr2 <= 0x0000000A]
[21:31:51.403]            jep106id = ((pidr2 & 0x7) << 4 ) | ((pidr1 >> 4) & 0xF);
[21:31:51.403]              // -> [jep106id <= 0x00000020]
[21:31:51.403]          </block>
[21:31:51.403]          <control if="jep106id != 0x20" while="" timeout="0" info="">
[21:31:51.403]            // if-block "jep106id != 0x20"
[21:31:51.403]              // =>  FALSE
[21:31:51.403]            // skip if-block "jep106id != 0x20"
[21:31:51.403]          </control>
[21:31:51.403]        </sequence>
[21:31:51.404]    </block>
[21:31:51.404]  </sequence>
[21:31:51.404]  
[21:31:51.447]  **********  Sequence "DebugCoreStart"  (Context="Connect", Pname="", info="")
[21:31:51.447]  
[21:31:51.447]  <debugvars>
[21:31:51.447]    __protocol=0x00010002   (Protocol="SWD", SWJ-DP="True")
[21:31:51.447]    __connection=0x00000202   (Connection Type="Flash", Reset Type="System Reset")
[21:31:51.447]    __dp=0x00000000
[21:31:51.447]    __ap=0x00000000
[21:31:51.447]    __traceout=0x00000000   (Trace Disabled)
[21:31:51.447]    __errorcontrol=0x00000000   (Skip Errors="False")
[21:31:51.447]    __FlashAddr=0x00000000
[21:31:51.447]    __FlashLen=0x00000000
[21:31:51.447]    __FlashArg=0x00000000
[21:31:51.447]    __FlashOp=0x00000000
[21:31:51.447]    __Result=0x00000000
[21:31:51.447]    DbgMCU_CR=0x00000007
[21:31:51.447]  </debugvars>
[21:31:51.447]  
[21:31:51.447]  <sequence name="DebugCoreStart" Pname="" disable="false" info="">
[21:31:51.447]    <block atomic="false" info="">
[21:31:51.447]      Write32(0xE000EDF0, 0xA05F0001);                                        // Enable Core Debug via DHCSR
[21:31:51.450]        // -> [Write32(0xE000EDF0, 0xA05F0001)] (__dp=0, __ap=0)
[21:31:51.450]      Write32(0xE0042004, DbgMCU_CR);                                         // DBGMCU_CR: Configure MCU Debug
[21:31:51.452]        // -> [Write32(0xE0042004, 0x00000007)] (__dp=0, __ap=0)
[21:31:51.452]    </block>
[21:31:51.453]  </sequence>
[21:31:51.453]  
[21:39:15.410]  **********  Sequence "DebugDeviceUnlock"  (Context="Connect", Pname="", info="")
[21:39:15.410]  
[21:39:15.411]  <debugvars>
[21:39:15.411]    __protocol=0x00010002   (Protocol="SWD", SWJ-DP="True")
[21:39:15.411]    __connection=0x00000202   (Connection Type="Flash", Reset Type="System Reset")
[21:39:15.411]    __dp=0x00000000
[21:39:15.411]    __ap=0x00000000
[21:39:15.411]    __traceout=0x00000000   (Trace Disabled)
[21:39:15.411]    __errorcontrol=0x00000000   (Skip Errors="False")
[21:39:15.411]    __FlashAddr=0x00000000
[21:39:15.411]    __FlashLen=0x00000000
[21:39:15.411]    __FlashArg=0x00000000
[21:39:15.411]    __FlashOp=0x00000000
[21:39:15.411]    __Result=0x00000000
[21:39:15.412]    DbgMCU_CR=0x00000007
[21:39:15.412]  </debugvars>
[21:39:15.412]  
[21:39:15.412]  <sequence name="DebugDeviceUnlock" Pname="" disable="false" info="">
[21:39:15.412]    <block atomic="false" info="">
[21:39:15.412]      Sequence("CheckID");
[21:39:15.412]        <sequence name="CheckID" Pname="" disable="false" info="">
[21:39:15.412]          <block atomic="false" info="">
[21:39:15.412]            __var pidr1 = 0;
[21:39:15.412]              // -> [pidr1 <= 0x00000000]
[21:39:15.412]            __var pidr2 = 0;
[21:39:15.412]              // -> [pidr2 <= 0x00000000]
[21:39:15.412]            __var jep106id = 0;
[21:39:15.412]              // -> [jep106id <= 0x00000000]
[21:39:15.412]            __var ROMTableBase = 0;
[21:39:15.412]              // -> [ROMTableBase <= 0x00000000]
[21:39:15.412]            __ap = 0;      // AHB-AP
[21:39:15.412]              // -> [__ap <= 0x00000000]
[21:39:15.412]            ROMTableBase = ReadAP(0xF8) & ~0x3;
[21:39:15.414]              // -> [ReadAP(0x000000F8) => 0xE00FF003] (__dp=0, __ap=0)
[21:39:15.414]              // -> [ROMTableBase <= 0xE00FF000]
[21:39:15.414]            pidr1 = Read32(ROMTableBase + 0x0FE4);
[21:39:15.418]              // -> [Read32(0xE00FFFE4) => 0x00000004] (__dp=0, __ap=0)
[21:39:15.419]              // -> [pidr1 <= 0x00000004]
[21:39:15.419]            pidr2 = Read32(ROMTableBase + 0x0FE8);
[21:39:15.421]              // -> [Read32(0xE00FFFE8) => 0x0000000A] (__dp=0, __ap=0)
[21:39:15.421]              // -> [pidr2 <= 0x0000000A]
[21:39:15.421]            jep106id = ((pidr2 & 0x7) << 4 ) | ((pidr1 >> 4) & 0xF);
[21:39:15.421]              // -> [jep106id <= 0x00000020]
[21:39:15.421]          </block>
[21:39:15.421]          <control if="jep106id != 0x20" while="" timeout="0" info="">
[21:39:15.421]            // if-block "jep106id != 0x20"
[21:39:15.422]              // =>  FALSE
[21:39:15.422]            // skip if-block "jep106id != 0x20"
[21:39:15.422]          </control>
[21:39:15.422]        </sequence>
[21:39:15.422]    </block>
[21:39:15.422]  </sequence>
[21:39:15.422]  
[21:39:15.465]  **********  Sequence "DebugCoreStart"  (Context="Connect", Pname="", info="")
[21:39:15.465]  
[21:39:15.465]  <debugvars>
[21:39:15.466]    __protocol=0x00010002   (Protocol="SWD", SWJ-DP="True")
[21:39:15.466]    __connection=0x00000202   (Connection Type="Flash", Reset Type="System Reset")
[21:39:15.466]    __dp=0x00000000
[21:39:15.466]    __ap=0x00000000
[21:39:15.466]    __traceout=0x00000000   (Trace Disabled)
[21:39:15.466]    __errorcontrol=0x00000000   (Skip Errors="False")
[21:39:15.466]    __FlashAddr=0x00000000
[21:39:15.466]    __FlashLen=0x00000000
[21:39:15.466]    __FlashArg=0x00000000
[21:39:15.466]    __FlashOp=0x00000000
[21:39:15.466]    __Result=0x00000000
[21:39:15.466]    DbgMCU_CR=0x00000007
[21:39:15.466]  </debugvars>
[21:39:15.466]  
[21:39:15.466]  <sequence name="DebugCoreStart" Pname="" disable="false" info="">
[21:39:15.466]    <block atomic="false" info="">
[21:39:15.466]      Write32(0xE000EDF0, 0xA05F0001);                                        // Enable Core Debug via DHCSR
[21:39:15.469]        // -> [Write32(0xE000EDF0, 0xA05F0001)] (__dp=0, __ap=0)
[21:39:15.469]      Write32(0xE0042004, DbgMCU_CR);                                         // DBGMCU_CR: Configure MCU Debug
[21:39:15.472]        // -> [Write32(0xE0042004, 0x00000007)] (__dp=0, __ap=0)
[21:39:15.472]    </block>
[21:39:15.472]  </sequence>
[21:39:15.472]  
[21:40:35.658]  **********  Sequence "DebugDeviceUnlock"  (Context="Connect", Pname="", info="")
[21:40:35.659]  
[21:40:35.659]  <debugvars>
[21:40:35.659]    __protocol=0x00010002   (Protocol="SWD", SWJ-DP="True")
[21:40:35.660]    __connection=0x00000202   (Connection Type="Flash", Reset Type="System Reset")
[21:40:35.660]    __dp=0x00000000
[21:40:35.660]    __ap=0x00000000
[21:40:35.660]    __traceout=0x00000000   (Trace Disabled)
[21:40:35.660]    __errorcontrol=0x00000000   (Skip Errors="False")
[21:40:35.660]    __FlashAddr=0x00000000
[21:40:35.660]    __FlashLen=0x00000000
[21:40:35.660]    __FlashArg=0x00000000
[21:40:35.660]    __FlashOp=0x00000000
[21:40:35.660]    __Result=0x00000000
[21:40:35.660]    DbgMCU_CR=0x00000007
[21:40:35.660]  </debugvars>
[21:40:35.660]  
[21:40:35.660]  <sequence name="DebugDeviceUnlock" Pname="" disable="false" info="">
[21:40:35.660]    <block atomic="false" info="">
[21:40:35.660]      Sequence("CheckID");
[21:40:35.660]        <sequence name="CheckID" Pname="" disable="false" info="">
[21:40:35.660]          <block atomic="false" info="">
[21:40:35.660]            __var pidr1 = 0;
[21:40:35.660]              // -> [pidr1 <= 0x00000000]
[21:40:35.661]            __var pidr2 = 0;
[21:40:35.661]              // -> [pidr2 <= 0x00000000]
[21:40:35.661]            __var jep106id = 0;
[21:40:35.661]              // -> [jep106id <= 0x00000000]
[21:40:35.661]            __var ROMTableBase = 0;
[21:40:35.661]              // -> [ROMTableBase <= 0x00000000]
[21:40:35.661]            __ap = 0;      // AHB-AP
[21:40:35.661]              // -> [__ap <= 0x00000000]
[21:40:35.661]            ROMTableBase = ReadAP(0xF8) & ~0x3;
[21:40:35.663]              // -> [ReadAP(0x000000F8) => 0xE00FF003] (__dp=0, __ap=0)
[21:40:35.663]              // -> [ROMTableBase <= 0xE00FF000]
[21:40:35.663]            pidr1 = Read32(ROMTableBase + 0x0FE4);
[21:40:35.667]              // -> [Read32(0xE00FFFE4) => 0x00000004] (__dp=0, __ap=0)
[21:40:35.667]              // -> [pidr1 <= 0x00000004]
[21:40:35.667]            pidr2 = Read32(ROMTableBase + 0x0FE8);
[21:40:35.669]              // -> [Read32(0xE00FFFE8) => 0x0000000A] (__dp=0, __ap=0)
[21:40:35.669]              // -> [pidr2 <= 0x0000000A]
[21:40:35.669]            jep106id = ((pidr2 & 0x7) << 4 ) | ((pidr1 >> 4) & 0xF);
[21:40:35.670]              // -> [jep106id <= 0x00000020]
[21:40:35.670]          </block>
[21:40:35.670]          <control if="jep106id != 0x20" while="" timeout="0" info="">
[21:40:35.670]            // if-block "jep106id != 0x20"
[21:40:35.670]              // =>  FALSE
[21:40:35.670]            // skip if-block "jep106id != 0x20"
[21:40:35.670]          </control>
[21:40:35.670]        </sequence>
[21:40:35.670]    </block>
[21:40:35.670]  </sequence>
[21:40:35.670]  
[21:40:35.711]  **********  Sequence "DebugCoreStart"  (Context="Connect", Pname="", info="")
[21:40:35.711]  
[21:40:35.711]  <debugvars>
[21:40:35.711]    __protocol=0x00010002   (Protocol="SWD", SWJ-DP="True")
[21:40:35.711]    __connection=0x00000202   (Connection Type="Flash", Reset Type="System Reset")
[21:40:35.711]    __dp=0x00000000
[21:40:35.711]    __ap=0x00000000
[21:40:35.711]    __traceout=0x00000000   (Trace Disabled)
[21:40:35.711]    __errorcontrol=0x00000000   (Skip Errors="False")
[21:40:35.711]    __FlashAddr=0x00000000
[21:40:35.711]    __FlashLen=0x00000000
[21:40:35.712]    __FlashArg=0x00000000
[21:40:35.712]    __FlashOp=0x00000000
[21:40:35.712]    __Result=0x00000000
[21:40:35.712]    DbgMCU_CR=0x00000007
[21:40:35.712]  </debugvars>
[21:40:35.712]  
[21:40:35.712]  <sequence name="DebugCoreStart" Pname="" disable="false" info="">
[21:40:35.712]    <block atomic="false" info="">
[21:40:35.712]      Write32(0xE000EDF0, 0xA05F0001);                                        // Enable Core Debug via DHCSR
[21:40:35.714]        // -> [Write32(0xE000EDF0, 0xA05F0001)] (__dp=0, __ap=0)
[21:40:35.714]      Write32(0xE0042004, DbgMCU_CR);                                         // DBGMCU_CR: Configure MCU Debug
[21:40:35.717]        // -> [Write32(0xE0042004, 0x00000007)] (__dp=0, __ap=0)
[21:40:35.718]    </block>
[21:40:35.718]  </sequence>
[21:40:35.718]  
[21:46:36.817]  **********  Sequence "DebugDeviceUnlock"  (Context="Connect", Pname="", info="")
[21:46:36.817]  
[21:46:36.818]  <debugvars>
[21:46:36.818]    __protocol=0x00010002   (Protocol="SWD", SWJ-DP="True")
[21:46:36.818]    __connection=0x00000202   (Connection Type="Flash", Reset Type="System Reset")
[21:46:36.818]    __dp=0x00000000
[21:46:36.818]    __ap=0x00000000
[21:46:36.819]    __traceout=0x00000000   (Trace Disabled)
[21:46:36.819]    __errorcontrol=0x00000000   (Skip Errors="False")
[21:46:36.819]    __FlashAddr=0x00000000
[21:46:36.819]    __FlashLen=0x00000000
[21:46:36.819]    __FlashArg=0x00000000
[21:46:36.819]    __FlashOp=0x00000000
[21:46:36.819]    __Result=0x00000000
[21:46:36.819]    DbgMCU_CR=0x00000007
[21:46:36.819]  </debugvars>
[21:46:36.819]  
[21:46:36.819]  <sequence name="DebugDeviceUnlock" Pname="" disable="false" info="">
[21:46:36.819]    <block atomic="false" info="">
[21:46:36.819]      Sequence("CheckID");
[21:46:36.819]        <sequence name="CheckID" Pname="" disable="false" info="">
[21:46:36.819]          <block atomic="false" info="">
[21:46:36.819]            __var pidr1 = 0;
[21:46:36.819]              // -> [pidr1 <= 0x00000000]
[21:46:36.819]            __var pidr2 = 0;
[21:46:36.819]              // -> [pidr2 <= 0x00000000]
[21:46:36.819]            __var jep106id = 0;
[21:46:36.819]              // -> [jep106id <= 0x00000000]
[21:46:36.820]            __var ROMTableBase = 0;
[21:46:36.820]              // -> [ROMTableBase <= 0x00000000]
[21:46:36.820]            __ap = 0;      // AHB-AP
[21:46:36.820]              // -> [__ap <= 0x00000000]
[21:46:36.820]            ROMTableBase = ReadAP(0xF8) & ~0x3;
[21:46:36.822]              // -> [ReadAP(0x000000F8) => 0xE00FF003] (__dp=0, __ap=0)
[21:46:36.822]              // -> [ROMTableBase <= 0xE00FF000]
[21:46:36.822]            pidr1 = Read32(ROMTableBase + 0x0FE4);
[21:46:36.825]              // -> [Read32(0xE00FFFE4) => 0x00000004] (__dp=0, __ap=0)
[21:46:36.825]              // -> [pidr1 <= 0x00000004]
[21:46:36.826]            pidr2 = Read32(ROMTableBase + 0x0FE8);
[21:46:36.828]              // -> [Read32(0xE00FFFE8) => 0x0000000A] (__dp=0, __ap=0)
[21:46:36.828]              // -> [pidr2 <= 0x0000000A]
[21:46:36.828]            jep106id = ((pidr2 & 0x7) << 4 ) | ((pidr1 >> 4) & 0xF);
[21:46:36.828]              // -> [jep106id <= 0x00000020]
[21:46:36.828]          </block>
[21:46:36.828]          <control if="jep106id != 0x20" while="" timeout="0" info="">
[21:46:36.828]            // if-block "jep106id != 0x20"
[21:46:36.828]              // =>  FALSE
[21:46:36.829]            // skip if-block "jep106id != 0x20"
[21:46:36.829]          </control>
[21:46:36.829]        </sequence>
[21:46:36.829]    </block>
[21:46:36.829]  </sequence>
[21:46:36.829]  
[21:46:36.878]  **********  Sequence "DebugCoreStart"  (Context="Connect", Pname="", info="")
[21:46:36.878]  
[21:46:36.878]  <debugvars>
[21:46:36.878]    __protocol=0x00010002   (Protocol="SWD", SWJ-DP="True")
[21:46:36.878]    __connection=0x00000202   (Connection Type="Flash", Reset Type="System Reset")
[21:46:36.878]    __dp=0x00000000
[21:46:36.878]    __ap=0x00000000
[21:46:36.878]    __traceout=0x00000000   (Trace Disabled)
[21:46:36.878]    __errorcontrol=0x00000000   (Skip Errors="False")
[21:46:36.878]    __FlashAddr=0x00000000
[21:46:36.878]    __FlashLen=0x00000000
[21:46:36.878]    __FlashArg=0x00000000
[21:46:36.878]    __FlashOp=0x00000000
[21:46:36.878]    __Result=0x00000000
[21:46:36.878]    DbgMCU_CR=0x00000007
[21:46:36.878]  </debugvars>
[21:46:36.878]  
[21:46:36.878]  <sequence name="DebugCoreStart" Pname="" disable="false" info="">
[21:46:36.878]    <block atomic="false" info="">
[21:46:36.878]      Write32(0xE000EDF0, 0xA05F0001);                                        // Enable Core Debug via DHCSR
[21:46:36.881]        // -> [Write32(0xE000EDF0, 0xA05F0001)] (__dp=0, __ap=0)
[21:46:36.882]      Write32(0xE0042004, DbgMCU_CR);                                         // DBGMCU_CR: Configure MCU Debug
[21:46:36.884]        // -> [Write32(0xE0042004, 0x00000007)] (__dp=0, __ap=0)
[21:46:36.884]    </block>
[21:46:36.884]  </sequence>
[21:46:36.884]  
[21:47:00.158]  **********  Sequence "DebugDeviceUnlock"  (Context="Connect", Pname="", info="")
[21:47:00.158]  
[21:47:00.159]  <debugvars>
[21:47:00.159]    __protocol=0x00010002   (Protocol="SWD", SWJ-DP="True")
[21:47:00.159]    __connection=0x00000202   (Connection Type="Flash", Reset Type="System Reset")
[21:47:00.159]    __dp=0x00000000
[21:47:00.159]    __ap=0x00000000
[21:47:00.159]    __traceout=0x00000000   (Trace Disabled)
[21:47:00.159]    __errorcontrol=0x00000000   (Skip Errors="False")
[21:47:00.159]    __FlashAddr=0x00000000
[21:47:00.159]    __FlashLen=0x00000000
[21:47:00.159]    __FlashArg=0x00000000
[21:47:00.159]    __FlashOp=0x00000000
[21:47:00.159]    __Result=0x00000000
[21:47:00.160]    DbgMCU_CR=0x00000007
[21:47:00.160]  </debugvars>
[21:47:00.160]  
[21:47:00.160]  <sequence name="DebugDeviceUnlock" Pname="" disable="false" info="">
[21:47:00.160]    <block atomic="false" info="">
[21:47:00.160]      Sequence("CheckID");
[21:47:00.160]        <sequence name="CheckID" Pname="" disable="false" info="">
[21:47:00.160]          <block atomic="false" info="">
[21:47:00.160]            __var pidr1 = 0;
[21:47:00.160]              // -> [pidr1 <= 0x00000000]
[21:47:00.160]            __var pidr2 = 0;
[21:47:00.160]              // -> [pidr2 <= 0x00000000]
[21:47:00.160]            __var jep106id = 0;
[21:47:00.160]              // -> [jep106id <= 0x00000000]
[21:47:00.160]            __var ROMTableBase = 0;
[21:47:00.160]              // -> [ROMTableBase <= 0x00000000]
[21:47:00.160]            __ap = 0;      // AHB-AP
[21:47:00.160]              // -> [__ap <= 0x00000000]
[21:47:00.160]            ROMTableBase = ReadAP(0xF8) & ~0x3;
[21:47:00.162]              // -> [ReadAP(0x000000F8) => 0xE00FF003] (__dp=0, __ap=0)
[21:47:00.162]              // -> [ROMTableBase <= 0xE00FF000]
[21:47:00.162]            pidr1 = Read32(ROMTableBase + 0x0FE4);
[21:47:00.171]              // -> [Read32(0xE00FFFE4) => 0x00000004] (__dp=0, __ap=0)
[21:47:00.171]              // -> [pidr1 <= 0x00000004]
[21:47:00.171]            pidr2 = Read32(ROMTableBase + 0x0FE8);
[21:47:00.174]              // -> [Read32(0xE00FFFE8) => 0x0000000A] (__dp=0, __ap=0)
[21:47:00.174]              // -> [pidr2 <= 0x0000000A]
[21:47:00.174]            jep106id = ((pidr2 & 0x7) << 4 ) | ((pidr1 >> 4) & 0xF);
[21:47:00.174]              // -> [jep106id <= 0x00000020]
[21:47:00.174]          </block>
[21:47:00.174]          <control if="jep106id != 0x20" while="" timeout="0" info="">
[21:47:00.174]            // if-block "jep106id != 0x20"
[21:47:00.174]              // =>  FALSE
[21:47:00.175]            // skip if-block "jep106id != 0x20"
[21:47:00.175]          </control>
[21:47:00.175]        </sequence>
[21:47:00.175]    </block>
[21:47:00.175]  </sequence>
[21:47:00.175]  
[21:47:00.216]  **********  Sequence "DebugCoreStart"  (Context="Connect", Pname="", info="")
[21:47:00.216]  
[21:47:00.217]  <debugvars>
[21:47:00.217]    __protocol=0x00010002   (Protocol="SWD", SWJ-DP="True")
[21:47:00.217]    __connection=0x00000202   (Connection Type="Flash", Reset Type="System Reset")
[21:47:00.217]    __dp=0x00000000
[21:47:00.217]    __ap=0x00000000
[21:47:00.217]    __traceout=0x00000000   (Trace Disabled)
[21:47:00.217]    __errorcontrol=0x00000000   (Skip Errors="False")
[21:47:00.217]    __FlashAddr=0x00000000
[21:47:00.217]    __FlashLen=0x00000000
[21:47:00.217]    __FlashArg=0x00000000
[21:47:00.217]    __FlashOp=0x00000000
[21:47:00.217]    __Result=0x00000000
[21:47:00.217]    DbgMCU_CR=0x00000007
[21:47:00.217]  </debugvars>
[21:47:00.217]  
[21:47:00.217]  <sequence name="DebugCoreStart" Pname="" disable="false" info="">
[21:47:00.217]    <block atomic="false" info="">
[21:47:00.217]      Write32(0xE000EDF0, 0xA05F0001);                                        // Enable Core Debug via DHCSR
[21:47:00.220]        // -> [Write32(0xE000EDF0, 0xA05F0001)] (__dp=0, __ap=0)
[21:47:00.220]      Write32(0xE0042004, DbgMCU_CR);                                         // DBGMCU_CR: Configure MCU Debug
[21:47:00.222]        // -> [Write32(0xE0042004, 0x00000007)] (__dp=0, __ap=0)
[21:47:00.222]    </block>
[21:47:00.223]  </sequence>
[21:47:00.223]  
[22:03:17.826]  **********  Sequence "DebugDeviceUnlock"  (Context="Connect", Pname="", info="")
[22:03:17.826]  
[22:03:17.827]  <debugvars>
[22:03:17.827]    __protocol=0x00010002   (Protocol="SWD", SWJ-DP="True")
[22:03:17.827]    __connection=0x00000202   (Connection Type="Flash", Reset Type="System Reset")
[22:03:17.827]    __dp=0x00000000
[22:03:17.827]    __ap=0x00000000
[22:03:17.827]    __traceout=0x00000000   (Trace Disabled)
[22:03:17.827]    __errorcontrol=0x00000000   (Skip Errors="False")
[22:03:17.827]    __FlashAddr=0x00000000
[22:03:17.828]    __FlashLen=0x00000000
[22:03:17.828]    __FlashArg=0x00000000
[22:03:17.828]    __FlashOp=0x00000000
[22:03:17.828]    __Result=0x00000000
[22:03:17.828]    DbgMCU_CR=0x00000007
[22:03:17.828]  </debugvars>
[22:03:17.828]  
[22:03:17.828]  <sequence name="DebugDeviceUnlock" Pname="" disable="false" info="">
[22:03:17.828]    <block atomic="false" info="">
[22:03:17.828]      Sequence("CheckID");
[22:03:17.828]        <sequence name="CheckID" Pname="" disable="false" info="">
[22:03:17.828]          <block atomic="false" info="">
[22:03:17.828]            __var pidr1 = 0;
[22:03:17.828]              // -> [pidr1 <= 0x00000000]
[22:03:17.828]            __var pidr2 = 0;
[22:03:17.828]              // -> [pidr2 <= 0x00000000]
[22:03:17.829]            __var jep106id = 0;
[22:03:17.829]              // -> [jep106id <= 0x00000000]
[22:03:17.829]            __var ROMTableBase = 0;
[22:03:17.829]              // -> [ROMTableBase <= 0x00000000]
[22:03:17.829]            __ap = 0;      // AHB-AP
[22:03:17.829]              // -> [__ap <= 0x00000000]
[22:03:17.829]            ROMTableBase = ReadAP(0xF8) & ~0x3;
[22:03:17.831]              // -> [ReadAP(0x000000F8) => 0xE00FF003] (__dp=0, __ap=0)
[22:03:17.831]              // -> [ROMTableBase <= 0xE00FF000]
[22:03:17.831]            pidr1 = Read32(ROMTableBase + 0x0FE4);
[22:03:17.834]              // -> [Read32(0xE00FFFE4) => 0x00000004] (__dp=0, __ap=0)
[22:03:17.834]              // -> [pidr1 <= 0x00000004]
[22:03:17.834]            pidr2 = Read32(ROMTableBase + 0x0FE8);
[22:03:17.836]              // -> [Read32(0xE00FFFE8) => 0x0000000A] (__dp=0, __ap=0)
[22:03:17.836]              // -> [pidr2 <= 0x0000000A]
[22:03:17.836]            jep106id = ((pidr2 & 0x7) << 4 ) | ((pidr1 >> 4) & 0xF);
[22:03:17.836]              // -> [jep106id <= 0x00000020]
[22:03:17.836]          </block>
[22:03:17.836]          <control if="jep106id != 0x20" while="" timeout="0" info="">
[22:03:17.836]            // if-block "jep106id != 0x20"
[22:03:17.836]              // =>  FALSE
[22:03:17.836]            // skip if-block "jep106id != 0x20"
[22:03:17.836]          </control>
[22:03:17.836]        </sequence>
[22:03:17.837]    </block>
[22:03:17.838]  </sequence>
[22:03:17.838]  
[22:03:17.877]  **********  Sequence "DebugCoreStart"  (Context="Connect", Pname="", info="")
[22:03:17.877]  
[22:03:17.877]  <debugvars>
[22:03:17.877]    __protocol=0x00010002   (Protocol="SWD", SWJ-DP="True")
[22:03:17.877]    __connection=0x00000202   (Connection Type="Flash", Reset Type="System Reset")
[22:03:17.877]    __dp=0x00000000
[22:03:17.877]    __ap=0x00000000
[22:03:17.877]    __traceout=0x00000000   (Trace Disabled)
[22:03:17.877]    __errorcontrol=0x00000000   (Skip Errors="False")
[22:03:17.878]    __FlashAddr=0x00000000
[22:03:17.878]    __FlashLen=0x00000000
[22:03:17.878]    __FlashArg=0x00000000
[22:03:17.878]    __FlashOp=0x00000000
[22:03:17.878]    __Result=0x00000000
[22:03:17.878]    DbgMCU_CR=0x00000007
[22:03:17.878]  </debugvars>
[22:03:17.878]  
[22:03:17.878]  <sequence name="DebugCoreStart" Pname="" disable="false" info="">
[22:03:17.878]    <block atomic="false" info="">
[22:03:17.878]      Write32(0xE000EDF0, 0xA05F0001);                                        // Enable Core Debug via DHCSR
[22:03:17.881]        // -> [Write32(0xE000EDF0, 0xA05F0001)] (__dp=0, __ap=0)
[22:03:17.881]      Write32(0xE0042004, DbgMCU_CR);                                         // DBGMCU_CR: Configure MCU Debug
[22:03:17.883]        // -> [Write32(0xE0042004, 0x00000007)] (__dp=0, __ap=0)
[22:03:17.883]    </block>
[22:03:17.883]  </sequence>
[22:03:17.883]  
[22:17:52.586]  **********  Sequence "DebugDeviceUnlock"  (Context="Connect", Pname="", info="")
[22:17:52.586]  
[22:17:52.586]  <debugvars>
[22:17:52.586]    __protocol=0x00010002   (Protocol="SWD", SWJ-DP="True")
[22:17:52.586]    __connection=0x00000202   (Connection Type="Flash", Reset Type="System Reset")
[22:17:52.586]    __dp=0x00000000
[22:17:52.586]    __ap=0x00000000
[22:17:52.586]    __traceout=0x00000000   (Trace Disabled)
[22:17:52.586]    __errorcontrol=0x00000000   (Skip Errors="False")
[22:17:52.586]    __FlashAddr=0x00000000
[22:17:52.586]    __FlashLen=0x00000000
[22:17:52.586]    __FlashArg=0x00000000
[22:17:52.586]    __FlashOp=0x00000000
[22:17:52.586]    __Result=0x00000000
[22:17:52.586]    DbgMCU_CR=0x00000007
[22:17:52.586]  </debugvars>
[22:17:52.586]  
[22:17:52.586]  <sequence name="DebugDeviceUnlock" Pname="" disable="false" info="">
[22:17:52.586]    <block atomic="false" info="">
[22:17:52.586]      Sequence("CheckID");
[22:17:52.586]        <sequence name="CheckID" Pname="" disable="false" info="">
[22:17:52.586]          <block atomic="false" info="">
[22:17:52.587]            __var pidr1 = 0;
[22:17:52.587]              // -> [pidr1 <= 0x00000000]
[22:17:52.587]            __var pidr2 = 0;
[22:17:52.587]              // -> [pidr2 <= 0x00000000]
[22:17:52.587]            __var jep106id = 0;
[22:17:52.587]              // -> [jep106id <= 0x00000000]
[22:17:52.587]            __var ROMTableBase = 0;
[22:17:52.587]              // -> [ROMTableBase <= 0x00000000]
[22:17:52.587]            __ap = 0;      // AHB-AP
[22:17:52.587]              // -> [__ap <= 0x00000000]
[22:17:52.587]            ROMTableBase = ReadAP(0xF8) & ~0x3;
[22:17:52.589]              // -> [ReadAP(0x000000F8) => 0xE00FF003] (__dp=0, __ap=0)
[22:17:52.589]              // -> [ROMTableBase <= 0xE00FF000]
[22:17:52.589]            pidr1 = Read32(ROMTableBase + 0x0FE4);
[22:17:52.593]              // -> [Read32(0xE00FFFE4) => 0x00000004] (__dp=0, __ap=0)
[22:17:52.593]              // -> [pidr1 <= 0x00000004]
[22:17:52.593]            pidr2 = Read32(ROMTableBase + 0x0FE8);
[22:17:52.597]              // -> [Read32(0xE00FFFE8) => 0x0000000A] (__dp=0, __ap=0)
[22:17:52.597]              // -> [pidr2 <= 0x0000000A]
[22:17:52.597]            jep106id = ((pidr2 & 0x7) << 4 ) | ((pidr1 >> 4) & 0xF);
[22:17:52.597]              // -> [jep106id <= 0x00000020]
[22:17:52.597]          </block>
[22:17:52.597]          <control if="jep106id != 0x20" while="" timeout="0" info="">
[22:17:52.597]            // if-block "jep106id != 0x20"
[22:17:52.597]              // =>  FALSE
[22:17:52.597]            // skip if-block "jep106id != 0x20"
[22:17:52.597]          </control>
[22:17:52.597]        </sequence>
[22:17:52.597]    </block>
[22:17:52.597]  </sequence>
[22:17:52.597]  
[22:17:52.638]  **********  Sequence "DebugCoreStart"  (Context="Connect", Pname="", info="")
[22:17:52.638]  
[22:17:52.638]  <debugvars>
[22:17:52.638]    __protocol=0x00010002   (Protocol="SWD", SWJ-DP="True")
[22:17:52.638]    __connection=0x00000202   (Connection Type="Flash", Reset Type="System Reset")
[22:17:52.638]    __dp=0x00000000
[22:17:52.639]    __ap=0x00000000
[22:17:52.639]    __traceout=0x00000000   (Trace Disabled)
[22:17:52.639]    __errorcontrol=0x00000000   (Skip Errors="False")
[22:17:52.639]    __FlashAddr=0x00000000
[22:17:52.639]    __FlashLen=0x00000000
[22:17:52.639]    __FlashArg=0x00000000
[22:17:52.639]    __FlashOp=0x00000000
[22:17:52.639]    __Result=0x00000000
[22:17:52.639]    DbgMCU_CR=0x00000007
[22:17:52.639]  </debugvars>
[22:17:52.639]  
[22:17:52.639]  <sequence name="DebugCoreStart" Pname="" disable="false" info="">
[22:17:52.639]    <block atomic="false" info="">
[22:17:52.639]      Write32(0xE000EDF0, 0xA05F0001);                                        // Enable Core Debug via DHCSR
[22:17:52.642]        // -> [Write32(0xE000EDF0, 0xA05F0001)] (__dp=0, __ap=0)
[22:17:52.642]      Write32(0xE0042004, DbgMCU_CR);                                         // DBGMCU_CR: Configure MCU Debug
[22:17:52.644]        // -> [Write32(0xE0042004, 0x00000007)] (__dp=0, __ap=0)
[22:17:52.644]    </block>
[22:17:52.644]  </sequence>
[22:17:52.645]  
[22:19:01.914]  **********  Sequence "DebugDeviceUnlock"  (Context="Connect", Pname="", info="")
[22:19:01.914]  
[22:19:01.914]  <debugvars>
[22:19:01.914]    __protocol=0x00010002   (Protocol="SWD", SWJ-DP="True")
[22:19:01.914]    __connection=0x00000202   (Connection Type="Flash", Reset Type="System Reset")
[22:19:01.914]    __dp=0x00000000
[22:19:01.914]    __ap=0x00000000
[22:19:01.915]    __traceout=0x00000000   (Trace Disabled)
[22:19:01.915]    __errorcontrol=0x00000000   (Skip Errors="False")
[22:19:01.915]    __FlashAddr=0x00000000
[22:19:01.915]    __FlashLen=0x00000000
[22:19:01.915]    __FlashArg=0x00000000
[22:19:01.915]    __FlashOp=0x00000000
[22:19:01.915]    __Result=0x00000000
[22:19:01.915]    DbgMCU_CR=0x00000007
[22:19:01.915]  </debugvars>
[22:19:01.915]  
[22:19:01.915]  <sequence name="DebugDeviceUnlock" Pname="" disable="false" info="">
[22:19:01.915]    <block atomic="false" info="">
[22:19:01.915]      Sequence("CheckID");
[22:19:01.915]        <sequence name="CheckID" Pname="" disable="false" info="">
[22:19:01.915]          <block atomic="false" info="">
[22:19:01.915]            __var pidr1 = 0;
[22:19:01.915]              // -> [pidr1 <= 0x00000000]
[22:19:01.915]            __var pidr2 = 0;
[22:19:01.916]              // -> [pidr2 <= 0x00000000]
[22:19:01.916]            __var jep106id = 0;
[22:19:01.916]              // -> [jep106id <= 0x00000000]
[22:19:01.916]            __var ROMTableBase = 0;
[22:19:01.916]              // -> [ROMTableBase <= 0x00000000]
[22:19:01.916]            __ap = 0;      // AHB-AP
[22:19:01.916]              // -> [__ap <= 0x00000000]
[22:19:01.916]            ROMTableBase = ReadAP(0xF8) & ~0x3;
[22:19:01.918]              // -> [ReadAP(0x000000F8) => 0xE00FF003] (__dp=0, __ap=0)
[22:19:01.918]              // -> [ROMTableBase <= 0xE00FF000]
[22:19:01.918]            pidr1 = Read32(ROMTableBase + 0x0FE4);
[22:19:01.920]              // -> [Read32(0xE00FFFE4) => 0x00000004] (__dp=0, __ap=0)
[22:19:01.921]              // -> [pidr1 <= 0x00000004]
[22:19:01.921]            pidr2 = Read32(ROMTableBase + 0x0FE8);
[22:19:01.923]              // -> [Read32(0xE00FFFE8) => 0x0000000A] (__dp=0, __ap=0)
[22:19:01.923]              // -> [pidr2 <= 0x0000000A]
[22:19:01.923]            jep106id = ((pidr2 & 0x7) << 4 ) | ((pidr1 >> 4) & 0xF);
[22:19:01.923]              // -> [jep106id <= 0x00000020]
[22:19:01.924]          </block>
[22:19:01.924]          <control if="jep106id != 0x20" while="" timeout="0" info="">
[22:19:01.924]            // if-block "jep106id != 0x20"
[22:19:01.924]              // =>  FALSE
[22:19:01.924]            // skip if-block "jep106id != 0x20"
[22:19:01.924]          </control>
[22:19:01.924]        </sequence>
[22:19:01.924]    </block>
[22:19:01.924]  </sequence>
[22:19:01.924]  
[22:19:01.964]  **********  Sequence "DebugCoreStart"  (Context="Connect", Pname="", info="")
[22:19:01.964]  
[22:19:01.965]  <debugvars>
[22:19:01.965]    __protocol=0x00010002   (Protocol="SWD", SWJ-DP="True")
[22:19:01.965]    __connection=0x00000202   (Connection Type="Flash", Reset Type="System Reset")
[22:19:01.965]    __dp=0x00000000
[22:19:01.965]    __ap=0x00000000
[22:19:01.965]    __traceout=0x00000000   (Trace Disabled)
[22:19:01.965]    __errorcontrol=0x00000000   (Skip Errors="False")
[22:19:01.965]    __FlashAddr=0x00000000
[22:19:01.965]    __FlashLen=0x00000000
[22:19:01.965]    __FlashArg=0x00000000
[22:19:01.965]    __FlashOp=0x00000000
[22:19:01.965]    __Result=0x00000000
[22:19:01.965]    DbgMCU_CR=0x00000007
[22:19:01.965]  </debugvars>
[22:19:01.965]  
[22:19:01.965]  <sequence name="DebugCoreStart" Pname="" disable="false" info="">
[22:19:01.965]    <block atomic="false" info="">
[22:19:01.965]      Write32(0xE000EDF0, 0xA05F0001);                                        // Enable Core Debug via DHCSR
[22:19:01.968]        // -> [Write32(0xE000EDF0, 0xA05F0001)] (__dp=0, __ap=0)
[22:19:01.968]      Write32(0xE0042004, DbgMCU_CR);                                         // DBGMCU_CR: Configure MCU Debug
[22:19:01.971]        // -> [Write32(0xE0042004, 0x00000007)] (__dp=0, __ap=0)
[22:19:01.971]    </block>
[22:19:01.971]  </sequence>
[22:19:01.971]  
[22:20:47.697]  **********  Sequence "DebugDeviceUnlock"  (Context="Connect", Pname="", info="")
[22:20:47.697]  
[22:20:47.698]  <debugvars>
[22:20:47.698]    __protocol=0x00010002   (Protocol="SWD", SWJ-DP="True")
[22:20:47.698]    __connection=0x00000201   (Connection Type="Debug", Reset Type="System Reset")
[22:20:47.698]    __dp=0x00000000
[22:20:47.698]    __ap=0x00000000
[22:20:47.698]    __traceout=0x00000000   (Trace Disabled)
[22:20:47.699]    __errorcontrol=0x00000000   (Skip Errors="False")
[22:20:47.699]    __FlashAddr=0x00000000
[22:20:47.699]    __FlashLen=0x00000000
[22:20:47.699]    __FlashArg=0x00000000
[22:20:47.699]    __FlashOp=0x00000000
[22:20:47.699]    __Result=0x00000000
[22:20:47.699]    DbgMCU_CR=0x00000007
[22:20:47.699]  </debugvars>
[22:20:47.699]  
[22:20:47.699]  <sequence name="DebugDeviceUnlock" Pname="" disable="false" info="">
[22:20:47.699]    <block atomic="false" info="">
[22:20:47.699]      Sequence("CheckID");
[22:20:47.699]        <sequence name="CheckID" Pname="" disable="false" info="">
[22:20:47.699]          <block atomic="false" info="">
[22:20:47.699]            __var pidr1 = 0;
[22:20:47.699]              // -> [pidr1 <= 0x00000000]
[22:20:47.699]            __var pidr2 = 0;
[22:20:47.699]              // -> [pidr2 <= 0x00000000]
[22:20:47.699]            __var jep106id = 0;
[22:20:47.700]              // -> [jep106id <= 0x00000000]
[22:20:47.700]            __var ROMTableBase = 0;
[22:20:47.700]              // -> [ROMTableBase <= 0x00000000]
[22:20:47.700]            __ap = 0;      // AHB-AP
[22:20:47.700]              // -> [__ap <= 0x00000000]
[22:20:47.700]            ROMTableBase = ReadAP(0xF8) & ~0x3;
[22:20:47.702]              // -> [ReadAP(0x000000F8) => 0xE00FF003] (__dp=0, __ap=0)
[22:20:47.702]              // -> [ROMTableBase <= 0xE00FF000]
[22:20:47.702]            pidr1 = Read32(ROMTableBase + 0x0FE4);
[22:20:47.705]              // -> [Read32(0xE00FFFE4) => 0x00000004] (__dp=0, __ap=0)
[22:20:47.706]              // -> [pidr1 <= 0x00000004]
[22:20:47.706]            pidr2 = Read32(ROMTableBase + 0x0FE8);
[22:20:47.708]              // -> [Read32(0xE00FFFE8) => 0x0000000A] (__dp=0, __ap=0)
[22:20:47.708]              // -> [pidr2 <= 0x0000000A]
[22:20:47.708]            jep106id = ((pidr2 & 0x7) << 4 ) | ((pidr1 >> 4) & 0xF);
[22:20:47.708]              // -> [jep106id <= 0x00000020]
[22:20:47.708]          </block>
[22:20:47.708]          <control if="jep106id != 0x20" while="" timeout="0" info="">
[22:20:47.708]            // if-block "jep106id != 0x20"
[22:20:47.709]              // =>  FALSE
[22:20:47.709]            // skip if-block "jep106id != 0x20"
[22:20:47.709]          </control>
[22:20:47.709]        </sequence>
[22:20:47.709]    </block>
[22:20:47.709]  </sequence>
[22:20:47.709]  
[22:20:47.751]  **********  Sequence "DebugCoreStart"  (Context="Connect", Pname="", info="")
[22:20:47.751]  
[22:20:47.751]  <debugvars>
[22:20:47.751]    __protocol=0x00010002   (Protocol="SWD", SWJ-DP="True")
[22:20:47.751]    __connection=0x00000201   (Connection Type="Debug", Reset Type="System Reset")
[22:20:47.751]    __dp=0x00000000
[22:20:47.751]    __ap=0x00000000
[22:20:47.751]    __traceout=0x00000000   (Trace Disabled)
[22:20:47.751]    __errorcontrol=0x00000000   (Skip Errors="False")
[22:20:47.751]    __FlashAddr=0x00000000
[22:20:47.751]    __FlashLen=0x00000000
[22:20:47.751]    __FlashArg=0x00000000
[22:20:47.751]    __FlashOp=0x00000000
[22:20:47.751]    __Result=0x00000000
[22:20:47.751]    DbgMCU_CR=0x00000007
[22:20:47.751]  </debugvars>
[22:20:47.751]  
[22:20:47.751]  <sequence name="DebugCoreStart" Pname="" disable="false" info="">
[22:20:47.751]    <block atomic="false" info="">
[22:20:47.751]      Write32(0xE000EDF0, 0xA05F0001);                                        // Enable Core Debug via DHCSR
[22:20:47.754]        // -> [Write32(0xE000EDF0, 0xA05F0001)] (__dp=0, __ap=0)
[22:20:47.754]      Write32(0xE0042004, DbgMCU_CR);                                         // DBGMCU_CR: Configure MCU Debug
[22:20:47.757]        // -> [Write32(0xE0042004, 0x00000007)] (__dp=0, __ap=0)
[22:20:47.757]    </block>
[22:20:47.757]  </sequence>
[22:20:47.757]  
[22:22:51.565]  **********  Sequence "DebugDeviceUnlock"  (Context="Connect", Pname="", info="")
[22:22:51.565]  
[22:22:51.566]  <debugvars>
[22:22:51.566]    __protocol=0x00010002   (Protocol="SWD", SWJ-DP="True")
[22:22:51.566]    __connection=0x00000202   (Connection Type="Flash", Reset Type="System Reset")
[22:22:51.566]    __dp=0x00000000
[22:22:51.566]    __ap=0x00000000
[22:22:51.566]    __traceout=0x00000000   (Trace Disabled)
[22:22:51.566]    __errorcontrol=0x00000000   (Skip Errors="False")
[22:22:51.566]    __FlashAddr=0x00000000
[22:22:51.566]    __FlashLen=0x00000000
[22:22:51.566]    __FlashArg=0x00000000
[22:22:51.567]    __FlashOp=0x00000000
[22:22:51.567]    __Result=0x00000000
[22:22:51.567]    DbgMCU_CR=0x00000007
[22:22:51.567]  </debugvars>
[22:22:51.567]  
[22:22:51.567]  <sequence name="DebugDeviceUnlock" Pname="" disable="false" info="">
[22:22:51.567]    <block atomic="false" info="">
[22:22:51.567]      Sequence("CheckID");
[22:22:51.567]        <sequence name="CheckID" Pname="" disable="false" info="">
[22:22:51.567]          <block atomic="false" info="">
[22:22:51.567]            __var pidr1 = 0;
[22:22:51.567]              // -> [pidr1 <= 0x00000000]
[22:22:51.567]            __var pidr2 = 0;
[22:22:51.567]              // -> [pidr2 <= 0x00000000]
[22:22:51.567]            __var jep106id = 0;
[22:22:51.567]              // -> [jep106id <= 0x00000000]
[22:22:51.567]            __var ROMTableBase = 0;
[22:22:51.567]              // -> [ROMTableBase <= 0x00000000]
[22:22:51.567]            __ap = 0;      // AHB-AP
[22:22:51.567]              // -> [__ap <= 0x00000000]
[22:22:51.567]            ROMTableBase = ReadAP(0xF8) & ~0x3;
[22:22:51.569]              // -> [ReadAP(0x000000F8) => 0xE00FF003] (__dp=0, __ap=0)
[22:22:51.569]              // -> [ROMTableBase <= 0xE00FF000]
[22:22:51.569]            pidr1 = Read32(ROMTableBase + 0x0FE4);
[22:22:51.573]              // -> [Read32(0xE00FFFE4) => 0x00000004] (__dp=0, __ap=0)
[22:22:51.574]              // -> [pidr1 <= 0x00000004]
[22:22:51.574]            pidr2 = Read32(ROMTableBase + 0x0FE8);
[22:22:51.575]              // -> [Read32(0xE00FFFE8) => 0x0000000A] (__dp=0, __ap=0)
[22:22:51.575]              // -> [pidr2 <= 0x0000000A]
[22:22:51.575]            jep106id = ((pidr2 & 0x7) << 4 ) | ((pidr1 >> 4) & 0xF);
[22:22:51.575]              // -> [jep106id <= 0x00000020]
[22:22:51.575]          </block>
[22:22:51.576]          <control if="jep106id != 0x20" while="" timeout="0" info="">
[22:22:51.576]            // if-block "jep106id != 0x20"
[22:22:51.576]              // =>  FALSE
[22:22:51.576]            // skip if-block "jep106id != 0x20"
[22:22:51.576]          </control>
[22:22:51.576]        </sequence>
[22:22:51.576]    </block>
[22:22:51.576]  </sequence>
[22:22:51.576]  
[22:22:51.618]  **********  Sequence "DebugCoreStart"  (Context="Connect", Pname="", info="")
[22:22:51.618]  
[22:22:51.618]  <debugvars>
[22:22:51.618]    __protocol=0x00010002   (Protocol="SWD", SWJ-DP="True")
[22:22:51.618]    __connection=0x00000202   (Connection Type="Flash", Reset Type="System Reset")
[22:22:51.618]    __dp=0x00000000
[22:22:51.618]    __ap=0x00000000
[22:22:51.618]    __traceout=0x00000000   (Trace Disabled)
[22:22:51.618]    __errorcontrol=0x00000000   (Skip Errors="False")
[22:22:51.618]    __FlashAddr=0x00000000
[22:22:51.618]    __FlashLen=0x00000000
[22:22:51.618]    __FlashArg=0x00000000
[22:22:51.619]    __FlashOp=0x00000000
[22:22:51.619]    __Result=0x00000000
[22:22:51.619]    DbgMCU_CR=0x00000007
[22:22:51.619]  </debugvars>
[22:22:51.619]  
[22:22:51.619]  <sequence name="DebugCoreStart" Pname="" disable="false" info="">
[22:22:51.619]    <block atomic="false" info="">
[22:22:51.619]      Write32(0xE000EDF0, 0xA05F0001);                                        // Enable Core Debug via DHCSR
[22:22:51.621]        // -> [Write32(0xE000EDF0, 0xA05F0001)] (__dp=0, __ap=0)
[22:22:51.621]      Write32(0xE0042004, DbgMCU_CR);                                         // DBGMCU_CR: Configure MCU Debug
[22:22:51.623]        // -> [Write32(0xE0042004, 0x00000007)] (__dp=0, __ap=0)
[22:22:51.623]    </block>
[22:22:51.623]  </sequence>
[22:22:51.623]  
[22:27:58.611]  **********  Sequence "DebugDeviceUnlock"  (Context="Connect", Pname="", info="")
[22:27:58.611]  
[22:27:58.612]  <debugvars>
[22:27:58.612]    __protocol=0x00010002   (Protocol="SWD", SWJ-DP="True")
[22:27:58.612]    __connection=0x00000201   (Connection Type="Debug", Reset Type="System Reset")
[22:27:58.612]    __dp=0x00000000
[22:27:58.612]    __ap=0x00000000
[22:27:58.612]    __traceout=0x00000000   (Trace Disabled)
[22:27:58.613]    __errorcontrol=0x00000000   (Skip Errors="False")
[22:27:58.613]    __FlashAddr=0x00000000
[22:27:58.613]    __FlashLen=0x00000000
[22:27:58.613]    __FlashArg=0x00000000
[22:27:58.613]    __FlashOp=0x00000000
[22:27:58.613]    __Result=0x00000000
[22:27:58.613]    DbgMCU_CR=0x00000007
[22:27:58.613]  </debugvars>
[22:27:58.613]  
[22:27:58.613]  <sequence name="DebugDeviceUnlock" Pname="" disable="false" info="">
[22:27:58.613]    <block atomic="false" info="">
[22:27:58.613]      Sequence("CheckID");
[22:27:58.613]        <sequence name="CheckID" Pname="" disable="false" info="">
[22:27:58.613]          <block atomic="false" info="">
[22:27:58.613]            __var pidr1 = 0;
[22:27:58.613]              // -> [pidr1 <= 0x00000000]
[22:27:58.613]            __var pidr2 = 0;
[22:27:58.613]              // -> [pidr2 <= 0x00000000]
[22:27:58.613]            __var jep106id = 0;
[22:27:58.613]              // -> [jep106id <= 0x00000000]
[22:27:58.614]            __var ROMTableBase = 0;
[22:27:58.614]              // -> [ROMTableBase <= 0x00000000]
[22:27:58.614]            __ap = 0;      // AHB-AP
[22:27:58.614]              // -> [__ap <= 0x00000000]
[22:27:58.614]            ROMTableBase = ReadAP(0xF8) & ~0x3;
[22:27:58.615]              // -> [ReadAP(0x000000F8) => 0xE00FF003] (__dp=0, __ap=0)
[22:27:58.615]              // -> [ROMTableBase <= 0xE00FF000]
[22:27:58.615]            pidr1 = Read32(ROMTableBase + 0x0FE4);
[22:27:58.619]              // -> [Read32(0xE00FFFE4) => 0x00000004] (__dp=0, __ap=0)
[22:27:58.619]              // -> [pidr1 <= 0x00000004]
[22:27:58.619]            pidr2 = Read32(ROMTableBase + 0x0FE8);
[22:27:58.621]              // -> [Read32(0xE00FFFE8) => 0x0000000A] (__dp=0, __ap=0)
[22:27:58.621]              // -> [pidr2 <= 0x0000000A]
[22:27:58.621]            jep106id = ((pidr2 & 0x7) << 4 ) | ((pidr1 >> 4) & 0xF);
[22:27:58.622]              // -> [jep106id <= 0x00000020]
[22:27:58.622]          </block>
[22:27:58.622]          <control if="jep106id != 0x20" while="" timeout="0" info="">
[22:27:58.622]            // if-block "jep106id != 0x20"
[22:27:58.622]              // =>  FALSE
[22:27:58.622]            // skip if-block "jep106id != 0x20"
[22:27:58.622]          </control>
[22:27:58.622]        </sequence>
[22:27:58.622]    </block>
[22:27:58.622]  </sequence>
[22:27:58.622]  
[22:27:58.665]  **********  Sequence "DebugCoreStart"  (Context="Connect", Pname="", info="")
[22:27:58.665]  
[22:27:58.665]  <debugvars>
[22:27:58.665]    __protocol=0x00010002   (Protocol="SWD", SWJ-DP="True")
[22:27:58.665]    __connection=0x00000201   (Connection Type="Debug", Reset Type="System Reset")
[22:27:58.665]    __dp=0x00000000
[22:27:58.665]    __ap=0x00000000
[22:27:58.665]    __traceout=0x00000000   (Trace Disabled)
[22:27:58.665]    __errorcontrol=0x00000000   (Skip Errors="False")
[22:27:58.665]    __FlashAddr=0x00000000
[22:27:58.665]    __FlashLen=0x00000000
[22:27:58.665]    __FlashArg=0x00000000
[22:27:58.665]    __FlashOp=0x00000000
[22:27:58.665]    __Result=0x00000000
[22:27:58.665]    DbgMCU_CR=0x00000007
[22:27:58.666]  </debugvars>
[22:27:58.666]  
[22:27:58.666]  <sequence name="DebugCoreStart" Pname="" disable="false" info="">
[22:27:58.666]    <block atomic="false" info="">
[22:27:58.666]      Write32(0xE000EDF0, 0xA05F0001);                                        // Enable Core Debug via DHCSR
[22:27:58.668]        // -> [Write32(0xE000EDF0, 0xA05F0001)] (__dp=0, __ap=0)
[22:27:58.668]      Write32(0xE0042004, DbgMCU_CR);                                         // DBGMCU_CR: Configure MCU Debug
[22:27:58.671]        // -> [Write32(0xE0042004, 0x00000007)] (__dp=0, __ap=0)
[22:27:58.671]    </block>
[22:27:58.671]  </sequence>
[22:27:58.671]  
[22:29:29.977]  **********  Sequence "DebugDeviceUnlock"  (Context="Connect", Pname="", info="")
[22:29:29.977]  
[22:29:29.977]  <debugvars>
[22:29:29.978]    __protocol=0x00010002   (Protocol="SWD", SWJ-DP="True")
[22:29:29.978]    __connection=0x00000202   (Connection Type="Flash", Reset Type="System Reset")
[22:29:29.978]    __dp=0x00000000
[22:29:29.978]    __ap=0x00000000
[22:29:29.978]    __traceout=0x00000000   (Trace Disabled)
[22:29:29.978]    __errorcontrol=0x00000000   (Skip Errors="False")
[22:29:29.978]    __FlashAddr=0x00000000
[22:29:29.978]    __FlashLen=0x00000000
[22:29:29.978]    __FlashArg=0x00000000
[22:29:29.978]    __FlashOp=0x00000000
[22:29:29.978]    __Result=0x00000000
[22:29:29.978]    DbgMCU_CR=0x00000007
[22:29:29.978]  </debugvars>
[22:29:29.978]  
[22:29:29.978]  <sequence name="DebugDeviceUnlock" Pname="" disable="false" info="">
[22:29:29.978]    <block atomic="false" info="">
[22:29:29.978]      Sequence("CheckID");
[22:29:29.978]        <sequence name="CheckID" Pname="" disable="false" info="">
[22:29:29.978]          <block atomic="false" info="">
[22:29:29.978]            __var pidr1 = 0;
[22:29:29.978]              // -> [pidr1 <= 0x00000000]
[22:29:29.978]            __var pidr2 = 0;
[22:29:29.978]              // -> [pidr2 <= 0x00000000]
[22:29:29.978]            __var jep106id = 0;
[22:29:29.978]              // -> [jep106id <= 0x00000000]
[22:29:29.978]            __var ROMTableBase = 0;
[22:29:29.978]              // -> [ROMTableBase <= 0x00000000]
[22:29:29.978]            __ap = 0;      // AHB-AP
[22:29:29.978]              // -> [__ap <= 0x00000000]
[22:29:29.978]            ROMTableBase = ReadAP(0xF8) & ~0x3;
[22:29:29.980]              // -> [ReadAP(0x000000F8) => 0xE00FF003] (__dp=0, __ap=0)
[22:29:29.980]              // -> [ROMTableBase <= 0xE00FF000]
[22:29:29.980]            pidr1 = Read32(ROMTableBase + 0x0FE4);
[22:29:29.983]              // -> [Read32(0xE00FFFE4) => 0x00000004] (__dp=0, __ap=0)
[22:29:29.983]              // -> [pidr1 <= 0x00000004]
[22:29:29.983]            pidr2 = Read32(ROMTableBase + 0x0FE8);
[22:29:29.986]              // -> [Read32(0xE00FFFE8) => 0x0000000A] (__dp=0, __ap=0)
[22:29:29.986]              // -> [pidr2 <= 0x0000000A]
[22:29:29.986]            jep106id = ((pidr2 & 0x7) << 4 ) | ((pidr1 >> 4) & 0xF);
[22:29:29.986]              // -> [jep106id <= 0x00000020]
[22:29:29.986]          </block>
[22:29:29.986]          <control if="jep106id != 0x20" while="" timeout="0" info="">
[22:29:29.986]            // if-block "jep106id != 0x20"
[22:29:29.986]              // =>  FALSE
[22:29:29.986]            // skip if-block "jep106id != 0x20"
[22:29:29.986]          </control>
[22:29:29.986]        </sequence>
[22:29:29.986]    </block>
[22:29:29.987]  </sequence>
[22:29:29.987]  
[22:29:30.028]  **********  Sequence "DebugCoreStart"  (Context="Connect", Pname="", info="")
[22:29:30.028]  
[22:29:30.028]  <debugvars>
[22:29:30.028]    __protocol=0x00010002   (Protocol="SWD", SWJ-DP="True")
[22:29:30.028]    __connection=0x00000202   (Connection Type="Flash", Reset Type="System Reset")
[22:29:30.028]    __dp=0x00000000
[22:29:30.028]    __ap=0x00000000
[22:29:30.028]    __traceout=0x00000000   (Trace Disabled)
[22:29:30.028]    __errorcontrol=0x00000000   (Skip Errors="False")
[22:29:30.028]    __FlashAddr=0x00000000
[22:29:30.028]    __FlashLen=0x00000000
[22:29:30.028]    __FlashArg=0x00000000
[22:29:30.028]    __FlashOp=0x00000000
[22:29:30.028]    __Result=0x00000000
[22:29:30.028]    DbgMCU_CR=0x00000007
[22:29:30.028]  </debugvars>
[22:29:30.028]  
[22:29:30.028]  <sequence name="DebugCoreStart" Pname="" disable="false" info="">
[22:29:30.028]    <block atomic="false" info="">
[22:29:30.028]      Write32(0xE000EDF0, 0xA05F0001);                                        // Enable Core Debug via DHCSR
[22:29:30.031]        // -> [Write32(0xE000EDF0, 0xA05F0001)] (__dp=0, __ap=0)
[22:29:30.031]      Write32(0xE0042004, DbgMCU_CR);                                         // DBGMCU_CR: Configure MCU Debug
[22:29:30.033]        // -> [Write32(0xE0042004, 0x00000007)] (__dp=0, __ap=0)
[22:29:30.033]    </block>
[22:29:30.033]  </sequence>
[22:29:30.033]  
